date,Austria,Burundi,Belgium,Burkina Faso,Bahamas,Bolivia,Brazil,Barbados,Botswana,Canada,Switzerland,Chile,Cote d'Ivoire,Cameroon,Colombia,Costa Rica,Cyprus,Germany,Dominica,Denmark,Dominican Republic,Algeria,Ecuador,"Egypt, Arab Rep.",Spain,Ethiopia,Finland,Fiji,France,United Kingdom,Ghana,"Gambia, The",Greece,Grenada,Guatemala,Honduras,Haiti,Hungary,Indonesia,India,Ireland,Iceland,Israel,Italy,Jamaica,Jordan,Japan,Kenya,St. Kitts and Nevis,"Korea, Rep.",St. Lucia,Sri Lanka,Luxembourg,Morocco,Madagascar,Mexico,Malta,Myanmar,Mauritius,Malawi,Malaysia,Niger,Nigeria,Netherlands,Norway,Nepal,Pakistan,Panama,Peru,Philippines,Portugal,Paraguay,Saudi Arabia,Sudan,Senegal,Singapore,Solomon Islands,El Salvador,Suriname,Slovenia,Sweden,Eswatini,Seychelles,Thailand,Trinidad and Tobago,Turkey,"Taiwan, China",Uruguay,United States,Samoa,South Africa,Global Factor
1980-02-01,0.8729433966129907,-1.0050335853501124,0.7530345721596277,-0.43596799298222244,0.8244069775084295,0.37444977672791424,4.513791546776957,-0.20325210249199088,3.546852173192816,1.189078589152226,0.18790316103767246,1.8092758718212254,1.058459840662973,1.6185086052873388,0.9478699900636656,0.47961722634937143,0.7552905995986681,1.2320465428834915,3.376417960320799,1.0236813449135074,-1.0987467558074893,1.2551560582000798,0.4535155162159743,5.781957088882339,0.8895984535282064,-0.08778347308422418,1.4730394813914138,1.3895545490461458,1.056003203378575,1.416720229679047,1.2125332895958074,0.40878953196890055,0.0,2.6252533087400387,0.22962122603511492,1.5686596167699074,1.7679708434124475,-0.1399555875417402,1.4365579780000415,-0.5851474873273643,0.0,3.077167892150362,4.811808970405496,1.7044311675175727,2.272387398779305,2.955880223583085,0.8498601219563362,1.8864615203792567,1.6464503628167204,4.244219905112434,1.9112442366020055,4.976499814365853,0.8181255528912246,1.036278704050897,0.8720985500622225,2.285434833512312,0.9963549711256903,-2.421877697651642,3.7594255754883843,1.2848142488626202,0.22779053130070892,0.840845794943057,0.7299302486846959,1.0126658137725286,1.8416726786231408,-0.0566411790845045,1.0998869092972985,5.18804360034002,3.86558169828195,1.069528910915163,1.842445157942585,2.3034180595956855,16.244988501900437,0.2874155129870104,3.188835336682594,1.6597891409038112,0.907971570868793,1.549084332865669,2.9749984491916237,4.434811075159306,1.5100602472530866,-0.11534026711226275,1.6836906374501748,2.8824491172406486,-0.5228010740101485,12.478069100621436,1.973446329356321,4.302899958165085,1.403974454120993,3.9755377218773535,0.9852370314509029,1.8100002562519109
1980-03-01,0.33743600536628726,0.20181641562375674,0.18282577363479824,2.4546073900630905,0.9261847733107231,1.6462623090097495,5.862830913382311,1.7146158834968617,0.5265941605286928,0.7067190401485846,0.28117600000525655,2.8997212748285595,3.2910575717506774,-0.3893447541316153,1.8692160851774664,3.7563101575648323,0.898882456850103,0.40732499361570973,0.9253205480482585,1.390670842053332,-1.0574059194367547,-0.21528533611037126,3.0242635877141932,1.6713480973742811,0.5368147674368995,7.253849091140596,0.9701080851404864,0.6419095851576628,1.1488443479566346,1.3573142432351304,7.194183064430826,-0.3575993593636362,3.132250634489342,3.265921484265899,-0.45977092601519054,0.6979477723797256,3.3372900139420514,0.9756338336772918,0.3164658572534895,1.1088542792429656,0.0,2.9852982212974775,4.980293827336579,1.0434665798961795,0.7965147368166836,-0.9179639899178138,0.5626055544784236,3.3752579919095527,3.3642316426008456,3.652871786385159,2.246295726092429,5.681647504043275,0.41576687923425837,1.1713164658800679,0.24090592234068398,2.036428640220711,1.1173300604735648,0.1395158211533687,1.4008849785817734,4.371143309041637,0.17050302510939197,0.47732787556493683,-0.46862881962980163,0.8777285042640415,1.4493007302566863,0.8462673918734342,1.3110574442968037,1.329413965325621,3.3628899880319807,1.583146522427925,1.2676496813699867,0.08227067487220907,0.8733679968753627,-0.3285423899805018,-0.2528446353359026,1.0914160180677257,1.8722565611554165,3.4413803031542844,0.08492569512537074,2.9248548297617916,0.5051599980464783,0.747344668398342,0.5258557253509988,1.5813323672834834,0.11641444795502665,3.7025699588795646,0.5438490630938375,1.9505542213681615,1.5094544090157758,1.8753996973321474,0.9756247382458838,1.5288601907654975
1980-04-01,0.43217300828533034,1.2024192966801905,0.127766504498128,-0.534332022045092,1.025096648510626,0.8613317678110022,5.151259376160766,0.8959741371471264,0.1049868852343705,0.7017595512866404,0.4668890776773793,2.503729367446872,3.3176815493287215,2.052500420911496,3.6367587420875163,0.3067487067862168,3.3727537040610933,0.5405387775281323,1.5666116744398995,0.7504798735884055,0.2825615687346461,-0.25895569067317936,1.4012373127038735,3.2611585588760095,0.9612293107343017,-1.619357466753657,1.912401895476279,3.237692873360043,1.2383927072231238,3.3531324612449342,7.7825127194732335,1.473229591714298,3.0371130985218597,1.400801115610717,0.23014969998007562,1.3814494450916648,-0.02690703635270797,0.41521818996141935,0.9434074965727124,0.5209942393336497,7.132478082193039,5.715844878931925,9.714877766704078,1.6018551073613718,1.0896219017282216,1.487441610956619,1.8068431030443755,0.31372574751334925,1.4925650216678132,0.7343987059842405,1.2121360532369785,0.5475935732008663,0.5700479600631247,-0.3889163871541701,-0.0481347778253427,1.7330392727518351,0.5215135672604898,3.029066086671328,0.8524292431896008,-1.5392812901171227,-0.34129725905609476,1.183445764700064,0.5205633827291778,0.993817841460487,0.7168489478612372,1.0061571739871766,1.575597516727134,0.8765578411475516,2.48504090509698,0.9676294330531521,0.670990297160623,1.307208156739048,1.0571938925398428,0.43099091856015903,0.7207238404953298,0.13559324111387383,1.1227062585809744,2.2032714999882907,0.6346541293928087,2.193042424289615,0.6764404433347249,-0.5743841179284503,-0.43802084925985696,1.6238516499730071,1.0416760864083052,3.749477036612525,0.4959433068666641,2.5337438422618597,1.1173313749298863,5.112934652260792,0.966198195580481,1.4698424416838254
1980-05-01,0.47800912991897704,0.2983592466888396,0.29145568928492516,-1.3484562469553651,0.6420567808289146,2.978359337406644,5.546105096293985,0.3956483895073859,-0.21008411088339063,1.1587652560626882,0.6484120159969464,2.2888023547968706,1.7153824160388353,-0.4839206943406005,3.509137264747672,0.3058106358820173,-1.3062595033686453,0.537632657495779,1.797224240443196,1.361410616736558,2.0231685773718144,-1.129955525393389,0.9233675946973108,-0.5361943141383607,0.6905761680096489,0.33149201626350155,1.0988960733505415,0.5295687565907148,0.8171747364183357,0.9160501052548398,5.642592154137871,-1.0136934243386353,1.2738955677396913,1.6098469551020678,2.6093369216671602,0.6079046076383543,-0.5937939174556428,-0.8321676323482796,3.6870457610670204,1.8873942398827115,0.0,4.082230347263883,9.04222172232152,1.016412905236752,3.9565600206335567,-2.065477902506707,0.8230601163119466,0.7411775689260436,1.907614705354721,3.0929261805137997,0.664739233448497,1.3401604536915634,0.6260415785751761,-0.7333203236301156,1.0059965075363997,1.6181222253476513,1.0992674554250126,2.3977251165016256,-0.3720440119233448,4.251652490031466,0.7945558254166762,6.352698028806447,0.5178675478477945,0.24690803801012962,1.0657294473988,1.9824437784953464,-0.07544840647373263,0.5801321556855754,2.356311373515396,1.1782168690938954,-0.10792262804963926,1.6369612812435208,-0.47915760099002114,0.30671734504590376,-0.6484172574460434,-0.4073325387637716,1.0313459136246594,2.0767519532479684,0.5048391033336319,1.5070377298348703,0.31617421978169524,7.862376454834719,2.770740015077644,3.5600331638737437,0.6312789968657917,2.97032110303741,1.8712954156441697,3.4107726509742697,0.9828132577900828,0.5178675478457961,0.9569313625617859,1.3396952146189391
1980-06-01,1.0908429201293313,-0.19880722253866612,0.23617097493318084,0.8381825467606685,0.8497130248659612,5.378238964765991,5.169337767553017,2.051855081969256,2.594852386797153,1.1454915511335262,0.2773002560695126,1.892224365235462,3.532142584455533,0.0,1.7094354552753612,2.711009400947656,0.14598542738779585,0.26774651255441206,0.5076153031859931,0.2455422676472363,2.7711995163480605,0.783634832931468,-0.3683245416307823,1.3351333174863589,1.5399430990984175,-0.9142604201306082,0.3895794870738989,0.5267790943659367,0.7095564111565089,0.9453515390762668,5.917363902841499,0.15271064306578985,2.9108116971289233,0.4552359910460435,1.1135972540610384,0.6042314448431174,-0.0812457729193028,0.8321676323482796,1.4970328339732886,1.0146513434985849,0.0,3.922044990391904,4.514606630288487,0.8948478753336708,3.598271787963207,0.23161562120450618,0.4089968820443879,0.5233077161826305,1.156082240834122,1.2127154621361935,1.168609920773589,1.5411533209815698,0.23205339369889444,0.635854428974314,2.0288499633537347,1.9636554276149631,0.6410278360916788,0.5615925215125772,1.374955558317792,-2.0020688730896907,0.7882923703399047,2.7495947501955165,0.6179216365991058,0.0,1.40353181163837,1.7297728590972117,1.3426679803601793,1.007202759943393,3.168448392411527,0.8020458605239922,1.0419629121710905,1.4795514283633016,0.0,3.6484303062456647,1.292657137429476,0.8130126083250033,0.5509655803120461,1.178795575204128,1.0020960684328895,3.5680702494911287,0.2643717552377467,0.21276603824451623,5.402227442036889,0.2587323564969157,1.476460665411805,3.9320554535497543,2.635456897141708,3.567083124312287,1.0942370683718838,2.3482447053404076,1.886842043815573,1.41155713644443
1980-07-01,0.4236291766784195,0.7928683755507038,1.1725601192435153,-2.7294270760552575,1.3133889872416926,1.4585937216098799,5.397441276895165,0.6747013546595682,1.827462025372717,0.6810490527690671,0.36852350530569566,2.005172415296008,-0.7509422022148993,0.10101010959870926,0.843893324435583,0.8875797913968586,2.0217295103308164,0.13360490452103413,1.7566323717898236,1.822668290721241,-0.34952340323962106,3.9120634758456063,1.73758372539643,2.6179505581769735,1.4030504592568604,-0.5861845117137499,0.6201355570385925,1.7361547195899885,1.404239215789982,0.8245934283313883,1.0931785883318224,3.104906400411833,-1.237141536768216,2.8360109628816854,0.22123902940156537,0.8995562916109145,1.131477588462082,-0.554008263852146,1.1816873839649356,2.0539194698679264,2.857337244405578,2.531782169519581,4.282698564690834,1.7660738324690506,2.2611446390012078,1.092907053225467,0.1359658554739518,0.3280906156418517,0.6444705435505682,0.8003528315873698,1.6342287020677748,1.1173300601245995,0.4217733408534041,1.0186845311867199,2.2171808933279635,2.754101576832335,0.1277139381768322,-0.43738336802048305,0.9409374184181196,0.6048405535880041,1.059982031075224,1.1215070820170592,9.587003798867999,0.8594300731076476,1.039870722089864,1.7530329405089695,4.403664461720114,0.5710222510884932,3.9680002277483695,1.298719552681149,0.9571484018915388,1.069528911677553,0.3835095783943032,2.54605143386053,0.17822139809218207,0.9402352678389292,2.404148363253489,2.3167059281534064,2.096685234291007,2.04088589296072,0.8393857657448045,1.6337649289701384,-0.24301348533137812,-0.5830920310832433,2.5599617206949254,2.1052750317275937,0.7068681033967295,5.4654766675959365,0.0,0.9040744652153432,1.8519185726805665,1.3976838731976033
1980-08-01,0.6554191780975938,1.469894176642761,0.2507501311931559,1.7282010149147542,1.758969303220681,3.2789822822991255,4.8269798280614395,0.3835095783942144,0.6517082513169292,1.1248747769079248,0.6401007364694955,2.177113377826667,-1.391546805988142,0.31248450406069495,0.8368211042365327,0.14716706114552974,0.07145409450157736,0.1334266399596551,1.7263067423782363,0.36055245066584085,0.5601033016992774,2.5526293338948625,-0.7583837349315559,-0.778214044205372,1.1646108178037462,1.390069644700187,1.3052023431583404,0.42936948747032133,0.9911138303816625,0.2237169652690607,2.801986207778251,5.094806715086864,-1.252619204122496,4.179282553953723,0.3309434890353291,-0.29895388558509595,0.24080279194567122,-0.696888172244825,1.1679096866736405,0.7662921113876342,0.0,2.469262563245256,7.926693587582223,1.1962816819625743,1.6795826473045377,-1.2086478063083383,-0.2721168298133847,0.25016851303667487,0.4983990381016934,1.676122257562751,1.3212413506618503,0.5540180372547887,0.33435783343613856,0.7213303697828799,1.316107038751263,2.0507922360449182,0.382166069589962,-2.7808521389518726,5.2697095273447125,1.891544699253489,0.8839836563638848,-1.8762276455572824,1.6651633597106863,0.48779468037052354,0.6872879287761702,3.6706110925015523,0.9221409861397412,0.9915095385149009,4.306437646715544,1.211272379772188,0.9480633244133063,0.6981282394612709,1.1417821471326306,3.042850273571762,0.4264398790015278,0.6662249825419408,2.047853134354005,0.1525553308837857,0.08133388004263331,-0.8113629755614582,0.5623436270354443,0.46936200952130136,2.0867530880170904,1.3552966411202405,0.32912810786003277,3.5276674101606176,2.2581945122762903,2.549558137644059,0.7229050015860494,4.49733656427318,0.0,1.159730728350985
1980-09-01,-0.233577050412892,-0.5853675251459745,0.6241634739399426,-0.16330978044423183,1.3751171612822688,-2.359991534087591,4.143306976569505,0.6676228898741865,1.349092974124222,0.6689008914900096,0.09133731783892429,2.107113082107781,-1.1960843150374156,3.0527643146157413,1.652932707006329,1.3148472843505967,1.699757636155308,0.0,2.29617338867274,0.5384450983874522,0.058013053839039985,0.1218769194128333,1.5710292906365275,2.316705928153273,1.0586190594777278,-2.8565369848459365,1.3636738691954697,-0.1715266286756556,0.8836487383943048,0.6311548587483617,2.865797066185971,2.2701924688352193,2.489760740890712,2.85236728779239,1.4215657654168545,-0.1498127621033074,0.9574541227442612,0.0,0.28986431799000734,1.2462891364225959,0.0,5.9189147222811656,7.016559824027402,1.980290754564118,1.3236460625829514,-0.11587486812163483,1.6216639396936294,1.563723701403541,1.05970613719375,1.8425124861635833,2.0702992326417036,0.8861784502255166,0.08566996689820527,2.414318450311148,3.4998034783294663,1.1044013128342023,0.44402229690905237,-1.1230665128262984,1.0311900857605583,1.2739025777431578,-0.33057881289990654,1.690181080264841,-1.8051867198121685,0.7272805717478903,1.0221554071538463,1.7610518008635,1.1360857449616901,0.42194155497554675,7.528539199626039,1.2667305200765977,0.16761976856383143,0.15447994833235335,-0.4741592572583109,1.771264019150287,0.3186407365871613,-0.13289038500552408,1.9331457010943742,0.9859768916289813,1.492866135336568,3.0092402555347064,2.8043010061213014,2.5681945632340053,2.432446331931448,0.12812301560494177,0.7637789453602828,3.745158014981609,3.7879439063268627,2.0532673697425174,0.8368038640962361,0.7619084476442328,2.715099262813059,1.2681610134856216
1980-10-01,0.3268787706883103,-0.09789525989862824,0.9201994946225422,2.1558366585109123,0.6554094547922329,1.3200880430602524,9.057665703983275,1.1342276603936163,1.0000083334750887,0.8849363754388939,-0.18275813700769916,2.8818810358566704,6.66983057326056,-0.7053320777408612,1.6260248615795052,1.1544139746865898,0.7695036228821284,0.13322843965886122,0.7142887512380902,0.6541678676977192,1.603716367193564,2.4068550520520926,1.0615139196511247,0.5076153031861264,0.7985048747633172,-1.056699822901308,0.9734235399405211,1.6177449435705427,1.069508824717058,0.6271962659830876,4.89791549040004,-2.1765156469961022,2.8284744821580166,0.6153865574378248,0.0,0.9697949942291118,0.606942092781293,0.41872880374869137,1.721714447800915,0.9646395740950942,3.1198370855861413,3.390132221504305,10.436499398737542,1.681571259505743,2.178593723630119,-0.34843240884270266,0.2677454518894784,2.2451831768969033,0.1404494619927643,2.748095832838704,3.124636244621648,0.9085465282860472,0.7587424593915149,1.715785194247177,1.2975960613192616,1.5033072010829596,0.5680040509410844,-1.5855924332370153,1.1173300598120939,-0.880201282791393,0.5503591216978077,1.662088123608374,0.8835212093196043,0.48193872638031543,0.6756782462879585,0.6462861167929379,0.411666561297519,0.2803085220117296,3.780327846685516,1.0434877292579081,0.9064875314636733,1.5571469701186058,0.6631952303751909,0.21921821037071965,0.5639775262402669,0.530505222969424,0.8067517169865646,0.8267615676267548,0.5591068877812688,4.2559594330937145,1.4116095094645509,0.757770738923802,-1.9570096194098774,1.2722817927968144,2.892542313770674,4.511457552072606,1.7526837824229702,4.031365337448989,0.9478786545205953,3.1748698314579826,1.7699515792411358,1.4042534886975555
1980-11-01,0.046606516659597474,0.8776263059017575,1.0164904132399677,-3.776083554511178,0.6012042156626318,1.1526960586769164,6.460027872211782,1.1215070820138173,0.9901070982875737,1.3129335077115112,0.9088849996133241,2.594447114787002,-0.2818037293660147,3.211728944062253,2.390570766588061,1.7070115771604124,0.6944472352810038,0.6635940402809126,0.5913677790048144,0.9439875679952525,2.1525937903981776,0.8288975818955935,0.8278192969439768,-2.8243212313393995,1.0158949162489161,-0.8071534161355309,0.8902241843014025,0.7572606654027592,0.6747291822329249,0.8058660997821043,10.60050388998679,-0.3282535186619695,3.5228678409336966,1.1521645584343432,1.4016401984392912,0.7396483424503719,1.0989121575619487,-0.139370370705727,2.1112546286796707,1.2192023945853947,0.0,1.1049606365673315,8.962281855360477,2.0629860275661382,1.5637784756884856,-0.5834322267293857,0.1335912621615698,0.24022925717326338,0.9776614177666065,0.558593537304386,1.1999369823920247,2.1474132660063594,0.9260181237158882,0.3213222870229071,6.206447049815845,1.7199975832999481,0.9395621889802808,-0.2708360636216378,0.14482261715440536,3.5700848809521846,1.3627902379339307,-0.893567049427002,1.7894489872002484,0.12011737590986726,0.671143458798662,0.04954173992857136,1.156227534572274,0.6278360351170242,4.114927320643247,1.1696039763190225,0.6101135236489252,-1.8921556586476762,0.28288562004776807,0.18231545615154943,-0.03515556408175691,0.26420094628365476,0.6552626285202701,0.44809634350351235,-1.3229296968498172,2.8013135779099585,0.6125378481599775,1.150875850130495,-0.9531446273533639,1.3187004275712955,1.259198169742115,1.4586206660050394,0.13810794342781207,1.3818804787054884,0.8220904409491414,1.0059526987733047,0.8733744652070996,1.121795201275537
1980-12-01,0.8352705944647099,-0.29168712951237463,0.31336375140913475,7.208884919227199,0.5976113398378224,3.607235800959252,6.404666304432638,3.650040221952766,0.6546668226420582,0.4338415891842029,0.3603066581157499,1.916308669979494,-4.641443573730397,-1.3417874300632349,1.5625437617421474,1.6783610752820879,0.9641947969401432,0.7905032627175679,1.8692133012153445,0.41019161744220156,-0.17470915377347795,-1.0272709855720707,0.8210226743189164,0.778214044205372,1.3881739019783623,-0.7553783741766296,0.735819835065854,1.0837955189306747,0.956002774139808,0.5457456115995019,7.787155542133917,0.42184266915292756,3.4029736013537315,2.1993555621205196,0.32068440095807116,0.6610380288547546,-0.7050557996683082,0.8333234136475687,0.27817296458581,-0.6872933162334727,0.0,4.301786506845351,5.81028189128765,-0.2215587528941132,0.5368716514370881,3.0541123386383706,-0.26737437859924995,0.6072334419240599,0.554401975106833,3.1113313548393418,1.6409450442766982,0.9398013370580438,1.0667019274817502,0.1373941136677992,1.1644379718511955,2.589004359416336,2.5847592810714914,0.3445733169730403,1.3416588409285168,2.1566705549501575,0.8088477637769653,2.1416331720496284,-0.18206650409401393,0.11997326715231793,0.6666691358189425,-0.9955283812486115,-0.46967553541250595,0.899971460325677,2.73706732306902,1.156082239431555,2.6952954064818346,0.2835418837387804,0.4697049499869266,0.21834069845771964,0.07029877266675477,0.0,0.7230689493198605,1.4793169177831356,0.6436064050893364,5.0279862184387625,0.42846627508743573,2.844723457036058,-0.48000092080497936,-0.8142857389038305,1.088939979933512,3.9176667098471007,-0.1183665555441582,0.8113189997905224,0.9313262941609945,1.5350188537635034,1.7241746641775801,1.183099430829632
1981-01-01,1.5134489336776191,3.8209041373194585,0.8481339070410598,-12.437348401162751,0.9881503330044783,11.725935943744581,6.613744009357347,1.33513331748647,3.6833627404499802,1.503792643089863,0.988480981236961,1.6161536477469873,2.74902775436332,2.731552176116603,2.2989690994233354,4.872411615249988,1.1542340931679718,0.9144511129969057,0.6920442844572161,0.6649705089508018,1.4029956491027284,6.941639841371172,1.7025137612089125,1.792621626815194,2.011645208661772,-0.17513139327376415,0.8759285002691186,1.9705071087623427,1.1353145537244203,0.6149449525482797,12.372579786770155,-0.51582763800746,2.56893464817467,0.2633312910762964,3.7700799937304907,1.6697302623727595,3.0358766120044622,2.593989378410244,1.3793309952473631,0.6872933162334727,5.962030316216671,8.085211411627446,7.049295144967349,1.850191290550418,0.8155628639947361,7.224146724462344,1.0652477557479223,-0.14686986300775917,0.4825931455100463,1.6069350643163283,0.3212095351261546,1.046825494405046,0.7512907423866455,1.2733232516840332,1.8980403718602101,3.1709885003111005,2.6380426686178904,0.6489951145229211,1.2811338651289805,2.744911583853682,1.7033876078662136,0.28383453425009364,3.7554703732025185,0.9546602391869996,2.9462032730316334,-1.7154810192037573,-0.03766951262544893,0.8236148135993382,11.079655414196132,2.206709403543927,2.9563621815707375,5.0443512573373095,-0.18761731582275232,2.4595082315481243,-0.5637788008999944,0.39499722193152564,1.1461443519089176,1.3853666699833456,3.4676445166605507,9.515100545354116,1.8451147139079804,2.1999930801967382,4.392863143713344,2.0542272294154174,2.5962262481038056,3.501362335649816,4.421142747388673,2.158003115707796,0.8078589699498373,0.1790510764841713,0.0,2.262849043102639
1981-02-01,0.5899613042240848,1.1183713956381736,0.8751550743776981,4.728878762596889,1.2216130419346438,1.8918943843933889,6.204829973989945,1.0554187678688098,2.4845998602256225,1.0604587408918231,0.9772581786323009,0.30722184659697227,0.0,1.1760449153665142,2.9853181652284984,2.3499775915896715,0.8307420569856117,0.777191581531067,1.2564414287548953,1.0431656287400948,-0.35929009907339493,4.208092755578563,2.852808362257786,0.7585371389257745,0.5060309002171248,3.5302848104069806,0.5216335729435251,0.5674924026021877,0.9363350216021971,0.8975289696593336,9.652789925609717,-0.28248606402700993,1.0811024288056137,2.595862825613793,0.2053388822120361,1.5714609098584242,3.3491502297152698,0.4034904783500437,0.6825850231690689,1.7237218003991028,0.0,0.9661707244927986,5.359526708106888,1.9065616756086534,-0.7525905700375001,1.623497298113863,-0.1325289101751892,0.9508208403518514,1.2982758369252778,0.7951998581693154,1.3304796657157336,2.513699904749589,0.5770814070066521,1.8800911890245242,1.6702660582562756,2.4266187094038827,1.29337487845671,-0.14657386321902388,0.6920442844581931,4.327385989547327,1.1310205391583672,-0.8279478085181147,1.78304354190576,0.47392370188021893,0.963089306096121,1.665443490013363,1.074271775965352,0.47732787594938486,4.5898009021774655,0.7905179500552695,1.3643673146640278,4.825392737318534,-0.18796998015764288,1.5485088593714558,0.21178970112076811,1.3055015701644024,1.6249032898201898,1.5804926693168575,-0.2714758308748788,1.8927998960347914,1.88493689228304,1.4557664936665216,2.575899998477249,1.1638722503944265,-0.25157245972455833,1.4211384104695135,1.685433155498206,2.511534151983996,1.0291696264419503,0.9790910434704703,1.6949500530879513,1.528367426119331
1981-03-01,0.766288838200424,0.646653523574714,0.647153656247923,6.932670557469711,0.38778526588347795,-0.2771510662681109,4.852024417010625,0.4364913084704547,1.219527309381796,1.257882225960083,0.616407362830973,0.7986039622816632,1.2655812931372967,-1.5334568835009943,2.1818321148390774,1.7903291492524138,0.9264090949552273,0.7712174934840554,1.016383679000743,1.9617459895890033,-1.1416761659831964,-0.8920665758378243,2.8496344829617826,1.5000281259492265,1.971933753984878,6.416831725694738,1.035227756728041,0.4838719110177969,0.9276490557447392,1.4899079699850937,8.503058997562318,-0.4725906716383621,2.127744559265987,1.2730916694039252,0.918842605440573,0.7765658517459473,2.4402476121751837,1.99345035256564,0.677957369853166,0.4650049812840784,0.0,2.843774695575707,4.682342242384374,1.4285867925809548,-0.3468393828570171,0.25940351770437076,0.26489540639449416,1.660388262142587,0.33886850455440154,1.9179347616834264,1.5698909543045314,2.0383226986248504,0.7586018820600504,0.5307398570751687,3.8909535194170397,2.1165469949870452,1.392133851284827,-0.8593227439279483,0.5730674708976036,0.34512544956010194,0.8399489419977701,1.5468212509251344,1.3273583875461403,0.7067212485956542,1.898791224469143,0.34973805371749656,-0.23634791447531,0.6103782931256241,6.246756285228905,0.26212334798896286,1.2321722088944664,-1.1257154522305024,1.4939586916186798,0.47034317106682266,0.8776605398125525,0.2590675024090494,0.9762978515744924,0.7809766354057945,0.9661910911738403,2.6215920162808715,0.5385917248068584,0.4651171175727109,1.0416760850853635,2.8221626789505905,0.301811093787796,0.6732734990393396,0.4446922280938015,2.2554678616154344,0.6802575481883011,0.6181035131490376,0.0,1.289675781533689
1981-04-01,0.6266898459650783,3.617030820575473,-0.05095304476339102,-5.880903319698794,1.5362760134100206,0.09510977969870993,6.261848929845826,0.8673081253425696,0.3025720916535857,0.6230569403843589,-0.17464588845799156,1.2150999875219837,1.9285451064813053,2.5122273934239825,2.8370919138614337,3.119404515666627,0.7146533734151195,0.5108538690061781,0.6718950248746136,1.1039801465412058,1.1347540741240725,-0.03584871879240836,1.3574869091069974,4.131814933072975,0.9897866112440479,-1.7071633593728208,0.9225925844360994,0.16077173961441815,1.375547870831273,2.846426534386115,6.5807140852453205,0.14201185818687456,2.0833973062688305,1.0695289116749773,0.20304575402392278,0.4210532529339339,0.6230549750634085,-1.5915492507539097,0.9415185677974058,1.636020645436842,3.7859411043422497,4.567025457847351,10.124082124207767,1.3210440744159335,1.1618909168236213,-3.4258949821015516,0.7905147792587996,0.0,1.6107730822696453,0.8590606564303105,0.38408826276485897,1.1814947165027734,0.6249468771250655,0.264317334061559,5.689078921647672,2.2301986973182863,0.23014969940393648,1.2821735467854145,0.22831060145755977,-7.232066157101357,0.4636076917478693,3.048478915033126,2.9752875577221283,0.8182413129882882,0.6250020345171414,0.6958278567215093,1.4036402965670103,0.47217625669357943,3.9315131462005937,0.457069030137669,2.521614131986105,0.8220833144858775,0.18518523810717724,4.900531224857385,0.3140815707051825,1.7949199829982554,3.2095619393736285,1.6135039622505731,0.23050336752152845,1.5106017689147322,0.5990762596098875,0.09276438513154961,-0.22230464879613443,1.060080599255997,1.0492227160458611,0.5591217279377503,0.387490105655397,1.944029203876152,0.6756878948718459,0.26373641661057157,0.8368312099467312,1.2158066273891333
1981-05-01,-0.08930307263192994,0.4430667416483791,-0.08494730498038727,11.753826757567243,0.9955047850189302,2.1861791339325976,5.410509938532826,0.602670786686188,0.4521484718845281,0.8247495257640569,0.8762011110054146,1.3150656067063116,2.145540426111081,-1.0066114455581587,2.0762149972233495,4.562616082678055,0.0,0.5082574107408977,0.0,1.6334233741339688,0.020764838973941213,-1.1539976603690771,2.0022915875106406,-2.898753687325173,0.4646453553218244,2.9164315128530127,1.1162040567619158,0.720291228608172,0.9066230925858676,0.6481192244149447,5.572506772294128,-0.8074135523533421,1.0256444989559022,0.1250781901652509,2.4049255242811762,1.044941587441528,-2.1525494795339384,-0.26773303959743977,0.1337727536059763,1.4099013768158697,0.0,0.8888761514013299,3.2941824263149844,1.5625062432221615,0.28059254574998094,2.3842188962761135,0.9144420021150346,1.0150563513557032,0.9937147024450699,2.1991215413071252,0.2188184686032546,1.2216793725100983,0.7566689873000687,0.6140370174635201,1.7005441896015494,1.501250467805182,-0.11500863889915003,0.8041584563289406,1.2464750608718322,2.4692612590370033,0.7373305293750576,3.438943925382043,0.9042396174357537,0.46458663463195826,0.31104224143923,0.34610664958081294,0.12886204403459445,0.20168074063198205,4.273990238457337,0.6493529310549473,0.5261905439011727,-0.28109646079955697,-0.3707140482818616,2.53260819862664,0.13927578818209163,0.8855212829733006,1.6661498395430074,0.9005949335596508,0.5739445638615948,3.39014419544279,0.6045004959327471,5.2822027916919145,0.22230464879613443,0.6423379743942359,0.3473087088248228,2.719275653986042,-0.387490105655397,1.926562192318526,0.7825707778816415,0.6126933827558023,0.829868451302529,1.1734977183510535
1981-06-01,0.6233415767129546,0.2649008171577538,0.5593664672081999,7.200749877511425,0.32964475341792365,0.139416024440564,5.371010205487181,1.5332497978584936,1.047129986729578,1.6293689889097074,0.6951851968460154,0.09365654963118253,-4.0132521130948895,-1.2421359798745257,2.7028873889252014,3.0060066805801964,1.0121543898105934,0.37951945998835335,-0.4474280394922481,0.9852370026459667,1.3610328317872844,-5.05872077003906,0.439561146572931,3.373813963185013,0.0869338102615913,-1.0243031119753887,1.2036195763044155,0.8733679976729913,0.987889849448198,0.5763738677677654,5.301200005509976,0.6654016941664675,2.353052669736333,0.24968801985845168,-0.09905894816946148,0.414938354683958,-1.9222559838008246,0.13395612099755816,0.4002692023417298,1.3902856699399502,0.0,5.173570303027708,2.6974634948618625,1.1134976173043931,0.21769562321657318,-0.1571915440255367,0.12995826660260335,2.1905721284187107,0.3290559073098276,2.7224630287837392,1.032898555526307,1.1802712121851355,1.0196448230558985,3.269108315989344,0.17190996153977345,1.3877477337588484,0.1724633942863818,0.34152352539968955,0.5614837884396096,-0.36199134642007635,0.7319337342272636,6.833733820331478,1.5025663400376366,0.23147627452706487,1.23458358222992,1.1288463430322526,1.5576828484835659,0.13422820807376112,3.080592460481313,0.9020679719516256,0.6882417045407596,0.2343018878821268,-0.3720934525691,8.160526612718044,-0.03480076596766857,1.251580793183038,0.6587639106848009,1.437888518681718,-0.19094907463190758,1.1527499092907512,0.36813780796105533,1.527413504408437,-0.37078277555520067,0.5803846819834035,0.5433453727962334,3.8646969060831537,0.956769028072646,2.7690342542951107,0.8869275612783056,1.3865040145899954,0.8230561000017511,1.1036110754946553
1981-07-01,0.6194800873431827,3.210687931001921,1.6096886811529654,-0.9613257830417332,0.5158276380075932,1.4293642262851236,6.0678445696211725,0.2532715579286027,1.0362787035546717,0.8048104137678536,0.5178753814648829,0.616917525573446,-1.4703144188312312,1.4275959736854027,1.9801970331445373,5.861268364194489,1.101663621657245,0.6293298632013666,2.6550232094121995,0.7104739443312358,-0.25293105735809673,3.0806342953041854,0.21905813798337448,-0.9523881511254606,1.9399891408217407,0.9197279390467994,0.2986677223407508,1.0224233768035607,1.6836807458042724,0.43853439222791835,2.2973906921878395,2.155659854557257,-1.0016724067124283,1.177577908813321,0.4943163797517691,0.8247469430074483,1.6498999380033075,0.5340372386655412,1.1912835353814932,1.8080168876634106,5.423015406086007,2.489774020097002,5.8854590922222005,0.5944856213171867,1.724711677365285,1.4575999863461142,-0.2600728548003417,0.5703930424456827,0.8505121599668097,0.9738640425297262,0.30600329808989635,0.39920212695381263,0.5017762394376568,0.16913323313083595,-0.7932443732933558,1.7460787114890852,0.05742176500005414,0.3363635894713446,1.775851331218048,-0.819303627164869,0.9977407031997565,13.392316540160598,2.6254491291686333,0.9206039848868919,1.5220994010355593,2.7438544455161917,3.8493620319575594,0.13404827744603054,3.6602578977680267,1.7170533137125243,2.599709247187576,-1.5566352053541177,0.5576222627437843,9.740329018263516,1.7253706132014823,1.4815085785140347,1.56354976844717,0.812462153649407,0.03821899530587203,0.14315514728995282,0.9099922518069015,1.1197360752834618,0.37078277555520067,-0.057887121153799015,1.806248764593077,1.3615330896495692,0.38380747105772883,3.0320844595345786,1.097704035285263,3.799528368567451,2.429269827227021,1.499500140945473
1981-08-01,0.5717965661347968,1.8613058500198898,0.4812243809978245,0.0,0.7455766131376773,5.817100779794515,5.350040935925193,0.16849203649176303,0.4408530284766954,0.7984100569518038,1.5405975709322561,1.2123073793629757,5.1519559674382265,2.813484807151978,1.2987298904453355,1.5983291774817665,0.6947918758905658,0.2506156489926692,0.3269757681555241,0.3533529947073344,0.0684228565865308,1.9780864747348748,0.5092772011327185,-0.4796172263493492,1.2112003804208182,-0.9725401927174193,0.29775267499871916,0.7794271726882407,1.2227255207621912,0.7377640598588808,3.106318706060174,2.5178716253068556,-1.0118074887348616,2.1335768180650305,0.19704439774572702,0.3416470695918994,0.0,-0.1332421766857106,0.5249309579841377,1.5377453540072583,0.0,0.8163139595489532,3.829110062415575,0.9271151838250002,0.7604599385216293,-1.4051753460889937,-0.3913883271301266,0.051692945064218954,0.9079180389115926,1.0438298624907638,0.394619346717473,0.3446907824812273,0.34974648766135097,1.5510686136958274,1.6824431189362277,2.039799797691888,0.17206772240800916,0.8795901568429021,1.0941028178209855,1.361800436856564,0.540055317999899,0.13699972785738979,0.8989702909806829,0.2288278163806723,0.0,3.636764417103633,1.7506925680244034,0.26755868871362054,3.5650080834130904,0.5031457155398655,2.5772087043415493,0.7341655237739553,0.37002817428541945,5.94415796791159,4.023338478586114,1.339034005958517,0.5157974040267854,0.5379972626806229,1.5545336743045368,0.0,0.7520335345454043,-1.2931214672253555,-0.22230464879613443,0.4045079188043754,0.9150075874150954,0.826194489132881,0.9802220434774966,3.38494787624688,0.761293430650678,4.535190124503741,1.5873466948097992,1.1451421155831185
1981-09-01,0.21906764783836685,-3.237079914202168,0.9227339186350214,-9.32194506194084,0.5093782724900908,-0.49072769330322785,5.123368142602658,1.4208346002166472,0.7304634378887176,0.7920859298992777,0.08498203799707227,0.9199348026095899,2.9835722806998977,1.0126895704200667,0.643094102509173,2.402204283888598,0.49334091180046613,0.4993739749963755,0.7588112290492166,0.8779708043356926,0.7495776146121513,-0.2542220363179526,0.8670574558390598,0.7185659660875254,0.7916504494053012,1.8320323961215745,1.0842961702514753,0.6963277659905565,1.1221483998720139,0.5663882395243292,3.589883271030647,0.9000960858976281,3.9872327369161242,-0.12070007500351032,0.0,-0.06823609886064119,1.4440684145832883,0.1332421766857106,-0.13096939121457485,0.4282735652789693,0.0,3.984609602709721,7.825194713536954,1.416103951587866,0.27235604640173106,2.6888900221573753,1.4276585921111362,1.1135018690151544,-0.3880988053734047,1.2683049238527477,0.5356199200513778,1.6017146939385718,0.8567049868728027,0.8285051534140386,0.9488380233207083,1.8433163117715257,0.3432497643613086,0.5414070013138872,0.108754768739594,-2.742402209248418,0.17937224540287566,0.31243923073240865,0.038902937273410654,0.9101305846486607,0.9022617599637073,1.3642776403856693,0.14261675596869416,0.5329792763347996,2.9812959952819185,0.4381853646582279,1.5167189418733518,0.6116227017450737,0.0,-13.974287556933174,0.9810412233544064,-0.24213086890112478,0.0,0.6018072325562951,0.7122804247162051,1.5614306939673028,0.7201812129505214,-0.3912197995640021,-0.44609739332091003,1.0897727580808425,1.1439590914185338,4.658802260563277,1.1851458522547986,2.1155240035081846,0.9703334689476595,-0.1584786385580017,2.334736663097603,0.6917439536051897
1981-10-01,0.6108091695169904,2.056627758147589,0.3928624407036452,0.47853006590923286,0.18458703856736314,0.6920941763043587,4.95280047103499,0.66170630192941,0.869570695312305,0.9813653140698708,-0.3403455941104916,0.3182425232782782,-0.6468820120375973,4.498274255141244,1.273912524190604,6.878645183506962,0.7843177470866713,0.4969116118974881,0.2157498140022529,0.5231111488855689,0.9459530004313543,1.873253623633464,1.002155845389563,0.7134394113872844,1.118523431654861,-1.2788899347972116,1.2664627514186844,0.38476384520738094,1.2793447442632555,0.8930090858028539,5.9608527414083845,-0.9905528989403445,2.5724900331449474,0.6020487781582595,-0.2957123889774316,0.06823609886064119,3.1748698323543545,0.2659529288901119,1.1726363597364786,0.8981398971928289,5.699548104936403,2.3166903660154947,8.632229632396271,1.722031814051439,0.4221960433000646,1.468752662437911,0.38585102511135005,0.9326053181190286,1.4157250617575112,-0.23761700391120577,1.273902577037589,1.8069670792203008,0.2675191569321278,0.8626054723891219,1.1735256218425971,2.1945060546980866,0.6262474215985137,0.05516154631612924,1.8309612195336111,3.5506688457232483,0.08956561279451769,-18.423408835641595,-0.23364496571295357,0.9019218617829061,0.298953884836628,0.7649081163976224,0.5174140902304725,0.7282389012743806,4.264211926283856,0.49844339956988115,1.670856659684583,1.9968158239396239,-0.2773926882725597,-6.0405379664055125,0.5840380001648882,0.36297680505787966,-0.45117704701227446,0.5982071677548939,0.29839634226123124,4.00330132141784,0.6454991107313734,0.9104766997270808,-1.5015297119995274,0.795458740416688,2.1566705554147525,2.331066220806388,-0.5549105799238063,2.016418667142128,0.21438233972164156,-0.6364381068904468,0.7662762942578061,0.9143451041634334
1981-11-01,-0.1305692711547568,-2.056627758147589,0.9916115374678292,1.3228696592404,0.7807157909645479,-0.13659731086175242,5.13733279579931,3.3241812248817393,1.0050335867931803,0.7782165353734438,0.5933952203821313,0.18136426497987745,1.2707615295166619,0.9924166441912963,1.8809476520754764,6.254955022601933,1.4542185490151738,0.49443570376115353,0.10770060276370508,1.210038459430729,2.3921406428442205,-0.03569516368440162,1.7649593344235992,1.6451604892005145,0.863177526552894,0.41939773139305636,0.0,0.7651146735515812,0.8438855083721997,1.048154948541935,3.430236513435858,1.1696039758719357,2.1978932270767304,0.3594970917858653,0.9823261703039821,1.4223064020380427,-4.618938246937643,1.1881435946611507,-0.3893598581263147,0.42262943750381865,0.0,3.0077469750602326,5.641995038110048,1.7728334728927209,0.0,1.2987195531839912,-0.12845586445182633,1.4909397545141312,0.06387735701083308,-0.8721595378029967,0.14054816157624828,1.6994701983551908,0.6227889556857047,0.5302888212940893,4.6565469144134175,1.9062428334516213,0.7350895413392067,0.952630839117774,1.483078029645002,0.9790910434704592,0.17889092427241238,10.197927828618392,0.2725327752641227,0.3361467273088614,0.29806281381379307,0.3579422166241297,0.779576877193211,0.06594131528121494,3.6943515191797616,0.8047087689190491,1.1623558042865412,1.0291686036546066,0.0,-2.0075956569526987,0.7734489092671826,0.24125464053845747,0.0,0.26472550205054457,0.07446016725243254,1.47753584251209,0.3731872727742669,0.9022617595356941,-0.9882254509369748,0.5080451226787908,-0.13924346645337593,2.0991404992568796,-0.6663689673944262,1.603877552819677,0.32067627612835103,5.133319782164358,0.7604655969743135,1.0683173415536376
1981-12-01,0.3044186994677123,-1.307208156735351,0.6289063293923647,2.5218621314959666,0.4108656777361386,-0.6568286633431342,5.756568016329311,-0.07977662967983967,0.2853068982405116,0.3868489089483784,0.0,0.5171861201333616,-3.881370967690545,-0.03376667261529853,1.2345929241490028,7.410797215371639,0.671465352570344,0.2462946863439619,0.5367699415003813,0.5141460306920198,0.784830713270146,-4.229576831714299,0.3492843229722986,-1.172346369605859,1.5029564109956706,0.6518078089194912,0.19342271285478496,0.8349194603362253,0.586513282192902,0.6171710005101083,3.0581128039384398,0.9790910434660294,2.1506229685636313,0.29859681785593395,-0.48995688412065697,0.26863682978754966,4.705706147392541,1.1741611711252542,0.5188241161413254,-0.42262943750381865,0.0,5.05524532205035,5.034278743591458,1.0329808947033392,0.12030076638928494,2.4026652215825006,0.12845586445182633,7.832728767917341,0.31877617048925444,0.5552447188645893,1.5331310741575788,1.745244995127071,0.6473173729687254,0.6488262826477964,1.233217210020432,2.656144747106115,0.5617992304220998,0.27274515290955925,1.7718024731371074,3.9935862437454728,0.5347606326594256,1.2621118313241197,0.11657277403270827,0.11179174527033986,0.2971770389157413,-1.077693411505365,-1.0066819546493022,0.26333129041846703,3.2681667416445848,0.9205342695777663,2.43931843395786,1.6473350067574555,0.4618945856295298,-0.7793280008249859,1.5923903356724889,0.7202912294056674,2.739897418828896,0.46159000519669924,-0.07446016725243254,3.27897231457559,-0.5036946820592192,1.1904902506374437,0.7610386807474168,0.5614837884360568,0.46339285887144754,1.1357866227267976,-0.14466548635096999,0.026264446252088902,0.3196512295931875,0.755290599599201,0.7547097883697784,0.9655982131695057
1982-01-01,1.2513583120610683,1.8253440309350388,0.9598399416526959,-0.15306076487924258,0.13658094497457363,2.5029910799618804,6.733089896104971,0.1594896669814272,0.42643987864585675,0.7692369963257839,0.5070830503211887,0.69370449015691,7.381404181505635,1.1166733726027278,1.8237723457804667,9.378112751864737,-0.09564802163946062,0.8573322222661162,-1.94600735547108,0.6814253804444448,-0.1955378957779308,6.111974807046683,1.1785231724702694,2.7908788117075867,2.0506314680846405,3.498377944132125,1.8191058316126885,0.45248945983242805,1.080189321149927,0.5812176275837189,-3.3825096153700773,2.3200865564875883,1.508316008254118,0.7722046093912471,-1.2852376607468408,1.7946643197544132,0.7775417151470787,2.0540130711516724,4.551987026253257,-0.23558118187492205,2.1918685707646546,2.0906543541735934,7.991170417405713,1.4129111338260891,0.599342519285613,-1.71027867757223,0.0,0.5060972385082962,1.1266655035357953,0.4761738341278132,0.034572170266677915,0.3946724412648761,1.3503063493507383,2.3568097049336156,0.9695150218157034,4.849196651306897,1.666705248521172,-2.091764558922571,1.3340372288928037,-1.1125489166402436,1.1489300038968864,0.020900825867808948,0.19398648178263755,0.6681581314066598,3.211954942211248,-1.501051608621795,-0.03948892665555093,0.6553103398435844,4.4143904488151975,2.1155216273511357,1.960324724421536,-2.1711728724527646,-0.3693448335352123,7.917029490738603,2.588636670021227,1.189074652152211,1.0628421401192023,1.0471299867294892,3.6567145418418434,2.1698273633869114,2.170272288221886,0.925542997419937,-1.067083295293969,-0.2803478146798266,2.104377746715036,4.707544407266795,0.6493529310548141,1.050529789250687,0.31863271533620896,0.07521625100772589,0.0,1.4096957821686877
1982-02-01,0.38519151373255234,-0.5181358741996878,0.23853297908948967,1.4888612448693994,0.6349227683205783,14.894104389631924,6.425724956428525,0.07964954622603493,0.4246290867326419,1.1428491932697682,0.1684633898011434,-0.7939380524607964,-3.330557606167117,2.457652971521407,2.3810101383999305,3.3110624335978445,0.9523881511255716,0.12188088121161123,1.7316450011460205,0.5924799970914219,0.6645502642337653,-0.20533888118430266,0.823614813599427,2.2676708671030665,0.7759514083021557,-3.8107155223593647,0.473247095492102,0.7496286977986433,0.9868396632391807,0.0321956919015598,-9.854553023827716,2.098128774960273,0.0,0.4722558954173284,0.2980628128218532,1.892389261749039,0.25784285879431046,-0.509576887337948,0.6161345412084795,-0.18885497153147135,0.0,2.0478395793413595,5.540808733747404,1.4700341935490968,0.5066319881528905,0.04927322149486102,-0.12845586445182633,1.034859334369731,0.47094369795561697,0.4715733945569678,0.37950709616567657,0.29498546464272746,0.960261307784327,1.6445163100109905,8.52721332520826,3.8542609425740615,0.33003330231666794,0.15483874061362757,1.718081674626859,0.8569032725102121,0.5258557253513985,0.3129893008926743,0.5797117684325559,0.4429584558491406,0.5730674708984917,-0.18348629047033604,-0.28709870787970715,0.5211738181227332,3.76671502394057,0.7151401151686887,2.707851446603371,0.4217635944204323,0.46146828546733687,0.8226871730034446,3.983628719857535,-0.5927699633274663,1.4815085791359595,0.5842275624228455,-0.25166290470957087,2.1237590920683225,1.4042874537786965,1.6611677666966251,0.0,0.4481800219082288,2.2382313047989655,2.2514392635414104,-0.3241493924170946,0.5239248872579427,0.31764572576742367,2.9631797606371357,1.4925761628890255,1.0164612242310431
1982-03-01,0.8083396660840236,2.1414094503815484,0.15871397503564033,2.3423515716533228,0.4060461247700875,7.8388943578699966,5.555375540241769,-0.7191401348107362,0.2820876355766222,1.317050709917078,0.16672831891284545,0.4401852324544153,0.8990508201280889,0.5524427081205818,2.325704450101779,6.240820032079542,-0.2847652612513851,0.0,0.7482664522671101,0.8403429071178081,0.6887672515420329,1.6310249436707114,1.1552965744870747,2.8731258040481045,0.9772308578652744,1.1662695365606712,1.3133334780079498,0.07465472612540047,1.2200324809461982,0.8652498173851608,0.6622192703049645,-0.21208915691390828,2.9500641839440123,0.4114022846326115,0.0991571732215979,0.3870972575622522,0.6843482645149779,0.7633796406552928,0.1227883782186856,-0.23657137810935147,0.0,5.264376313062491,4.938546440773739,0.8413160011417897,0.41530762749245054,-0.3948672455419189,0.12845586445182633,2.1122798665169418,-0.13164082766206064,0.9365273264821283,0.12045084532998906,0.024542889066658802,0.09511993110331574,1.6943031406055464,0.11425308298020909,3.587236825601803,0.65681681121319,0.051559681868862395,0.20020026806930602,1.4400926545412474,0.26189451983671397,0.3327790090597915,0.4229962080965488,0.7705063163322645,1.6997576368571465,0.13764627087380354,0.26021819161172743,0.12987014812466668,6.242974854579231,0.473934536983478,2.432613772620895,1.1715615172560812,0.5509655810968184,1.3659032466451393,2.3970747256200298,-1.075921915173872,1.3390340053536676,2.1134312073974426,0.0,4.472049155710689,0.25172312090657734,-0.9933856524330986,0.3060446145465523,0.5574150441845394,-1.426684920620458,2.2531228090338473,0.27019740837301853,-0.2718021030049478,-0.10576147801497626,1.2332401492661127,2.1978910220151304,1.1156357411599114
1982-04-01,0.4650347332238791,2.6757449169549474,1.229332229700919,1.2428695648375676,0.3595509491459037,11.880154066668513,5.720522531636263,3.6224433091819996,1.1204598998936222,0.5591831734319541,0.5864048576583514,-0.09985279514299616,1.93893988610232,0.6138457204106107,2.2728425219365525,4.020984613863665,1.3220211418754513,0.3647352708339824,-0.5339040979420506,0.5840519810824674,0.05718370420326746,-0.506843457045858,1.4755465565919224,1.7279047608350417,1.306690974762681,0.7955899785820897,0.5576196443700443,0.5952398519874613,1.1254164093625008,1.990260073724981,2.493533569024642,0.08488964856132597,2.8655365214958817,0.7013471179855735,-0.8959741371473928,0.5778507250943976,1.6067998980341835,0.25316022535104565,0.0,0.4254263496408228,5.791091594483833,4.389434833063177,10.127076797403522,0.8342604119278896,1.0600805986669084,0.8372370989136346,0.7672766520171237,1.4860863499468469,0.17548262274647008,0.1568193800105977,0.2747726271106199,1.2437667953810516,0.3401223797093067,-0.38255593709961566,-0.7737536812222556,5.277816605934893,0.27240550759444204,0.9824695803181571,0.2995508969832361,0.8375258336803637,0.17421607106808956,2.5016682916520594,0.5739445638635821,0.3284000161450251,0.2805050927608299,1.0036580600755407,0.18801205233840435,0.06487188096482299,4.249577172727292,0.6480140490647823,1.812408325574033,-0.24989600676391666,-0.0916170471778166,5.626001325619345,0.08661758907404504,-0.3612285685914429,2.4486144236960605,1.322021142813412,1.1809047592243438,0.4716987164225195,0.6680932605680923,1.609277560270228,1.1393970587140423,-0.27831913318077106,1.249458467940734,0.9430171018939504,0.2515272616067321,1.6635530434743195,0.422376434284244,-0.7962401828812915,1.438868793263648,1.3379001254378426
1982-05-01,0.16855339344301612,2.1225286615282446,0.8888896255474954,-0.05001248123606139,0.4029555486016356,3.9384038849099134,6.446185366167967,1.229838713804332,1.520416297436089,1.2927276804020504,1.2436814922974548,-0.5058849529747445,0.7288662004745206,0.7060929600872345,2.770280952111903,4.761251392272403,-0.18779348242183858,0.7255221533954526,-0.5367699415003813,1.1579926578166422,1.2216061007720325,-1.3299428760928267,0.9937147024453807,3.5755649047737093,1.4367908164404142,0.07665772727545317,1.9275521907265336,0.29629651380753685,0.7961812908472421,0.7168547721703611,3.7997654212353904,0.971086372939034,1.4025398878578343,0.11641444853762728,2.2739486959714394,0.3833870510721038,1.9111508149356915,-0.25316022535104565,0.12261818008254544,0.6582106193787407,0.0,0.6116098997016595,6.038313536621387,1.1265788708745283,0.3800618520237914,-1.1344141383253348,0.3814356513943906,0.4808051806323821,0.723736624873883,0.7733537589636796,0.08571184205177218,0.4835599364539922,1.3724225260369316,-1.8178802676217298,3.7271394797334656,5.468510216851641,-0.05442176950678501,2.5736857164910587,0.5964232401644232,-3.3930311688050496,0.5208345115842672,0.666063618955981,0.7980281762680397,0.32734418673769916,0.27972046210611445,0.8587623401767885,0.03577177644982221,0.19436352085699937,3.084581898663963,0.29316936858436726,0.08162715036652557,0.0,-0.3673098711862721,5.9452279323513935,-2.513282491267299,-0.2415460111603096,0.05897965314032305,1.1194146743152888,1.1319540744469503,4.486092945025355,0.42360769599270043,0.4899968974974023,0.0,0.8879081646702591,0.3541393692339856,0.30397948416345244,0.6082308554136162,0.9171881796818937,0.9438989789094965,2.7241827963427667,0.7117520640708586,1.0271345815713302
1982-06-01,0.5039833123535953,-0.8925008533631873,0.8964360578058272,3.8114332344437063,0.7123805727883958,4.604393850140731,6.863930081932779,0.3812433134655624,3.5044017240366987,1.0949049893523188,0.9019446841007195,0.660632480924428,1.5671760902926213,-1.9049732572357758,2.162196611364159,6.354280264447176,-0.7547205635453746,1.078498894741875,0.10758473334617769,0.7374030532932174,-0.014119308176840928,0.0,1.4398154483847403,1.2320484388038455,0.9562562952378784,1.7972892345325509,0.3629985673820002,0.0,0.7111768061307533,0.279103778147638,1.1249812946708904,0.2517835988150363,3.018070634631398,1.1567508971432883,-0.6866137813265505,0.5089069507472344,-1.1589533702991428,1.3845464313674283,0.366974541287135,1.7189765100808607,0.0,5.342531744907286,5.853765085627116,1.0401351253574553,0.6109109908982988,0.34662079765022114,0.0,1.4573521043013127,2.1403031027249497,0.6129990501852145,-1.0853754588651565,0.40919541992607833,1.1345932438283413,0.19496984144611318,6.257914716355795,4.7048121851934965,0.10881393837571807,1.1073804583622504,0.0,1.7956874128586153,0.34572203752287756,0.5216705249543985,0.5285025510288976,0.10887067856839572,0.8344971932180645,3.232515229506694,0.35701573087063565,0.8379037092429265,4.432794400852025,0.5837728195719372,0.9814475749948315,0.0,-0.18416211466485422,4.83064497230794,1.4688865748672342,0.8428707335054852,0.5292573371663778,1.4733231512984668,0.0,2.3347282730602714,0.3392606238695084,1.8963650798240694,-0.3025720908985896,0.330943489586355,0.7484076319369759,1.680260857713023,0.19599115405162237,1.2711617747926507,1.2448225680619096,2.445109586433114,0.7067219350260556,1.2471424834027274
1982-07-01,0.20925796444646316,-1.3951806120122257,0.7205938849926596,1.7545179437424174,0.48683433218488226,19.538569520254967,6.163968493225269,1.4356121134152744,1.0540282022325265,0.5429895008719043,0.40652481274161545,1.9609968513435883,-2.2411926680370176,1.1666663965720137,1.0638481444184944,10.218752529853392,-0.4746093389301098,0.11912240851223999,1.1758553438078856,0.8130145089365381,0.28200808311803494,7.631239658966216,1.9305618894278176,0.20387366898486636,1.2759292920367038,-1.186133780185994,0.8118968188219,0.8103175086289216,0.3144694680432103,0.030969478091646963,4.777055987013612,0.41823565774943283,-1.086973853820794,1.1435230383274764,-0.19704439774572702,0.6955450108584671,-0.8361252724753188,-0.2503386953744968,1.0928926096348546,1.6899263695195454,2.025385690449788,2.8491846050079372,8.810991812375079,1.248642191545546,0.6648384078233329,2.7305450690400246,-0.6365451496279206,0.11453115067279196,0.024336821731418823,0.23038255822935838,0.2940415511304195,0.4314484161599186,1.0304476440578192,1.0077604663670137,2.010376985377982,5.0245643228421955,0.43407556003574044,3.694571903054056,0.4943163797517247,3.9872391239235028,0.6878788955432924,1.3516405340579851,0.8622358948316866,0.6507656218240676,1.6483889721689682,2.155255838574144,0.9752714947271368,0.32041039908037305,4.157539962694301,1.7883372474504888,-0.10291226346654803,1.2432816591932072,0.2761161441328319,5.435083973045263,2.4770851784761128,-0.24009615375373272,0.5264709434273263,0.30422901469244756,0.10546669987956392,2.9238732365477915,0.6914632424989353,3.4953489531390103,0.0,-0.44150182091411416,2.212191708298139,1.0145161923778012,-0.053414049164501876,2.718757372935121,0.5141513529221875,0.8931697995947285,0.7017472003998826,1.5388559079929096
1982-08-01,0.16707486788165582,0.9868501140752439,0.6091920554044172,-2.42107284533728,0.48447573246934716,16.45316927504563,5.801303409932856,0.22480339178838626,1.1726518753425896,0.3603619008462289,0.7287200137122696,3.1773079067727306,-1.5658420692253205,0.3618094399176819,1.5748478575292046,3.551923873646745,0.6638241541357282,-0.11912240851223999,2.1031269384912843,0.6456996229196488,0.40750425252725764,3.285138212000316,1.7062025276829207,0.40650462481699456,0.6910492216576358,1.5867352172812765,-0.4502345510542405,0.1466275929859595,0.31348365684524815,0.030959889975212818,-2.7929785745860247,1.6556669594517626,-1.6529211328037086,0.3971636426346681,-0.4943163797517691,0.31456458779175467,-0.33641747372366027,0.7490840286717315,-0.4842582252429839,2.061925928682351,0.0,3.3152222990333824,7.577265469496464,1.8083496023447942,1.2881242943312763,-3.524593905686224,0.7633594328043891,2.1515338071980583,-1.3782338158460306,0.30554943773095644,0.08631852068101686,0.2627494644319439,0.5472736217001284,1.112187878883386,1.6198784982052628,10.635611887876205,0.2163332368855464,0.11150663762135582,0.1970443977457048,-0.7355979225876608,0.08565310930555015,0.315395490897874,0.18646285469705592,0.10804723554458384,0.0,4.421070264364824,1.1666287308736756,0.38314223115820667,4.346657814809518,0.6837633477642768,1.6837844916268274,-0.33003330286575094,-0.0919540294679777,3.3425800469616185,0.42583456825764365,0.3599284029646377,1.8497637241929876,0.24271856576094653,-0.387256248794543,-0.42782096122229163,0.2621827659105236,-0.8138002668981903,1.354422510028419,-0.22148403295663144,0.12861738107519116,1.3449198725524525,2.982677245523302,1.4919870987047723,0.2049129290966345,0.5457039463054869,1.3889064971874143,1.0538009257020715
1982-09-01,0.04172513773368358,-1.9000984704026669,1.2223956089140398,1.9915309710520912,0.3508775529693864,17.78627770128871,4.955423232718559,-0.29985029962587006,0.0,0.5381196007899103,0.4033519511422057,4.198897117765665,0.4261238494326136,2.6218285257948892,1.550430440134537,5.225637214591949,1.1278315047158483,0.35692415952413015,0.3116885640253919,1.1200095547961197,1.0601298896136813,-2.714251789968314,1.5542743726018937,-2.256505999208902,0.11603965958819629,1.979282822615236,-0.1806676344780378,1.0204170166991489,0.3904617515453346,-0.06192936806685978,3.0338086280919274,1.0616677918714679,2.469247776076866,0.39559249103024996,-2.5089123301356375,0.31357818106845237,-0.16863410404375223,1.8484785111702262,0.8459239469692958,0.2215792479562495,0.0,7.8368994681664805,7.3128402914451,1.4941679746480308,0.6520221540416843,4.004441275544268,1.5094689168399178,1.1002130337760319,-0.4884543053181645,0.4554488370627219,-0.08631852068101686,0.11920373327169997,0.73259319018395,-0.19087617934969714,2.577590038269739,5.200438156816323,0.1079913711868663,-1.5638143214710798,-0.4933409118002441,3.4666913628089824,0.08557980839021262,0.5104055053922529,0.5202538676146284,0.5385107941440204,0.8141157583699599,4.2338591767157485,0.35691006331393105,0.2546150325260399,4.624512760273269,0.45325856636049267,1.2712602865707634,0.33003330286575094,0.0,0.31365546090809104,0.16982738273627618,0.0,0.285959588632001,2.3361349913173513,0.14099403111185183,1.4893885574325694,0.5385572185919507,0.11666343885865516,-0.5245422293100876,1.1025470011769123,-0.12861738107519116,3.0617080773746252,-0.9378325076039751,0.7351848090856539,0.20449389452124045,0.4750602758599065,1.3698946368701614,1.1971242034376326
1982-10-01,0.2916104253874785,-1.8519047767237673,0.8215680258420566,2.869238935530971,0.08752735788601917,13.659092544845741,4.346575052375101,0.29985029962587006,0.902649584597226,0.7130177505563218,0.24121677856223656,4.686467356472779,-0.20357182953358866,0.8563029125743249,1.526758642447723,3.018729706515433,0.37313476035496507,0.4739318250226887,0.4140792666030624,1.186256120604412,0.9528484713572039,-3.671910096287956,4.345886039772129,-0.20768439448393128,0.9962872189846372,1.2416471141976082,0.4510468810364543,0.14492756160020548,0.5441145890298316,0.4943108330586199,4.557338650946496,0.12177797323924544,2.409754560654198,0.8424649659251049,1.5128881596300436,0.37500043945417616,1.0910725097815988,0.36562469474432646,1.1962046945708904,0.3976095806484281,1.4925650216675468,4.423338106203323,8.063611697780516,1.68068454754704,0.7039308245253367,0.5727939288461048,0.24937160252118673,0.04154261639746082,-0.04339605164038751,-0.22863400684900448,0.3276147422046627,0.4516826887616343,1.0628830478562001,0.3813887155392326,0.8527277886144935,5.0542156209820055,0.5918768960206933,-1.606354488094358,0.3948672465307723,3.8854926402875076,-0.25695945616508453,0.6440931803525451,0.7385557943416443,0.42871536790185516,0.8075414005545234,0.7014837806652352,0.5632353176632243,0.1270648207811753,6.680054375485867,0.16944370108946671,0.5977257097946609,3.321487994643957,0.3673098711862721,0.890775292131174,1.0689271961868752,0.23923456386203412,1.3049830583747868,0.5314450063494291,0.0,1.7792256738932366,1.3820002615288374,0.0,-0.1503759681877881,0.4376374605282507,1.9962438215055833,2.6730079896477577,-0.805890836710077,0.8895999787137399,0.30598302653528364,0.27045317296674476,1.3513672508883356,1.2118715734023942
1982-11-01,0.0,2.101800783487673,0.10407682995015044,0.09119927763947544,0.1311475597816525,17.191052638033355,5.153356929795194,0.8199822313771143,1.1487043974439448,0.5314466745325763,0.320725162609925,3.2671017237376754,1.0870673617505044,-0.031010156074540163,1.5037378395728829,1.523113690196265,1.2951152347196793,0.23613531051847048,0.10325246141897892,0.7830910508032751,0.0686954756696001,-4.633255664099889,3.254209288565635,1.8538120998909724,0.325867028274196,-2.226391654822013,0.26967342652230997,0.9369437911245893,0.9259437178272822,0.491852768231249,3.4576064119176353,-0.40650462481690575,2.0943182092270085,-0.11191942970127933,0.9960241705055939,0.6838696220341056,0.49958471934161697,0.36429274901437214,0.47449252702105316,1.0090124823978641,0.0,3.7740343217185,6.287141762901327,1.3793652905211395,-0.05613247410891642,1.323896404853997,-0.8755534095568507,0.11069601241078253,0.4145917265568233,-0.6083270094023874,-0.12057533042924007,0.3551560498878503,0.944831201972196,0.41785435879275745,1.8984109719025533,4.932158509601381,0.3748331028574192,0.17681907179735168,0.6872879287759925,1.6629256964038108,1.2782449287033426,0.7751976804318161,1.0613091387863594,0.0,0.5347606326595589,-1.4079231397101655,0.3105860489962531,0.06347191517468431,4.425742743394245,0.16915707444895567,0.8195469524760135,0.8726751138234956,-0.2753558417182944,-0.6004020711272595,-0.758324094577123,0.23866359777295898,0.22522532043365295,0.7042282625412177,0.6320245757802656,2.25650486994855,0.7914788009895091,-3.8832137275065293,0.5253295383384593,0.8154434965162327,0.08406894189962877,2.2901117107636537,-0.8124382377454609,-0.5882419473056899,-0.203892682361273,-4.417557457036958,1.333348544759283,0.8574550438728035
1982-12-01,0.29076253093500704,2.4652028998313646,-0.059465240859335466,-0.5484474451326715,0.2617802546448278,7.475015215902747,7.516191562150354,-0.595683071919062,0.5063301969237877,0.0,-0.3211351698781506,1.155654644278492,-1.124124986039643,2.5643412099081164,0.4962828589959778,2.1496154818195556,0.549955556608861,0.23556099144714793,0.30911925696734954,-0.5475281917677766,1.472419239393996,-0.5167970158442614,1.9813838121464311,0.0,2.200810306925316,-1.948600251373822,1.1601922261029962,0.8571481050200003,0.8412893188442183,-0.18416474249338677,7.641692845336157,-0.44907199412267396,1.5424505805973432,0.44692811822946155,-1.0961744052165434,0.4944385845462973,0.4144224746057912,1.3245284243474487,0.5899622970467755,0.21800460158409862,0.0,5.406724211726388,5.400997792677975,0.8864666055645731,-0.056164000072836395,4.814131473588823,-0.12571073558271806,2.269717341291533,-0.006175317258794166,1.140197561623113,0.24100545302796483,0.7769315125631282,0.3460445121514777,0.07578628668953868,-0.1190901653194798,10.146102624543962,-0.32119941908295147,0.8706796140725281,1.1673284295055986,-0.9036206056439955,0.5067578420772101,-8.287812651044035,0.36337249285226525,-0.21412793804356234,0.531916147759981,-2.4722152211375636,-0.16380020042352506,0.0634316551559877,4.357608202224661,0.05632216369675369,2.528973841715354,0.7867861200615445,0.8238032859341438,-1.8799450480174507,3.3271713297795102,0.4756251534649536,-1.8734581431697261,0.8153801726933363,-0.0700280140661036,1.8090936777739763,0.28623722251412964,6.415966149674213,1.2644274074291584,-0.8154434965162327,0.6700192565646912,3.437232160233794,0.37171473900468044,8.27295495496232,-0.40898821661712326,4.011602908324097,0.0,1.0634178264991194
1983-01-01,0.6614365195510619,6.291382541056723,1.2119626097515823,-0.551471984934393,0.5215135679107252,0.5935708043269372,8.287979087312891,0.2237971840453934,0.2522069432710161,-0.1768352597669498,-0.1494965679044391,1.7434546289740949,1.890831917467617,-1.5307004118567225,0.9852373784320856,2.6011048913265666,0.8193036271649135,0.4694997188180672,0.5130847582343723,0.8590511213600216,0.7281585571259241,10.794783922277706,4.225594350252848,2.4194728587056513,1.6754345230618473,0.5283695776963082,1.0591627233355716,0.9203604789498776,0.9852467080194494,0.12280528477486286,9.350345556444362,1.1795947229978232,1.5190199904556945,0.1670844164817442,0.2002002680691506,0.9205342695777885,2.5317807992559116,1.8957866508208632,4.4860906997315375,-0.43648550177328715,2.4391453124159135,3.8714436181541023,8.142373184870856,1.214570040253804,0.7834399329818692,-6.617120707806645,0.12571073558271806,0.21607030688526319,0.9220621019644604,0.752972661720408,0.2747254476846095,0.9104766992940938,1.1473466735650195,1.0924953260415649,3.5814243081534025,10.328761403519815,-0.645510579795161,-0.40361553432563535,1.1538589556601142,2.243923619127719,0.6717069755943772,-3.174869831464866,1.690383712711785,0.0,1.5789801732635222,-1.0552045965332546,0.1810267293212764,0.06339144364444493,7.363272462672477,0.6174591612944091,3.8491618312558984,2.4004249719488113,-0.09119927672696093,4.835717000917139,-2.7368674371501367,0.0,1.6482328227360732,0.751231501746652,1.149237792260438,1.089664604321161,2.1833934454777992,2.6924372935164254,-0.0739371560487534,-0.602246551195984,6.322178963596636,4.115965140153666,0.03532944746167388,14.338818997712144,0.2047031973645197,0.47345370821130217,0.6600733293483207,1.6868871131226644
1983-02-01,0.45220525452784877,-1.768596656484589,0.5566863828433632,0.0,0.5619206486602746,9.759329522791216,7.564703584713683,0.0,0.7528266420790519,0.5295704138961632,0.13811030990700246,0.11814070963367396,1.354667153412814,7.941087821103787,1.459891263088442,1.0307059653882344,0.1811594707418429,0.0,0.40858075225793655,0.23300140129149938,-1.0127694424766576,1.9346526946198317,2.389282757202338,0.991088389945527,0.5010521648173505,-0.3519360095585622,0.4380073873740731,-0.423729447554555,0.6764328163466615,0.4286480066807652,10.625348859736095,0.2019794667679431,1.4962906065196346,0.7760571099856062,0.0,1.4554532242159413,-0.08067769780075729,0.0,0.22472620681668332,1.044393950677014,0.0,4.536853879873282,5.891421431976562,1.332464622185059,0.9983443984216966,0.8257685239048129,-0.37759491154254476,1.3133397029290617,0.14674414128341695,0.6710478815089349,0.7346065320438466,0.7870410996783983,0.2938331413918416,0.4112924104123117,0.9383293473878451,5.227535643057424,-0.21609948982481697,-0.4582313278972072,1.423849398925503,2.1946747724706563,-0.5033567683240925,1.2906180435639403,1.4516098409517175,0.21412793804356234,0.5208345107138523,0.8531435053550585,0.11190016231061861,-0.06339144364444493,7.462846957837499,0.5023733697148369,2.019389806194205,0.6862398261038072,0.09119927672696093,0.48604081209946415,2.818644735151876,0.23696693553194592,0.6741598566957219,0.402183822781943,-0.3121209400539726,4.4323223692877,0.03884422419906386,2.732410427455534,-0.8169373328686724,0.7658680766552184,0.629781659601214,2.4839396065249986,1.0016778243470803,2.7476228767811417,0.10219467507859292,1.2739025770766244,1.9544599764574233,1.2698132977000403
1983-03-01,0.20486442527340998,-0.9353146906648346,0.364575058090022,2.7274417919658234,0.38718052196906605,11.168310592845021,7.087604274377313,-0.44809634425213574,0.6230549750637415,1.0507789708068316,0.190635596978872,1.8755547712192788,0.16133372666824464,0.2901937840009694,1.9139486149289953,0.7992937757762109,0.9009069942366388,0.0,0.4069181606726868,-0.23300140129149938,0.5684140354989209,0.09119927672691652,2.997640470042162,2.146423866830105,0.6056012948313594,-1.2926298344225096,0.8703458436501332,2.170193676839549,0.9690685715821878,0.18315288195775992,12.194928932788196,1.1236073266971847,4.121795354437552,-0.055233362354201176,0.0,0.42054733053973337,4.343359343204445,0.7017730459377036,-0.5627562419429744,0.38884820740197057,0.0,9.96994093266601,5.490881391787472,0.9222789223413574,1.3430378656835358,1.631357549165724,0.5031478136276135,1.0462978703662307,0.2989356470721294,0.37190525979067246,0.1700680682015676,3.689453192535108,0.15926090999278664,0.07459903367212917,1.7163926328645163,4.726758111225715,-0.21656749070881887,-2.151580566047262,0.2823531287625691,-4.287426783821524,0.2519950942924343,-1.0527543783799054,4.468097141929784,0.10689227370734855,1.03360093306617,1.4856727784855472,0.3263766531976575,0.3165561364560254,9.477527741259095,0.2224695027679413,2.3023454960937606,0.530505222969424,0.2730998511232485,1.6244880050209964,-0.3822008477309513,-0.23696693553194592,-0.2242153400089375,1.3667638728662723,-0.13903373807275798,4.784729808170862,0.3720758066375396,-0.1348617871292035,1.259742483705395,0.2177464110212135,0.358102440877639,2.0073207228851864,0.418775694898077,1.2294568925706795,0.0,-0.6014050863093257,0.6430798608130894,1.302961976041107
1983-04-01,-0.08189541367626951,3.765331471326805,0.31971871876859126,0.892863074430128,0.5139197606593093,8.035529899011884,6.3718506535700214,1.5596305745763317,0.9888832116946578,0.0,0.3121032092863629,2.9295677355741345,2.738445123109523,0.9356052913101376,3.2636609525182547,1.6231986130732512,1.2477880246583695,0.23390791878723505,-0.20325210249239056,0.6974040156944916,-1.0582109330537492,-2.3986389827482135,4.723721811360493,3.415891881131805,1.364452254577353,2.742655240436065,0.7768555832903701,-0.207972345326235,1.253241747750522,1.393128894173623,15.668707018949712,4.066236486471464,1.41511023111911,0.055233362354201176,0.0,0.6573074158848335,1.9893540527301523,-0.11661602996746456,2.3425429008278265,1.2001934367775746,2.8505492997926485,6.704446000123543,12.45715070179224,1.043708195733295,0.6783366127418339,-0.48661896430810536,0.5006289049505952,0.5387306899957922,-0.09751341582049378,-0.2956078119864092,0.22065696757587183,2.1978906718776114,0.3105475180100292,-0.03729256093940592,0.8916688592107702,6.138844069788552,-0.3257331875745173,1.2198554709007325,0.2815581409570278,-0.07555723820041882,0.0,-0.021600605116978144,1.8318580523685402,0.4264488099178454,0.2567395505245873,0.7544208900360783,1.8015443048524205,-0.06323111244519453,7.509158974523977,0.4987541505511395,2.120623705205693,-0.3028011397641639,0.27235604670394764,0.960074895797991,0.5727548727245679,-0.11869437595279919,0.5595985504120105,0.056545096219817736,1.5530942030879569,3.617502152973273,0.7860490499485007,-0.6091389393399371,-1.1851990579650806,0.8662750442655742,1.1550550460140308,1.4598788175153032,0.4343678100488191,3.8997413639994427,0.7124773702333886,2.645656953683062,1.2739121051005498,1.5809662227402839
1983-05-01,-0.28716326927042957,-0.6051455683354856,0.5209942021369596,1.412203521479194,-0.21381235428039602,8.85050292464129,6.281476201990088,0.7342176889080676,1.5863663973360698,0.17406502299430748,0.08569002993157326,1.3681722252199213,1.573474150603671,1.7353111232037755,2.2676885175765715,2.4926086362776267,-0.7111141077565275,0.23337993159380233,-0.3056548482549104,1.0752771591021837,0.8961363432807512,-2.457590604883686,6.759963977488148,1.8484814674102124,0.4137862801069314,0.6432481360647557,1.6205078054749578,0.34638067192118704,0.6571893974203213,0.4201573442973672,21.063179414947687,0.4587164006907063,1.6260540101648235,1.3165302605256723,3.7295784734063586,0.23795371132648846,1.5037877364539876,-0.23364083355106313,0.8781714090106973,2.5243137629522128,0.0,4.667516187307497,5.37237348529902,0.840066374450954,1.2896471056997927,-1.2270092591813775,0.9937889501318686,0.0,0.3591105225700275,0.2956078119864092,0.08473858654736155,1.4674410927116854,0.5034944315219114,-0.44859888314503493,1.3227706097579173,4.24571504075093,-0.3813679364807143,3.727465639211902,-0.46970494998728185,-1.1402632097897991,0.5855307393878295,3.209968445639033,3.2789822819796424,0.1063239930497506,0.25608208616736405,2.6928456399943457,-0.4811963191604818,0.18957351649095955,5.198172841358151,0.7160592430135893,-0.17972040797644695,0.4538585703008913,0.09062075835393202,4.626703415341282,-0.43608681810449745,0.23724803536300243,0.44543503493796877,1.2917899375089803,3.0688633219403627,3.323700887393244,0.6274850664786946,-0.8180004711932476,-0.22379718479204058,1.2322684721346011,-0.08837826558485418,0.6636796652483845,-0.6958970324303593,0.7709296122373033,0.6066838948484587,4.405436268993457,0.6309079179376509,1.4264868955585264
1983-06-01,0.4917967507624521,-1.375117161282402,0.647443657019009,-0.17543864149089927,0.4697851907186301,3.150107748494335,9.422224852977834,0.9464941427302698,0.12099215148193565,1.0380750151696816,0.4123323600546236,1.5458810428016223,0.0685988706373486,1.7462926715428928,0.8928699149684083,0.8453135711056214,-1.3471240989999078,0.34903402010151297,-0.5115100666770456,0.2289121053115739,0.4719852332894736,0.0,5.604819976193598,6.2131781107006345,0.5839361353277894,-1.8920156125092458,1.0938322347147533,0.3451850165498094,0.5805404032311223,0.23931823303549038,11.271287892826255,1.3260281436167531,0.6888623659559112,0.27210901143606137,2.4739606175991913,1.4159528603635563,-1.7313191201676625,0.3502568635185277,1.5184627221778824,2.259279640388767,0.0,9.02633908111583,3.535350808540938,0.5775015418708396,1.3786008368239648,-1.5761421272431964,-0.6199582490423516,1.482857556133732,0.2245487212686914,-0.07382007088572173,-0.4414268619555628,1.2348464340433019,0.2794208006851484,0.29928941195755954,-0.5930824633288312,3.7168330632791458,-0.054600056502618344,3.336317207098294,-0.377358939309147,1.8182319090835675,0.2498960075979717,0.9370188287586068,2.678590897253713,0.10621106519352885,0.5102051883895342,1.604312483679804,0.5653784943482787,0.06311139433243795,7.498267153395588,1.2002326291212562,1.6969842107186661,2.4600569698320363,-0.8185584586438921,4.852756853035167,2.2151094784251146,-0.47506027585964006,0.8849615271476097,1.934296284313053,0.09958507047076459,3.054295977036059,0.5401590840510728,-2.4247810776456546,1.6296656960414158,0.31897953681188085,2.1863573116389645,1.3142521162942344,0.7478946070484938,2.151962419967024,0.3019553512675799,2.2236864380666077,0.0,1.2696061174878794
1983-07-01,0.5300628293343213,1.2232568435633695,0.9420491076903126,-2.2193542960149415,0.2978091964950913,9.590931901148547,9.602262752755664,-0.07249003652027852,0.6027745797518413,0.515024276214815,-0.19505647581654628,1.8965753000708796,-2.5348579438174923,0.7343809323072659,0.884968247697937,-1.7406510379537554,0.0,0.3478200087140948,0.30721990369704244,0.07619503668157002,0.3491811229869968,-5.003495774233757,5.225849366887125,-2.7925025705469286,0.3557783962236716,-0.9342322714297246,0.41752431254264977,0.2752926728299965,0.864549604878917,0.5363617480460992,-8.085620526915239,-0.8314484784349929,-0.919541719729855,1.027313711841371,1.9544596082367471,0.8168073417099242,-1.2992158293655631,0.11648019537255916,0.8574639582306309,1.4916758864812252,2.7715399846546696,3.7960842495441405,6.064762755275488,0.8282907059897315,2.496229455997784,-0.5029348396639488,-0.373830701089517,1.0531820953869842,0.27846739951269406,0.0,0.2209570029579666,0.947674776927454,1.4912872053463921,0.8925310268560249,0.24205094907316926,4.825879892064289,-0.38303740402554354,4.28468578703246,0.565505748339401,3.685015322728175,0.16625107653092108,1.3586046764226367,4.736768882303133,0.5293882905998526,0.7604599385219402,1.6535513922354639,1.610985969287615,0.12610342150267684,7.857883723923287,2.3580942589031206,2.045633707006056,2.0408871631203973,-0.6413214834713798,8.815674315465571,4.594909029532257,0.3565066164494368,0.8225985513316658,1.628700497470037,-2.010791609511342,0.162499193536636,0.7934979360199268,3.5816500533901063,6.815980355108531,0.10610080570980784,1.032711415594001,1.0315292672652632,-1.132712293752114,2.2913319459252346,0.4012177642898962,3.4227297834958925,1.25002561971852,1.1754219072356533
1983-08-01,0.567730901124186,-1.608613775162282,0.9473416914929977,2.569924330780715,0.08492569512599246,23.060320328143913,8.71977204753911,1.0818713527245727,1.0759219139848675,0.5123853614126261,0.2689004199692313,2.6531018645909343,3.575201598392974,-1.6856043025246237,0.0,-0.3432006800705878,0.8104501820980659,0.3466320931740263,0.7131971137273041,0.4559332374303615,0.9606478146185093,3.2660003271984372,3.875060423606591,1.2313260233356882,1.3336047350173352,-1.9467827944436689,0.08330902170285981,0.34305350967889225,0.5722545875555429,0.44476810764408903,-3.0864235952357655,2.3627575788531807,-0.23121271400552423,0.6968669316091081,2.81708769577369,0.9253970029563963,1.450960926010758,0.1163446768503551,-0.1067924557246247,1.4697407294499865,0.0,6.382190109793884,6.919554156764319,0.5063117791033633,2.6607422914737473,0.9201235966078247,-0.24999501943128166,0.48432416875408,-0.23604187022376877,0.07382007088572173,0.33898337545101853,1.208348035746032,0.7163889985660976,2.2332980180324036,0.021975606945079385,3.8080052177718926,-0.10970928088900322,-1.297679215440417,0.09394082513423108,0.14461318427737013,0.24885952370694575,0.20424843701940532,2.547348981549802,0.3162818880064755,-0.2528446353358582,2.8657361504636825,1.0297055436426117,0.18885746878698484,8.443177464163476,1.784824283008879,3.0354823429004973,2.423497084545967,-0.6454609776680442,2.0940455397838065,4.855927201339139,0.11855365941020324,0.7617011805579388,2.4469305943443764,0.30420844822391935,6.595754649633978,0.5105673266270205,0.9427679255564314,1.498665650883435,0.7921879295068823,-0.08565310930528369,2.310614080571405,-0.05259006169060498,3.0980618304833563,0.2998426989659464,4.445176257109296,1.2345793566426178,1.5314770183424562
1983-09-01,0.1212297034369314,0.7692345623153907,0.7011666316866005,0.17482522022804758,0.04243581688974096,15.195344656076415,9.803923570649431,0.3580383345037408,0.0,0.0,0.12412095588612004,2.306895630018846,0.1017466599563921,1.0458499403064092,0.43956446309295627,-0.08598452808359358,0.17921151749793474,0.23042233550691904,0.20283982613906737,0.9807633736603982,0.7540216953551448,0.5825259191080345,3.805956182056902,0.6968669316092635,0.7968001054219354,1.9467827944436689,0.7465673340137258,0.6145461464686086,0.7815361370596019,0.4427986771149861,1.9527956851545625,2.6697508095374634,3.1893296037750485,0.7980888331014402,-1.9910159959510842,1.1448321945993545,0.7552905995987569,1.156089627731105,0.8510785304452595,0.9028508206078811,0.0,0.8032232414456608,8.607275486345022,1.3170552658926304,1.0695289116774753,1.1589533702993204,1.1201067110670593,1.676897391438481,0.42930198654187457,0.1496903770183522,0.08456660123443704,1.193921139663634,0.9576762612332423,2.3261023724352903,0.8533035040148018,3.0312537156418573,-0.21978030879798993,-0.8095243755161519,0.46838493124186087,2.4269570914630334,0.33085224473019537,0.12234911803581383,1.0067681756861457,0.42017747201072986,1.0075651988741718,0.39761483832627675,0.3762785625718301,0.7518832414025844,6.610414727366987,0.4153692368698447,3.2382414156514994,1.5374167249587734,-0.09254975209431748,-0.9636970121888133,0.7748222782841374,0.4728141195946556,0.10834237246122314,1.7708796110846414,0.572103192588358,3.9483654501820453,0.7237977552052133,0.2677377770712308,-0.8828580264263142,0.5246601751871527,0.34217313026156937,3.1801165239201623,0.3151263111989877,4.80269590315987,0.49774854024549064,1.790758542058235,0.6116272567286529,1.2847649459380917
1983-10-01,0.5638438707510574,-2.247285585205816,0.013964183874692893,0.9561133235331365,0.16956341451459522,10.918409610125224,8.495262646629342,0.2855105437002514,0.4744967396116184,0.6791219467963572,0.23916846932188207,2.3924031305054605,-1.6405015893178554,-0.998073261241883,1.739187248498586,0.9843862926532942,1.0685765071604347,0.0,1.3085239548655814,0.5988184254332563,1.1269939751992974,1.8225924178016495,2.8265176560339,-0.1737619898541043,1.347006079096058,-1.6626550041775712,0.2476365503414346,0.2719240288771019,0.7754754852985712,0.35284283021170815,5.988275823730893,-0.10832281254216092,2.436451153526109,0.052980133689572995,-1.2879662854520468,-0.22792032658640604,1.196723333021943,0.22961717124054815,0.0,0.7009281560896419,2.029381933981389,3.149856890204772,19.11786827119134,1.4842630112820832,1.058210933300957,0.6562779904345284,0.8625939568061014,0.07499062968598924,0.17481994988006733,-0.07370961130246378,-0.08456660123443704,2.3658974316695947,0.9073978006125305,2.065538163676095,0.06533812690234786,3.264252569539372,-0.2754063982588484,-2.1193499011196435,1.0227890174010934,3.1241693928268868,0.32976122298156163,4.112355899017839,2.487409192672596,0.41840105614960876,0.5000010416705614,0.6830873222943179,2.4358007222409217,0.18709079358121272,4.744006063502226,1.2358550698669646,1.7792057578194687,0.897486176069684,0.0,-1.4544127484001912,-0.1931434690242373,-0.11799411398509818,0.5399581153464617,0.25779854442742334,-0.4034975212178882,4.708420356390874,0.8145180415972231,1.6573133724873124,-0.6158076244571209,0.10460251999857562,0.9349834376869648,5.170698139549046,-0.034965035321299354,5.085597819135312,0.29748769815149956,-1.0593910063422918,0.6079091074111531,1.284593162159734
1983-11-01,0.16050450938740468,0.3129893008928297,0.5017518187752756,-2.807201877893206,0.21155074528294016,22.13969102712907,7.124319753952335,0.2846977019054453,0.8249899472141831,0.0,0.6316324324076916,1.317602314391353,-0.830454599163799,4.110854506768646,1.2847715291507855,0.6368096238920096,0.3536696878376322,0.2298750125919291,-0.30045090202972524,0.8915255097670105,0.6364897762370147,3.7317763007195026,-0.22026440660183333,0.3472225710749788,1.0131172123936771,1.0774860528730112,0.9027616777934178,0.6091389400193492,0.4204586658934861,0.3516022256849549,5.229879910658342,2.321118309303838,1.304409211910551,0.1058761348242232,-1.5865941785724091,-0.17128180036733998,0.8882367798930035,0.0,0.2116299678464495,0.5418004493207729,0.0,2.5511600186851613,15.140230444884473,1.0988943377410187,0.5371106660015224,0.0,-0.49199589633355245,0.2744855123238299,0.25264691013378027,-0.22367544177570586,-0.35596274589684285,1.821832566523307,0.5001881672433317,1.6495219369168979,0.26092643657897874,5.706945976636613,-0.2761669802742617,0.016603020957961512,-0.46360769175253225,1.962837975041759,0.08227067432384771,-0.07826257492027366,2.535968315448456,0.31265595528582324,0.2490661312452236,-0.28704720104371084,0.5482949092979528,-0.12468829608014431,4.529106502493896,5.8635770781772845,2.2181245654032455,0.3430535096789811,0.09254975209431748,-1.5025914664262174,0.6743763515446588,0.9400774284708646,1.071247523380503,2.1396638993547157,0.3699348426011717,5.293013895848908,0.6028947862353196,1.241440314838238,0.6158076244571209,0.4173193328325109,0.3378381583195367,3.6727374056162,-0.8428495901288358,0.03843017946416616,0.19781899243764833,0.8928630749908351,1.2048296694076477,1.3011592175983564
1983-12-01,0.36023618758997955,1.242251999855637,0.1805684946176278,-0.267260738149977,0.3796671934634954,23.046888630637152,8.321097678619438,0.3547360938798594,0.5851391768465053,0.1690622904177541,0.05573738001167783,0.6287682794078986,1.5343805897174434,6.858239650924203,0.42463240350809617,1.3451232658107326,0.5281702419221546,0.2293477990782833,0.10025063496246212,0.0,1.4015015641080986,-0.36697288889628865,-0.03675794895305895,-0.870327512830138,1.5401211875607945,-1.2582012173255386,-0.08174293320597492,0.6054508901997657,0.349049442988969,0.26288008135439966,6.376433540885474,-0.45993358948264174,1.7130350191507215,1.0526412986986866,1.7716081073886114,-0.05715918989586122,-0.8882367798930035,0.9132323214565252,0.6322494883783447,-0.34795629830455255,0.0,1.2515760756294902,9.970218435360765,0.4241466455556786,1.1138129674226227,0.5707312687468491,-0.37059806047254895,1.0041614160844148,0.15008257357140842,0.29738505307816965,0.06790018916489338,1.5962963055651924,0.4500886625604217,1.2531916759721096,3.436470896718369,4.189334402084355,-0.16606701796106904,-1.1857186345988646,-0.09298001506707898,4.968342014026833,0.6557400546213454,-0.5692428756313817,4.027748048828683,0.0,0.4962789342128904,-2.6580847648556283,-0.04755865657126712,0.3114297129378052,4.431398926516117,7.751501321491228,3.786633279466445,-0.2743485945751356,-0.09254975209431748,2.7666103881208493,-1.0617860370540022,0.11689072049803073,-0.26673795489724483,0.15109547069984686,-0.16798256931811473,5.96520983946931,0.810368604446543,0.9693129205658124,-1.650656459488209,-0.9939919658015217,0.0,4.1131583708653,-1.3849653192440137,1.0937197527625564,0.09876294315742662,1.4888612493749953,0.0,1.2870674975653857
1984-01-01,2.4078341094152744,5.917113318845257,0.925488172821165,0.267260738149977,0.12623607777806356,9.132508609851175,9.229596928959083,-0.42583456896894134,1.0446989953107,0.6734053704334109,0.3585762280970961,0.07075519088757254,-1.830161580129186,-1.0511207205036843,1.2631844702166162,1.4919464471108812,0.8741314401650602,0.3430646941655624,-0.13034543380521235,0.2954176137650588,1.7215615054087419,4.843996280006735,2.397499504612566,2.5885828448297232,1.537418911392674,0.8234735156670059,0.8143328817347584,1.464739902371548,0.6944461200665497,-0.05836937634677852,3.1922045121516196,0.988010859619548,1.475265903178835,0.0523423199597417,-1.7716081073886114,0.6269613013597075,0.9619016075337994,2.4692719163600607,3.407676032768836,0.7331702505135596,2.2075951699199514,0.7435035241116772,13.906983813492113,1.201908279206565,3.408614014432132,0.8097210232620888,0.37059806047254895,1.0430182291582213,0.6457807661401915,0.5899296000301035,0.5077871439076453,1.1329933977618722,0.5766777778905663,1.7351119316907138,0.5649141500955634,6.159195108111026,0.9091771439066143,-0.16813791266822586,2.2080013832757928,-1.6072348547294835,1.8616482615933627,-0.1576044457437753,2.2490284891514998,0.31169965925306187,0.7398307481444988,-1.899852263448043,-0.6442655015108212,0.0,7.043671093432913,6.191113332095144,2.095299810002471,1.5673233954168309,-0.6502577487566441,3.4314379361070735,-3.004412134595036,0.9302392662313252,2.271024457721005,0.3015077655961207,0.7036383529450685,2.338544273057863,1.3720635990204233,0.832537629701946,1.9911402749745122,-0.632913505164856,5.4954375338847505,3.386986558359073,0.07149240697721382,6.964456207675385,0.5905380185012632,-1.266885576097998,0.5970081735927835,1.5601565780873807
1984-02-01,0.4669393772258612,2.5135973271541268,0.753370600546166,0.08892841937795382,0.8792185589004298,20.706932307972803,9.076089546781674,0.42583456896894134,0.919546710464747,0.5020947003701703,0.36036091634885636,-0.1583450413854992,2.0352547988318204,-1.256079193177495,1.2474269596731369,0.7785329222649962,0.6073771383620308,0.34187434443220255,0.3005411999722707,1.1001236118118651,2.7724548014855688,-1.7668304133313217,1.7787733312326415,2.8549378106719425,0.3785672233610704,-1.7580597577507628,0.4047035628953033,0.5273578470973206,0.6208991508434902,0.40782145208240195,5.939302812419012,0.07020007343401247,0.6256408786299072,0.8856530930219542,0.5628532683150667,0.9612740122452834,0.4408530284796486,2.193058270327053,1.6112995952308529,-0.385213952209007,0.0,0.7380058368509079,11.30553451121663,1.18766234813803,1.8903283026449003,-0.1614205362621579,0.6146356360148708,0.06101653737422552,0.2916234764262171,0.8816917561896176,-0.15206558628593214,1.8727493314026233,0.7112381113920652,-0.8971650142377108,1.5321210673852947,5.143062722707503,1.1278127427758022,-1.0063084361479402,0.6349227678714708,1.7983785892575488,1.3540629018856887,0.7659862651233418,-0.3328642172119478,0.517319898184887,0.49019706002062513,-0.1882176350877618,-0.23967415803256564,0.06216972534751619,7.991774536396079,2.9778875351544887,1.5631184586221814,1.2764701366368092,-0.09324009999502891,-0.23464353320106213,-1.3085239551189343,1.4934223568127791,0.4688729605706321,0.2005013208037365,0.10011681129937777,0.666845128629312,-0.40965053057631096,2.767472215621769,-0.8876808032894701,-0.1058761348242232,1.2688512818422648,1.5160904997419955,1.0132519362175962,3.967089826143022,0.489488117973913,-0.38878138334688117,1.183454596112865,1.2783986939181227
1984-03-01,0.3487695110606648,-1.0695289116747109,0.4221375505550462,2.458420562186703,1.2015889339743513,19.17426152039603,8.561381806884683,-0.7107350458651851,0.5704522029641446,0.16680623831115682,0.6481853338440757,2.5046483293959865,1.6257767055153582,1.4042731073008685,2.0450764275601996,1.25736801530274,0.6037103286391954,0.1137046844075229,0.26971696087221275,0.36403471616264227,1.2253717171913592,0.8873172680486707,2.4382956478290696,2.775688399866283,0.8022173035973523,2.2948022604017293,0.7243561583071934,0.13140606358756912,0.6854025947638398,0.3192576390384616,3.0072822011705247,5.694396589636996,2.8690535226671976,-2.2555375288380475,0.4666364043808491,-0.3382190371816973,0.5847969889754001,1.1860028974480352,0.19960709741901894,-0.5418004493207729,0.0,0.9756283865232529,10.1348182580671,0.7059022284436889,1.5634169129061404,0.9646377059884692,0.12246547355045934,2.4939549311860265,0.622058347031107,0.36454620508088453,0.13518082558734434,1.580399166484936,0.36382531923564443,0.8971650142377108,1.8322988187158273,4.185357603704554,0.336867454204981,1.810804520715148,1.6143848371503733,0.8872048062125937,-1.5145765800084643,0.19546526981804035,4.7091094581798085,0.4119556803058977,1.2150817782512924,-1.0225425202845528,0.23967415803256564,0.06213109923418614,6.713506894578991,2.176627648204432,3.5969176101826594,2.179023158051674,0.09324009999502891,-0.06714225992849876,1.5332712089173306,-1.2622083809747053,1.2910068281976272,1.4910813036185022,0.49908604677555424,1.0219905188696643,1.430042793095243,-0.49751346401132324,-0.20597329561518052,-0.05298013368948418,0.15748034750817652,3.0525463605795444,0.2649476070767598,2.2497819273537,0.1951170951241643,1.7103865225065018,1.1695999607531427,1.4257520249726068
1984-04-01,0.0,1.8466433841633823,0.6636530447691413,-1.838126149725916,0.49301661119787177,48.84244386878551,9.114710937794612,1.697353337269325,0.6802747322752989,0.3327800604855824,0.14705977883027188,1.482344924433887,0.0,0.3387850109664914,2.004041215586705,1.2417543896287464,0.68552110791118,0.11357554368016665,0.11964109104103393,0.2902724527257927,1.5554273864160861,1.7513582492707958,2.514573537266851,2.7007201411311854,0.47081194194094067,7.060598046942612,0.7191263215170274,0.39318530339267355,0.6128657222218781,1.3241270894545298,2.6355594104750635,1.9367091463217356,1.8019056467522887,0.5818582932855421,1.295115234719768,0.1128668291372259,1.1594332773714022,0.4278263099419144,1.3861565410516752,0.19384415101622032,2.159911180346219,1.4458089136769825,18.730732985722575,0.7591247525039702,1.914999513709198,0.07996801625722583,0.24450591618530026,0.4156035193073837,-0.8064559842683394,0.2911165219211753,0.21774720440435047,1.2465789284062279,0.3524582577576485,0.03307425199667868,-2.698998424547039,4.235009735103857,-0.7645373079014917,1.9424506266916164,0.7092228318389626,2.676786024496103,0.16051367812277562,0.6423379743926816,6.99222168546974,0.30786135718638974,0.48192864359490883,0.0,0.6521935151506675,0.12414650880643308,5.451635957754952,1.5037877364594276,1.874336017391176,0.7807456705478888,0.09315324381127255,4.914591443645833,2.0736363849950035,0.0,0.9701378104687741,1.0306839702515447,1.1221239855407905,1.6019354648470596,0.6439448989494778,0.49751346401132324,1.0936540989046506,0.6339165443736139,2.0249913134847475,6.045299449999497,0.19384973908938008,4.442788452741286,0.48615660613773315,-1.1554461416392936,1.7291500721945852,1.9724034168323017
1984-05-01,-0.2711643219839299,0.5614049832766366,0.21574287600856223,1.7513582492707958,0.5721306979534546,38.53945505930998,8.66381892521737,0.6291527226492288,0.7878487572080317,0.0,-0.20799853924424738,1.1920382788401795,1.434314115623847,1.0034347532354992,1.1834549210037015,1.1478455732076176,0.8503452599717409,0.11344669596455859,-0.19948141464327662,1.0093794933857758,1.1919654903143284,-1.9281929549450627,1.2339659659610147,-0.31397200046665574,0.5394839377900862,2.3243210937088143,1.0297174168721668,0.39164540987761676,0.541646340266011,0.3710674188527996,1.5225671620745507,2.3772401197391435,1.3793334711438732,2.757001669259429,-0.3683245416331804,0.22535220804447142,1.0748939035789773,-0.2136972124335612,0.5882396669496304,0.5407540498734154,0.0,0.9523885391435893,13.362388080112437,0.6378764603371057,4.020424751433565,0.5579926793519707,0.7299272825491698,0.1657589770963197,0.7414691264584938,-0.1465373589072616,0.7960241038388549,0.9067889483248326,0.3512012417223431,0.527705710415205,-0.2282395432146922,3.2621270394709745,-1.2638081952581537,2.4500922353205556,0.26466711523776,6.307861077837695,0.1602564437536369,1.5211615158044367,7.513413951131584,0.0,0.0,0.0,-0.30965922556545067,-0.1862776080406192,5.9615476564514935,1.6748200634248978,-0.870627411768421,0.7746972250171957,0.18604656529177532,2.1898973859181936,3.6934653820954733,-0.2312139758380738,1.7128882268048429,0.2925404329118919,0.36036075032988,4.937847480907731,0.7029000929095641,0.43330306110607175,-0.6821308850782692,0.4203894788132878,-0.3862499973890543,4.735652673818347,1.2074693908093792,4.414580770391163,0.29054976821369927,-0.4437056647253801,1.1363842886811693,1.6466807891047757
1984-06-01,0.8881963204208088,2.4880343521300974,0.2690304664112908,-0.2607563415783165,-1.7263067419706069,3.9882314299468646,9.603901615652433,0.2783578686696764,1.225642082590106,0.6622561576692831,0.3213530590170599,1.2633025930337105,2.3241635356304524,1.6483392072293768,1.5564635325575726,1.6780881582325824,0.08463817771509063,0.3395525964455359,0.16958455857327692,0.5722612511536163,4.21538149026307,1.231326023335777,0.6607225886687607,8.871328222466923,0.7058484395299658,0.6938048182532075,0.23611630219431134,0.5198192335383212,0.4715412235999583,0.256073411945712,-3.2575435987598933,2.13575957295431,1.938034203178951,0.4607123582894612,-1.113184035961856,0.6730255354066683,0.07125044833009575,0.3203620025207021,0.2928273044906504,2.0965059124117946,0.0,2.3419887501322734,12.535136468646424,0.5763703112443341,5.502572696451602,-0.5579926793519707,-0.7299272825491698,1.1175929510109706,0.1299315089489994,-0.5091253680947982,1.1822797811055885,0.8807462341990924,0.03005492928713771,1.0471299867295336,1.8522859273069514,3.5551161056384895,0.2117469911413039,0.24731753082557484,-0.26466711523776,-5.26904941352479,-0.08009611962100927,4.17311931586557,0.42238711161848297,0.0,0.4796172263492604,0.34201059330620787,0.5709316912037021,0.1862776080406192,5.800717570897973,6.105621930555971,2.993726628329574,3.9097034963774258,0.2784224536407365,3.019329787911307,2.694704281040128,0.46189458562944097,0.44854298925143254,0.14594991693224202,0.13071897286214273,6.716084064707406,-0.23843738309827778,0.9834129653722101,0.06842285658663627,-0.5784922785453617,0.0,6.284179014444291,-0.08700948952311549,6.14385911243458,0.28973087766535066,0.7200252657949768,0.5633736971895065,1.381123982344132
1984-07-01,-0.19240777479221371,2.6272983058617028,0.5492704848664598,3.8417016104120627,0.455016296532218,5.047031103315547,9.280400156223934,1.0369951206168793,0.6622540771567209,0.32949062022402664,-0.17709495991438118,0.8785817021919495,-0.12951272718564333,-7.696343649201065,1.1516528769675127,1.1160400618121624,0.7585371380858241,-0.11306192054423292,-0.3294566949430422,-0.21422209098731493,1.2851492740379888,-2.2095463627819,1.178409708147865,-6.6939482675110185,1.5240374568012527,-4.381294216770026,0.3923195237368837,-1.0423547138049827,0.6697938431767803,-0.11372671116287592,-4.065850154656891,4.079713404977037,-0.7707302983095854,0.0,1.0208905361010379,0.6685261667239262,-0.28530689752845895,1.165864469171063,0.3891021266533956,1.9055366853934164,1.2739025777429802,0.9217054831663685,11.645376310495292,0.22959900969912184,3.7004812589445715,0.23952107259748168,0.24389757855969307,0.35034486377876206,-0.34291153384606865,0.0,0.8776263059017353,0.410751538127041,0.22006369963594175,1.1972315787972754,0.46790849279250146,3.225617750821319,-0.30263313827143534,-0.23134308989701258,0.7042282625413954,3.34759291905119,0.47961722635303516,0.14652017218352853,2.2917669681397745,0.0,0.47732787526579834,3.320581147874302,1.5845954403508333,0.06201550524345123,4.481544721543607,8.561747960597499,2.5773255582976606,1.7775521659905813,-0.18552881017468437,11.693965195117029,0.7989997991117104,0.230149698828086,1.7254556739004112,0.4849670028811204,0.32605180499345465,3.145408395496485,0.25943902545120245,1.9982499587338776,0.13670542047039547,-0.15835316056436177,1.4598799413528596,0.9186121160183802,-0.27894020875782743,5.948898622881016,0.384976290152661,3.684056922107004,1.1173262594422528,1.1124025377913551
1984-08-01,0.9202571289525174,0.19926941167107692,0.38670533070366275,0.250941161380025,0.6991597474849343,13.972623623924774,8.937631609606811,-0.34447157728059175,0.7671270485735349,0.0,0.3541801196591088,0.2535431669147048,-2.8925599217191955,3.881765889224287,0.38095568797866797,0.42008845433680886,-0.0839983241327058,-0.226490675901303,0.7868958378696167,0.4279657863558217,0.45421891642236645,1.5957785438612149,1.8378721406973941,0.7662872745568761,0.6919922333402884,2.3793651622933343,0.39078639047223085,-0.06550933807814019,0.5326127789723856,0.9344550472259794,-6.791523698005686,2.939659060142752,-0.7767167192611169,1.6211094628083345,-1.3947227480980429,-0.2780096313813374,0.0,-1.165864469171063,-0.1943695970774595,0.18487465062260178,0.0,1.3667740839006015,15.249021316381207,0.51474730087544,1.1718508898137525,-0.23952107259748168,-0.8562749035079698,0.38396696193394586,-0.017768827007946797,0.5091253680947982,-0.09713453896331714,0.21363725341116968,0.24949459613550218,1.1194743490381853,1.5906909447787498,2.802845628697548,-0.31368606546973155,0.04790801752496687,1.3937507835128482,-0.7671917240005655,0.2389487405356494,4.210959858452323,3.122719263019449,0.10240420843725673,0.0,2.536367849185339,0.49685685631697396,0.3095019493249751,7.436384271826135,2.7633337217608744,1.7694039991466237,3.9898117087104445,-0.3720934525691,7.438275239026515,2.7583316179959017,0.45871640069048425,1.5519225147675453,0.48262641943446205,0.35743336185878327,2.010117316034332,0.7465156951590668,-0.42054733053968896,0.13651879253493426,0.15835316056436177,0.9111680351320928,2.4567846214725186,0.3659496982809429,3.9231946016144104,0.3834999046306464,-0.42643987864590116,1.1049799018127082,1.1876658722469036
1984-09-01,-0.19103032152609778,2.3607653736665846,0.30561675723879134,2.3938410930027576,0.3681738660835876,31.719629853630238,11.10767148480818,0.34447157728059175,-0.1092299387692286,0.16433908710413725,-0.06097611108568657,2.872370149890635,-0.06672227186652613,1.830841708167652,1.1342360709235888,1.0614201241771593,-0.3367006556337593,0.11331814026469544,2.2078117989257073,0.7092244218983357,4.5801287200357805,-2.1334142474991324,1.5533677373452237,-1.6936509530897759,0.20289127682064922,8.277008882449755,0.6220829794235883,-0.13114755978200776,0.4637496703380428,0.1971067837938545,-0.8175087606947073,0.8078520568103986,2.502514802872735,1.5457799685082207,0.28050509276340563,0.16689850883906399,0.7117467768863683,0.21298886443885667,-0.0973188638478728,0.5158380803469864,0.0,0.6764450111133247,19.367178913674287,0.7954640094860466,1.4598799413591435,0.7961825498073338,1.584430538334658,2.2506404109294387,-0.07110690036498113,1.1577500355974824,-0.4870930234594617,-0.35631607269364096,0.09960481036088709,1.9528179620460495,1.2703624595507446,2.93542131707889,0.131665588476082,-0.6005062282741613,1.5450951155854487,2.9765839198554382,-0.2389487405356494,-3.8638324432912263,0.8349949110457493,0.4085713821329051,0.7117467768863683,0.21443896673374319,1.2314478715204746,0.3701423103206203,4.668567522926104,2.404347267800633,0.30145938953731743,2.706758970808054,0.0,0.23157575694008337,3.8616511808293286,-0.6888660995185703,2.1895210702760792,0.5282125121627512,0.29149818211613443,4.713071717570294,0.6443220964795326,2.1442155620930325,-0.341647069591966,0.05272871200490137,0.37721659214513537,2.048810090562636,0.3472828633598546,2.974145487627222,0.47733845975752587,0.0,0.547950689365706,1.5750518063018522
1984-10-01,0.19103032152609778,1.223847803647038,0.46329888855356494,0.8932255904486208,0.7323059581271885,46.45415589624014,9.927682177489672,0.5486982223135595,0.6535970968928329,0.32787016659705515,0.6304266168075223,7.870134769436099,0.5491319238728032,-0.44077206347075126,0.7490269365251767,2.3846137372835363,1.2568242522418505,0.5646379935285495,-1.6734744895816167,0.4231367927888918,2.316947726651053,1.9573578639957567,2.178057475836792,2.907626408150854,0.6014081090726986,0.25940351748929835,0.4640357239562132,0.3275469682491927,0.6587628599039164,0.6169403991718614,-0.04507695375458587,-0.23014969911638872,2.4415007869591943,-1.2447260532213011,3.666771919221845,0.4437056641692916,0.7067167223091975,-0.21298886443885667,0.0973188638478728,0.5132008798770293,0.630916919326463,1.117306561275333,21.78363457255934,0.9574865025440804,0.9739728619502674,1.8853661372330688,0.6027682414020852,0.36268882554870707,2.204333596645558,-0.5054061338121141,0.5842275624227788,0.2851543548709312,0.7736669571066557,0.12468829576821605,1.5655897072552438,3.4343391029148296,0.34353878386417236,1.3401604541735335,0.5097717080186914,0.28710901146598855,-0.1596169524847202,-6.401582962949437,-3.4645962652290723,0.7110253565184799,0.4716989878139177,0.6760388675624895,0.5416346155249219,-0.06159532070340035,5.403975855221965,1.384105141191716,0.8331696433478086,3.5718082602078427,0.09315324381127255,-0.6082476819881943,-1.5224910789281232,0.0,-0.8510689667947435,0.14357504261117704,-0.19423767842075002,4.817951779528418,0.48914040265848335,5.558577738451298,-0.7557576329236149,0.3157897361134143,0.6006024060257964,4.266646085505688,-0.3994794717654848,5.379459313336321,0.2852996954445963,2.166531239748659,1.626052470459305,1.7179410417695453
1984-11-01,0.2668231955015088,1.8395697938155209,0.03960467724328787,1.2851582495600589,0.5658867158413905,27.425742081690352,10.00838500064809,0.4776535857347941,-0.8724155660434274,0.48977780226819867,0.5206540509814062,1.1558395686222411,-2.096161263304319,-0.6957085163984633,1.8484957084313969,1.6070470032607087,1.5696315655645332,0.11255292201477474,-0.6534676718896737,0.7012465795479539,3.1181117483574217,6.975616307202515,2.9119436896309026,2.384613737283403,0.5121414056347806,-0.5846070561266181,0.07714035890273863,0.5218537616075825,0.3277522605237948,0.3070487372637043,-0.09666194849834442,0.3163194585773965,1.2903415844192967,-0.05011275474435806,1.7841686476648189,0.05532503598939531,-0.2820876348701429,0.21298886443885667,0.0,0.47420756294225264,0.0,1.324532681556878,17.849763467677306,0.7816684488688441,0.909181510575674,0.31080056021086655,-0.4819188338700542,0.5528304258520578,-0.30779082924397017,-0.21553504982665395,-0.6819315272055704,0.21333341477545176,0.27626581047437426,0.37313476097557974,0.9854200117215495,3.3743584702218388,-0.17162186838461935,1.984923755666318,-0.5097717080186914,0.057323017333499315,-0.4001605980009426,-3.1805149948963773,-2.2803641517659776,0.1011610718206768,0.23501773449536856,0.6362693784300877,0.19002019931089187,0.0,6.77260206208441,3.8307119783123067,1.5680531994263003,2.810995893189361,-0.4666364043765192,2.7543456943770472,0.28050509276149604,-0.3462207728470723,-0.9062785611972934,2.0824226238873145,0.4203724864643821,4.984489343679144,0.6166037012600878,2.9114937580499323,0.13783599701215898,-0.6854759242461483,0.22429915946000634,3.780649759467636,-0.5759680814771961,1.8110756425253172,0.0,1.5560479937268834,1.0695368708772968,1.3451678672578131
1984-12-01,0.07609914922221961,1.8063399888642806,0.21101031225310152,-3.9061108963332813,0.12084593615733219,47.55166759647862,11.312511985243745,1.0159247553517492,-0.1095890509684061,0.0,-0.03216337582347961,1.3483586518231228,3.0540546317031403,6.817701918512276,2.174015079094649,1.7953803616595598,0.9788006366163504,0.11242638282240591,1.5768534076590512,-0.2098561095023932,8.231704248921057,-1.0739467118761947,1.689680039053787,0.7336790063854126,0.6750628749045529,-0.9600771979899836,0.07706093696566718,1.4853356704984666,0.19614052307224128,-0.08366032942488388,4.592933214842643,0.9429988439089154,1.8149214837723804,-0.7547205635384469,0.6170138570211092,0.2761669802729516,0.14114328384184915,0.9528756047322062,0.9680764995819935,-1.1713310197518645,0.0,4.711767176647008,3.6685816592852305,0.6099349798067255,0.607680721679571,1.9209196105514081,0.24124972385717314,1.1633240814004742,-0.4196544015053316,0.0,-1.2789156116322253,0.6725689064381424,0.0,-0.8415196922180623,2.374957260075905,4.159378737891906,0.9953332058251441,0.3025016857863383,0.6791197586520248,0.5714301263438137,-0.16051367812277562,2.536798737763224,-1.649085996980164,-0.1011610718206768,0.4683849312426158,-1.7416470092557645,-0.9613991339927797,0.0,7.159701292761866,1.5217360632741705,0.9163331337770142,0.7434978487517174,-0.0935891504906472,2.7102911406267527,-2.5975486403317927,-0.11567381278236866,0.5256881874275976,1.764205458910162,0.22562459208841368,4.419017403404979,1.5856166787489467,-0.10834237246113432,0.4809353131191241,0.2642009462839212,1.0401282479691965,1.8433184955633841,-0.4913152539826271,2.536061528722078,0.0,0.8711302852272063,0.5304976348804225,1.5308448168707165
1985-01-01,0.7956020536710184,-1.8692133012152556,0.643435224541733,4.145250109542742,0.37751968933359414,52.331020076905624,11.117687205371496,0.2691791665728971,0.32840752011900065,0.4874111794652247,0.9728522068745526,3.090499921157841,-1.053906440660679,-3.452262519730498,2.1277125584815537,3.53121814178321,-0.08120179171351438,0.560226613267023,0.3026607143200799,0.48900766418151775,6.980300557161867,5.808083803596853,6.2110531866948815,2.739897418811421,1.8454890855512662,2.04000130016615,1.0728021119199571,0.5115100660393779,0.52118012243767,0.3619753836124229,4.820499961344316,1.9713395360065444,2.3111929217460414,0.3025720916536745,0.350877553846618,0.16533484063880888,2.5758472520572617,1.8789868636503781,0.4805310413132924,0.0,1.8692133012152556,4.299568967021594,5.121893066806482,1.0964003796507082,0.822748950415364,-0.8406621919775148,0.24066911001288105,1.9711038425472172,0.4080210842515086,0.2611919763802373,1.3766195764150169,-0.5128669828670329,0.3049867757093594,0.4683849312424826,-0.22556400597613102,7.1556909458006075,-0.20028045949898043,-0.9258965200511449,0.7585371380854689,-1.3192046777584983,0.0,0.3711304187617337,2.213645781899429,-0.10126351108263876,0.6984894521950835,-1.9551672767822215,0.7942004326312979,-0.061633283307127584,13.04131831330686,2.4259480713148207,4.508795351435424,-0.264900817157776,-0.46926411781900157,8.625037357674392,1.4707761556952637,0.46189458562944097,-2.9806195370292166,1.959506761083496,3.012753626123077,11.608894859202135,0.5898538754174787,1.0781775603288413,0.1369863227923318,0.2635047638004817,1.5401844611615534,5.4245172161733635,0.05275652984408907,4.7505135077930305,0.1897485985124625,2.817087696173326,1.052649129001626,2.23569954486501
1985-02-01,0.5269190056412132,-1.6487374109019903,1.0287153220636114,0.8719833300957269,0.4509590505974881,103.94713083912839,10.314561552178958,-0.2691791665728971,0.6535970968928329,0.6462079168947366,0.8124644581049445,1.9902665984307344,-1.906731122620542,2.069243206617166,3.1090824066804745,-0.3096510301490163,0.08120179171351438,0.44592904779339193,0.8155385006952454,0.6252165171390711,5.9031890400997655,-3.590333772028087,1.153542041190625,-1.2884931303859926,0.7224999667644116,0.5997019470241671,0.30535783752276835,1.2674440896807582,0.5184779125333883,0.7646079459556976,2.5234185088598537,0.5006964563174066,0.0,0.10065426114014286,-0.17528488274134446,0.27495205663681244,0.616651490883191,2.1484070486346596,-0.4805310413132924,-0.5167901540370057,0.0,3.3500638163720176,13.353148821125904,1.2409764126309675,2.499455836489184,-0.8477892774620077,-0.36122714447914817,0.35918405963124567,1.317557343022635,0.7082717854552278,0.3898640415654242,-0.8010723746079584,0.6169568964929706,0.6520749697343842,2.19625429262178,4.070460605563997,-0.3917044118485258,-0.7768705450681146,1.3344651750629488,2.845951890837478,0.24067400225540325,-3.1893363774066152,-0.4178861074976358,0.30348342251000915,0.23174981403628614,0.58330460648639,0.9538300929596844,0.12322860401052793,9.063528511752494,0.3418806748786807,2.594119789520466,0.4763173863913561,-0.7554332431781496,3.7966597923853485,0.7381709593409003,0.45977092486291227,0.4875680063484378,2.2312393720875345,0.3430535096787146,2.8191096378112235,0.8783080369151541,3.47769503506008,0.20512827705703174,0.9429090288854081,0.5805531552605547,3.246699679240983,0.7880261425305513,3.1870225392707674,0.4728246108243628,0.0,3.5993644619420895,2.265521671126619
1985-03-01,0.5241383335462757,2.525386732120305,0.7999945954545229,-1.5109631399778944,0.7843177461026585,22.266903488552707,9.678440653399889,-0.2023609459542275,1.0799241021876682,0.16090160484290017,0.5547042302486815,2.772663238790196,0.6060624611692322,0.17538735860949117,3.015285653400135,0.8919441637069259,0.8084118399959372,0.3331423966763225,0.1738962857308124,0.7588916537795143,1.6700508580113516,1.3715422744919437,1.8130654944415792,1.4306395651238812,0.6209275918607648,8.784738589663466,0.9104599256232859,0.752826642708726,0.7085242325350904,0.9745713219611485,2.2769074364334507,-0.5564844633423771,2.7731105830425484,-0.40322635279381736,0.0,0.0,1.0869672243733142,1.007064388296408,0.1924834416405563,0.18487465062260178,0.0,2.6770169110938102,11.778296131114496,0.8188350529287014,2.421170899702474,-0.31007776860150216,0.36122714447914817,4.876946901933832,-0.17237420954008265,0.10139341461550266,-1.1741817876680383,-0.28637929040824517,0.5258021634285903,1.8399783118897783,0.0,3.801767334385758,0.1005833910996401,-0.25240587544657633,0.8250871889996958,1.7798022638814888,0.320000273868315,1.2998883163071184,2.603990901567498,0.7045842293859295,1.1507606851479668,-0.3641664621802043,0.5409886212422776,0.4301081899416914,7.83284980080694,0.6802747322749436,1.5278834006816844,1.311322226167655,-0.7611835039629256,5.158736879049153,1.246791731187047,0.11461319306240725,2.87651664031352,2.742282829651277,1.2991212712333056,6.785200505116062,0.7655328438936682,0.568036642275338,-0.13670542047039547,0.364299127849943,-0.28985527612745976,4.671373715806126,0.05231493710731172,6.308983886991415,0.3766610567437656,-1.3986241974809577,0.0,1.6515514924441193
1985-04-01,0.18654052400162158,0.3112358565922957,0.39761005990399667,-0.32102756302747615,0.5564844633407784,11.138785585188643,7.876795613049481,0.5387218416248007,1.7039815919751788,0.48115726247464075,-0.12202037904778251,2.2555982066719604,-1.0121543898004681,-0.9389740349839304,2.6060304394218803,0.0,0.24125464053832424,0.11080694876222097,-0.5614185687943696,0.3430345597071227,1.04555407920357,0.32000027306713363,2.9071814822050346,-0.4270469123452969,1.0258783820765505,-0.6278223486280599,0.6024198384202872,0.3742986272607496,0.7035568037314199,2.1322655303027016,1.045993902701292,-1.5464950419599166,1.358279457447198,0.10095912013525776,1.7391742711867941,0.16460909011881686,1.9405092003061064,0.30014503203124043,2.5630224696600035,1.3575620127971533,1.4300550142196222,1.6838690149699964,18.75986354157888,0.7110182941389098,2.0587448687754084,0.15515906991825368,0.7185748698134375,0.11375977233882839,0.18385526581004008,0.10129071249465049,-0.3944778291017581,0.3578461503378261,0.8702456027360306,0.1214697996303915,-0.3319199071660339,3.030673502092396,0.38129686975389987,1.372624398085448,-0.576845439673912,0.5497539959224501,-0.15987213636967645,0.6930034664682339,0.7114574170818989,0.40040931889189224,0.4566217979581122,1.8077137233593277,1.3471976296261179,0.12254903494604008,11.514960016114095,-0.3395589001134347,1.097781704137235,0.20822495810801644,-0.09555662456701697,-2.833050662622627,3.071339436048781,-0.3442344190972335,0.6594465725280774,2.166149678546958,-0.40030846374370377,5.254135206431698,0.4002172642974866,1.2282651855844318,0.0,0.20757661838457508,-0.14524330803231678,0.8280428513778304,-0.48934036827290583,9.52878955753449,0.46881223457329035,0.05028916374558712,2.4938808237324306,1.2536158711060374
1985-05-01,-0.26124675687833054,-0.560923876450925,0.10235995416136845,0.6410278368957023,0.11092624542841101,30.504039648654985,6.948729111746843,0.33523330087761316,1.7792201424467358,0.31949012317875614,-0.06946557006815013,1.994964009324196,2.709648968813916,1.9848871139976687,4.710443775236827,0.20470836217267863,-0.24125464053832424,0.0,0.2326935314064471,0.682617675207986,2.6284561392768913,-0.48038523126465726,1.191106780355522,2.1172279926055637,0.31356005888771854,2.1803472246782807,0.20000928833319165,0.24875634780312517,0.5085895583434308,0.42106028232908876,0.9474827814212716,0.8184044550539671,0.8396696891821431,0.6537614434031891,3.3901551675682207,0.21905813798284157,0.5946499187769128,-0.4003939038334847,0.28076890508641483,0.9792021842745413,0.0,2.0202596205784573,5.129338066715405,0.705998494686888,2.76330066371846,0.3868476777921348,0.11926402131710034,-0.031012560335597072,-0.08039508817110352,0.7040241407353154,-0.993056820259941,0.9067534795165422,0.1250701548809463,0.33328314413383353,-1.582458787752361,2.3413822470708165,-0.632945298898413,3.955922045164778,0.0826104954045892,0.38303740402551023,0.07996801625695937,3.0891237277691275,-0.6298913440441454,0.09984794204651593,0.22753138371354176,1.8459878114739148,-1.557234463273538,0.06121824494869088,10.348362221798624,0.0,0.3142143228457073,1.342995391877877,0.09555662456701697,2.833050662622627,2.111383137831524,0.0,-0.9434032233360146,1.8731036706063353,2.859075520817722,1.8159421566462441,1.126432879278605,0.4060919286312803,1.2236726448439317,0.6716635945538396,0.9403324261123114,2.3722218777347592,-0.3158451476350521,4.049085603766311,0.3734958272370914,0.6015055729791996,0.9803967179559336,1.3704691758992182
1985-06-01,0.3357581494552342,-2.2756987122616756,0.012796705473849812,2.8348354996491576,0.110803335436227,57.92036995396214,8.152391427080019,-0.06695681535773268,1.7481164944620264,0.4773294132521144,-0.04932459339270778,3.617416413193464,0.5923018303120031,0.05778676843855024,1.8237354240963621,1.118466158789455,-0.9708814126961673,0.0,1.1362664379424459,0.0,1.1902177584456108,0.6400021845468284,1.9373534817641591,-5.896747608811559,-0.1704845447030312,0.6525934878203188,0.1995907342779102,-0.8107309763497828,0.3797432595386674,0.20985561412820708,2.172023726823258,1.616985328632703,2.1506007621715284,0.20030051764341472,4.242071588395202,0.16397926604267976,0.0,0.20039734588068736,0.930238573762443,1.0053219287115667,0.0,1.8018130500482954,15.05727602717144,0.6012213362259988,3.2342137984146424,-1.3997118101099382,0.0,0.6184311608785187,0.0976142020033599,0.09832823538102886,0.8941937375658515,0.4238791224785654,0.21133105056811985,-0.21196071493618796,0.5613787198088582,2.473643147881038,-0.5558658003883998,1.065067975936873,0.08254230844273458,-0.547646494693213,0.3988836561264808,4.890858982949897,0.3256006132572743,-0.09984794204651593,0.6795043132828749,1.6742630365406352,0.5616099227105931,0.12232417427515685,11.145819286146263,0.677968698537601,0.14704229327038298,1.1224607645161866,-0.2869442427954283,4.728153363082477,-1.718536566232931,0.3442344190972335,-0.18975337761895084,3.285633208044292,2.37048136551663,2.178988749279842,-0.33075139466389736,1.2585114506978634,-0.950448431838602,0.1029336169114714,0.9315724847391849,-0.7634608080201666,-0.15829745632496284,2.9460849309335124,0.2791927266035277,0.1997005161934684,1.4528209178658713,1.6419909585744006
1985-07-01,0.07445591443562272,-3.3152207316901716,0.5482997607603401,3.8832439027169485,0.11068069751916099,50.8641758180611,9.815168057996715,0.7340706970644817,1.2158204479929768,0.4750617992680617,-0.21376627730962383,1.283591230909531,-0.6913607784817977,0.9773001039270479,-0.6042361447206823,1.2393392593202046,-0.40733253876381603,0.0,0.0,-0.4090033351010991,1.1162345328069367,-3.324181224881695,1.553137432791818,9.463655229485024,0.5671738645934177,3.311685512176732,-0.09975523885144,-0.06263702115223424,0.3783066637629062,-0.20985561412820708,-0.9324453794249066,2.350477162144138,-1.3179996090006085,0.14996253747656674,5.13731633948229,1.9470598872673328,1.2438785589608203,0.6982449816502312,-0.09263096757334832,1.4894280786601488,1.4098924379501554,2.469330195744268,23.808484449989198,0.19960652600694573,2.0106748776330785,0.23465008811247579,0.23809049221634737,-0.1645413781348637,-0.2643527773589671,0.0,0.19762852282148025,-0.3177407787095632,0.5263364141152138,-0.24279222882803708,0.521125319312854,3.4233221070975537,-0.6915516211211337,-0.20022996047983077,0.5758962843807502,1.4176900477123473,0.6349227678709823,-1.3573209111154227,-1.5767706624102609,-0.20001302902104,0.450451212110492,0.7581014943118358,1.4823870622517,0.0,9.838695863240687,1.6750810424815743,0.33206117169579663,0.6069821367074457,-0.6727560213056094,4.344731975893934,-1.1623210969446962,0.45714365325801865,-1.2422519998558812,2.131940202158189,0.8746411442868585,5.636561763054182,-0.06499447307475315,0.945986641315022,0.8828580264263142,-0.051453564294323684,0.4980444297049136,1.4145253041824013,0.10555947496726503,6.61550006792484,0.18569637495469138,0.24906613124513477,0.4796103739709956,1.7403464745560715
1985-08-01,0.07441922428950143,-1.9353290061030037,0.0,-3.1098448427373526,0.5515733785302235,50.9590338726948,11.37711120604692,-0.2663117412835092,-0.30257209064501467,0.0,-0.02157261420228096,0.8833058790234105,2.1569463663352106,4.365550493943227,-0.6078719921172371,0.06655574288951804,1.5391150312259239,-0.33277284164645593,0.4204095624516402,-0.13671358907374476,0.12742197129369526,2.6841790403348664,0.1986591167381535,1.4715984632514,0.1496649939844552,1.524503766085239,0.09975523885144,0.06263702115223424,0.12579625269451,0.3146415676775316,-0.7691822934744019,2.0056829579065294,0.16572223124331487,1.388911216066857,4.233829504580644,-0.053576213979189546,1.9968457365376224,-0.8986423275309185,-0.0927168520966859,0.49158671787479236,0.0,2.918658703905397,3.3336563421975995,0.19918364317903503,1.863407954489471,1.087811813945283,-0.23809049221634737,1.6637280922410902,0.30451918157132774,0.20065931214650057,1.1776387323822135,-1.7478597281124664,-0.36335627282335636,0.8170721807074344,2.384559059180935,4.278955488768743,0.4480202983232484,0.28169032711337083,0.6541315237844181,0.5399581153465199,0.3159560290392438,1.0288534630562118,0.28854100789795156,0.0,-0.450451212110492,3.9709120098502027,0.5575949883411813,0.06110602145534827,10.255452643974472,0.0,0.77177795639507,9.70049790098959,-0.38647391098907136,-0.6825965070398343,4.330742103060459,0.1139601262933887,1.432005377474832,1.4734659753091073,-0.14524330803165064,1.7634224036239488,-0.0389925185754425,0.642136066683463,0.7409936235465153,0.35962021803528366,0.4955762355017157,2.5540010936465407,-0.44056816349540284,3.698267108280584,0.18535218257205166,0.6446836109679666,0.9523952512201728,1.5923701340870073
1985-09-01,0.03717950487112098,-0.8119124438504377,0.2032455601684191,-4.732744401986588,0.3294895896851724,44.79547281924838,10.54169904575275,0.19980026560193487,1.0050335853497128,0.1578537339039343,0.3079219146485457,1.208834573412565,-0.09704027932802006,-0.7144850400062186,0.9104464404315338,1.0589112842797954,1.3573062665904523,0.11105303889342721,0.2571062693264903,0.5457169241748439,1.8332795327290263,0.16038495819752363,0.8645231071143566,-0.9339627596133049,1.0914085968996012,-1.524503766085239,0.39800957415483396,0.187676001285908,0.12562112626639532,-0.10478595354932452,-0.4621724825043416,8.619469905766586,4.5315244708397096,-0.09857073247592218,0.0,0.37443210368164337,3.3242320825533245,0.7992149587945807,-0.18570686975594164,0.14002434693929366,0.0,2.5063441919749074,3.2260996283420162,0.5952567851247093,1.3447635409248981,1.7618226690164551,0.11911025821831345,0.0,0.06881918032677348,1.0922406399124451,0.9708814126961673,-1.5046055612350617,-0.009594769048959506,3.232305112431355,1.4932363447186514,3.9160779731892417,1.3822547676437758,-0.5120794892578939,1.2150817782512036,1.6555785347443328,-0.7123100952879824,-1.9192321885098451,-1.1800157624728795,0.49925826361967296,1.1223462369849724,1.4737453567782222,0.27033955017032874,-0.12224940397791428,3.466301471228306,-0.33277900926758086,0.11469992403405627,3.7282557317950937,-0.4852023104526815,-0.6872879287763478,3.4387905470198987,-0.8004616782613994,1.2246973609973733,2.4335801728360362,1.0985944546786808,3.6266809211886297,0.4412100004271835,2.0950827209086142,17.173385703162445,0.40941715326630046,0.28208763486992083,4.639392156719779,1.6465602335412832,3.4370899941599475,0.2773856971580724,1.5207553320831124,1.4117883953494559,1.6258954558939627
1985-10-01,0.0,-0.5449604767564287,-0.05077718206365489,0.32258092569588115,0.10958905206375213,-1.8821147808135485,10.089883611271588,0.19940186068767574,0.2995508969822147,0.3149618947271282,0.24855939409054173,1.4956500120438587,1.5414563401186854,2.020270731752083,0.9022687452748257,0.7215511790707341,1.0256500167269866,0.11091285399080775,1.0124512845543165,0.2717359800690211,0.6231920165256977,1.7474630523264256,0.5640726176364463,0.9339627596133049,0.5134924514297978,-3.330818775604838,0.0992601718848185,0.18732443754432282,0.31337265362374467,0.20941614243548123,0.6529810231957311,3.0145823432495167,3.2687768772526216,0.7369230106547775,3.9919769448790943,0.05337603542840963,-1.8680493398006703,0.19880370806093506,0.09288911361746699,0.9745284441751156,0.19980026626731373,2.2839437318871614,5.406690823763105,0.9842628397566333,0.5600559561442453,0.9070356962438186,0.9478783668156687,0.43432218165191383,-0.44241503975426255,0.29486283359991816,-0.19342365798293848,0.45558165358610125,0.83954845205092,1.1027389752313432,1.0833957315184328,3.728309620005785,0.030055604093615074,1.07309077833877,0.0,0.47556232348651556,-0.3182182470519379,-1.407284694193045,-0.14587894615780486,0.298369846961144,0.22296553272691533,1.4523411645287254,0.4441054221420604,0.061143382522566014,2.9363808653718237,0.0,0.9846526553206392,2.611114400368475,0.4852023104526815,-1.0398707220899528,-0.05796541636566843,0.11474470564758477,1.0246945737995006,2.449102000462222,0.9728259840779074,12.865942531739272,0.645337692141279,-1.4081320312570256,-0.3944778291016693,0.45859952986018193,0.5617992297226149,6.07414543026179,-0.10429342158619903,3.9564931140184223,0.36867655525703036,0.43721225827715315,1.3921340859745168,0.959333045364285
1985-11-01,0.2227872097936512,2.8284713838581776,0.22827656857815626,-0.5652013431344916,0.763778944811877,3.150654326345892,13.079088055090438,0.13271402080721195,0.29865627077190204,0.3139729986068929,0.7046693646366009,1.58783844434085,1.8001433518659127,0.7539077173166486,0.8942005985091539,0.4239367184059484,-1.3433627534010117,0.11080694876222097,-0.0565024970302197,0.4062147439932495,1.3430816432922876,6.1087691979834435,1.2636863180956137,-0.9339627596133049,0.7675470399232331,-5.7901581800258395,0.0,0.3114297129378052,0.1875736927019922,0.31332718633994006,1.751944500208391,1.7058481175738827,2.7192133389187134,-1.8775255076953101,2.1431860760260157,0.42598573522931726,1.2492354839267028,0.4952869874641941,0.27816557580850887,0.7935455688834026,0.0,2.2329424160741684,0.0,0.7804891342997777,0.46683316481264114,-1.0590114093853575,-0.8288981328176348,-0.10083695520148872,0.3850690122626066,-1.1868459967757428,-1.5610073071078645,3.044102550123595,0.24670509149276043,0.862074304390914,1.8378044161656115,4.510391085492485,-0.7843966213870068,0.5505611264373766,-0.16116038943416733,2.652951426233262,0.0,-3.1285537853256606,-0.669598651877789,0.0,0.22246950221109785,1.1151939695030144,0.20319310329366402,-0.3674223355772277,2.681590873680584,0.6644542718670543,1.5391944221728515,-0.08594757727165003,-0.5825259191079013,-1.934976817987799,-0.5426369898474448,-0.22962122603482626,-0.18552881017455114,2.9259808141003596,1.8059181538395475,4.075506578483523,0.6539562950365063,5.007005264479902,-0.8933061885475713,-0.35650661644965886,0.9062453100055823,4.53551051362604,-1.40107370695981,6.435355600452497,0.27560184869988014,0.2904164679137011,1.3729700917573862,0.82650397991808
1985-12-01,0.25931124829083885,1.5810606026642748,0.038007467108869264,-1.4682156074551589,0.4338401598597663,15.532785901564505,14.039677445853016,0.7267954027920354,0.09935420588833566,0.4690990979291154,0.06178593826531298,1.2601663503388316,-0.2820876341643519,-0.32240758717545503,1.4727918384452199,1.421671763685306,-0.15923570243634444,0.11068430285092745,0.6665752512853729,-0.06757500922547344,2.429326947808663,0.2958582039752411,2.1501067174553246,2.122095548288483,0.4134817646609612,-4.245383349109444,0.19820607299037007,-0.12445552322137843,0.1248369754246248,0.1042169625008249,3.786123366437144,2.1772373726963057,3.370256712166686,0.5471289450591055,2.298951821801465,0.4241787908362493,3.297001924377585,1.0810962066720053,0.36968296189183736,0.0,0.0,2.492382159622153,1.4926062376304117,0.581388909545888,0.7483944525115138,-0.07607455749210068,0.11883883925234429,0.0,-0.0745990336722624,0.5941191565301818,0.29455102297561986,1.453234013628002,0.16097386228750565,0.5990604134309852,3.07401253596431,6.586004185841171,1.3935761144963088,-1.4898129369196988,-0.323102058953717,0.05132153050834559,0.23875856865509526,-5.42838778253083,-0.4629637898752197,-0.298369846961144,0.4434597067866086,0.5687219120602993,-0.7421994341169302,-0.06136852049003494,2.7531966673773667,0.33057881345008866,1.625860088074127,0.0,0.0,3.6621354688540997,-1.8237587553704415,0.0,0.9242209964820614,2.043763878268434,0.41858579326783385,4.092303955713561,0.40816950085984516,1.431564507992622,-0.19960086467154525,-0.10209291341052307,0.13869627743563484,1.6015685058839324,-1.0460160970826138,5.535619338017628,0.2748443720514082,0.4821610107660579,1.8019229111033486,1.0217833293940082
1986-01-01,0.8839887133653246,4.910135135103211,0.1138998939584468,0.5735370076574764,0.2162163004494122,28.490450225941988,13.428920105801367,-0.13175232406585913,1.4785878045081358,0.4669284820403963,-0.04256278620244913,2.644650545943117,1.309653891984519,-0.7021362899155559,2.882030412760339,0.6714653525639713,0.5974151040326614,0.33130284034994517,-1.3660771109743841,-0.2708160853500008,0.3863585291472349,5.670697435595073,3.2324637371933918,8.66832391688015,2.8345567095117374,0.02115282927057649,0.6906913900756262,0.09696599565276465,0.06236857586143785,0.2081315502344694,4.188089982786991,1.239173229519519,2.4200403640781243,0.44543503493779113,3.093369383542255,0.0,-0.904983551991756,1.359243616138639,1.1921430358515561,-0.17196681435698302,1.584191546565794,2.8811482782782782,-1.4926062376304117,0.4819179174503141,2.7503755853633183,-0.15232295329110634,0.3556598757091578,-2.9791698609193062,0.22363035782797525,0.8888331526075266,1.3632148790057919,1.9281024229496957,-0.1799407114924101,0.8214180164004325,3.9569949686905748,8.471784517966876,-0.1394839321508634,-1.5953602042094006,0.323102058953717,1.9812687709058836,0.47581374464558124,0.7178781727021466,-1.2736321599937748,-0.3991929724127097,0.8810629682154847,0.9095248522829724,0.4372547412610839,0.0,5.025339998187306,0.32948958968486153,2.590516686211375,5.438395618842207,-0.3902443976930847,5.658747462945968,0.8081250247509608,-0.11500863832383246,1.0979067282411936,1.7632263195931586,0.5277057100843585,8.019539282051458,1.1202273056968526,-0.5978403642096008,-2.6317308317372667,-0.1529429436816887,1.3081081542781536,3.149473216966392,0.9401399622583462,5.4960889862291085,0.27411267339987333,0.623353733161025,3.077121744220923,1.7340594613925422
1986-02-01,0.1465654880269618,-1.8844778774475213,0.07586723365315962,-0.16353233325614447,0.4310351501121801,7.651087887412311,11.970354158353302,0.13175232406585913,1.1673284304722031,0.46475838882589215,-0.024618513144325505,0.901238537973903,1.2009382211231934,2.1448543407483367,3.0771553139886443,0.22282358415626202,-0.09985023295899786,-0.11031800737777431,-0.1994018606865211,-0.0678236494177753,-1.1990551331913846,-2.6875733572715,2.5083226694269545,-0.6035021334469537,0.44486289319531913,1.490528277234393,0.39254129738912624,0.693415358899907,-0.24969103046013075,0.41492242729348483,3.214241156827091,11.653829452650788,-0.5641864262054153,0.049370526799119574,1.670990036987119,0.5277057100842697,1.3245226750020933,0.384979270880792,0.7266089510598928,0.6519253405590675,0.0,2.2174025765989036,1.4926062376304117,0.3838885682137416,0.18841950700888566,-0.07624857479604508,-0.11841667800833733,1.367554273802729,-0.5167970425537849,0.5853992066197744,-0.19361090268672498,0.8658062744805406,-0.4179292089141029,1.678361075282142,2.3011561891590704,4.349831291797179,0.3582806390295623,0.564654238821044,0.16116038943416733,-1.2145898302169487,0.07908264627278783,-2.924003024670352,2.134710671819899,0.19979567986059266,0.43763745997984493,1.7332529228454518,0.48601887407997424,0.06136852049003494,4.133599578259606,0.6557400546161052,1.2916724796369294,5.8514714061427275,-0.19569477869616492,2.2400936689167317,1.035064411920139,-0.2304148484850721,1.265839687192294,3.33645100797626,0.6075688394258094,5.402436608555483,0.06290969256248502,0.689499399040816,2.2313298963990036,0.0,-0.06842285658681391,1.7232608845147546,0.28208763416417426,3.5890982138717886,-0.27411267339987333,2.128243013433373,0.8620621849148247,1.106429341033989
1986-03-01,-0.18324044940172257,-1.3405882224701848,-0.15179206938169543,0.0817995955633144,0.963089306096121,0.065815730243024,4.659901496632557,-0.06585446402027628,0.0,0.30864324514303654,0.1232498820328054,1.490137038840711,1.1866866779899787,-1.6043124840576795,2.449120791419368,0.8863622448655573,0.1996008646717673,-0.3316691358230983,-0.7441362328737267,0.4062147439932495,-1.271082523151934,0.5718385846999574,1.9229236549747064,-1.4634407518438586,0.33697709667577236,-1.787075836221419,0.0,0.2957123889745894,0.24969103046013075,0.10346216281895693,2.8796103515405624,8.441734181457772,3.0643287009860742,-0.4452146854418526,3.506934203080636,0.4725658571215874,-4.339208064793265,0.8608453028137397,-0.3626445262720157,0.7835430479326,0.0,-1.4728129622099573,2.1979163155926518,0.47779754994192736,0.05790388103296129,-1.6147986400356196,-0.118557069367764,0.33701157792822567,0.17256264399718724,0.19576995625660842,-0.5830920310792909,0.623474931596979,-0.5153151940953116,1.0760208658056047,-1.0162043624489359,4.5432647034781075,0.2777779553993831,0.8894262452683932,0.40176831866105545,0.9627639605433072,-0.31670652046305037,1.9588040334030943,-1.0510922919993004,0.0,0.6528858882463684,0.6423022543697421,-0.19557429000096604,0.3674223355772277,5.12255499972003,0.6514681021196012,1.1463261328645835,3.0259494763111405,-0.6879634013537306,2.5001302205417186,1.6761783429630306,-0.46242856971128177,0.7162071796615432,2.0341908762190997,1.8008672225887423,6.018261276782244,-0.16995300401871916,0.5481968959329286,0.3004509020300361,0.504287503386136,0.2734109707313692,1.2956291390343821,-0.017607183776480184,5.239162530695118,-0.4584945160484022,0.7459242040571912,1.2794094856003468,0.706081401945111
1986-04-01,-0.22035117129250992,-0.19298815896502397,0.31594701634807265,4.163932190535302,0.5310686937240128,3.53053433065047,0.7769703227683777,0.06585446402027628,0.9624713374214888,0.0,-0.054760587258773086,1.3790113447483598,0.8133799926770546,0.26917916657120955,2.652663184313986,0.6596537191760898,-0.8008050803344879,0.0,0.5633817718255774,2.535157379129993,-0.2878735345354988,0.42674317962201336,1.8866438377511896,3.3819648239787448,0.24308653677866943,-0.5317464406496164,0.39100643369822663,0.1966568972038285,0.37336299409513884,1.028821580564232,2.129893293096796,0.6571765165050536,1.4976559713004267,-0.9965204538395778,5.040058835175243,0.20931457092803196,-0.7523546459998975,0.2853018772553506,0.09078086693237175,0.777358902940195,0.9775248904642542,0.591743352475893,2.8572817927846383,0.19045749011850077,1.279764392496674,0.6952519314882277,0.35523875560503626,0.1937127486027812,0.0,-0.09783707079122905,0.48614582862454014,0.4358035729208787,-0.11487194686141677,0.054869685876113294,-2.7833511968077262,5.08909320613917,-0.049546649183263014,1.0510829557004164,-0.08022463406609504,5.159582048777697,-0.39729889288455666,-0.6833032073376266,0.6319801948531336,0.2989470394531679,0.6486509229606696,1.932427282341287,0.21004607005576936,-0.18354241861153753,3.9797976220924625,-1.9672765598706565,1.2779448679370642,0.7423939071284025,-0.09866799024447204,2.137485958473384,-0.574824345387448,-0.4645769099172803,4.704700350609992,2.5650652877665436,2.325375392447704,7.240921818795254,0.6092750554895776,-0.7315990564647823,0.6975613736424968,0.20100509280256418,0.6802747322751657,0.37788818854815887,0.246218907364959,4.754312958594142,-0.1839880383895931,-1.2619938462528069,1.6806872626669467,0.897640023452347
1986-05-01,-0.11034867708694662,-0.5164633816840514,-0.22738262028711986,-0.3929278139889192,0.3172927040576923,0.9632419417680893,1.3893897631373164,-0.3297068598400621,0.858374369139181,0.6144432880493156,-0.3052262832702546,0.7106068314565395,1.1633240814007184,1.4411778661303387,-0.7884464484797515,0.841782055624174,-1.1116840106338177,0.0,0.3801563217346704,0.7220302482689345,-0.7886875656325065,-0.8553152641720185,0.8130126081116185,1.8824085245635835,0.27809729883654377,2.1302959396507504e-10,-0.1953215782640072,0.19627091678495745,0.248142079442637,0.10229788049445077,2.363687118392066,6.225015153902325,0.5390942784032404,3.7350779019963642,1.7976709092983434,0.36524955868022513,0.8147961091589329,-0.6669979658709968,1.262411470862368,1.238133979961642,0.0,1.7544441326229787,1.398662678990048,0.4746228282837439,0.32807960445412343,-0.9280809074471374,0.23613440962719778,0.3104775893524758,-0.05748780116103802,0.583476885719314,0.2905571051414757,0.4672125972602803,0.0095746585903278,-0.8262233723798751,-1.4379224695492354,5.408087962500012,-0.029739776179837918,1.6866022405814363,-0.0802890440567694,1.80356098993581,0.4765696073013803,2.9883517188101116,4.415955181174648,0.0,0.2152853361101048,1.4841471589628341,0.13737755676310748,-0.7375571234788936,3.2908403388715257,-0.6644542718670543,-0.45182697031695973,0.6634746048556073,-0.2965894413378578,3.415328232521775,-2.234621304356299,-0.23310033864767377,0.17006806820170084,2.1297391249940123,0.9466281575351676,6.293431414313488,-0.006259656233087441,0.7315990564647823,0.19841276350471837,0.40080213975390855,1.279909691884562,1.8817818406949627,0.14042480805001034,2.3689039501545883,0.2758552696014327,1.725386705124432,0.0,0.7403548431028045
1986-06-01,0.33069984837945654,-0.9102793674161447,0.12639746440701316,-4.8396540861850745,0.3162891408507562,4.170940176831595,1.2641346646887541,0.19795453577420297,2.067742842779019,0.1530227218990543,-0.020031648321694462,1.3266827140340443,1.4134510934904476,-0.4248545955083838,-0.794712362596095,2.7860366173951157,0.0,0.0,2.8889963205055658,-0.13087907335722626,0.10890479168346179,-0.28673854771534835,1.1440802759034696,6.103589058636771,0.9143911139722682,-1.7208426369077046,0.5848051043841895,-0.5899722127189921,0.3093016038544505,0.0,2.017648008880857,5.180607108454094,2.1277156172465617,-1.3599043958874457,3.056265041016637,0.4158010148661351,2.770260254933654,-0.47914921419809353,0.17905667003705883,1.0585108155920064,0.0,0.5779994863330362,0.6920308254066754,0.18922017524691803,0.8508275940625976,-0.8583743691391366,-0.47281609586447004,0.5531277358760578,0.05748780116103802,-0.19478943798914017,0.8666399932397262,1.125653335858745,-0.06706015331161552,-0.13837002346095417,1.4215115398331868,6.221383855894941,0.30688535692204866,2.474205582425154,0.08028904485883892,0.46926411781966704,-0.15860431556347088,7.0645065048500655,1.77242517030665,-0.39879498149968384,1.7057982904576718,2.1857201175637275,0.04334320663059721,0.12330457789166971,3.4953990348574493,-0.6688988150793662,0.3175353401078773,1.059757771316372,-0.29747171167420206,0.14587894636592935,-0.11797091419296635,-0.11675424560371184,4.891153075735666,2.539527632224825,2.8890324984908844,5.3366509171145715,0.006259656233087441,0.045547712015236996,-0.09915717222965803,-0.10005003335828988,0.06691201320232487,2.3610304049678454,0.24526991973292667,4.7423503101111875,0.5494597431850323,4.625189120588402e-10,1.2422341039346474,0.9503601934441226
1986-07-01,0.036674961374760784,2.2603480893063743,0.0,2.6907452919925134,0.3152919059616899,1.767863261184477,1.695837348911411,0.6570325870100202,0.18587365946265422,0.7616208007063641,-0.4734847573413248,0.9886927680223145,0.26281224062687514,1.7410094197880532,0.0,2.798634571748404,1.0111309604321495,-0.33277284164645593,-1.569715972049135,-0.6570340269013819,0.6076847174733224,-2.4710559628664086,0.7555125128980933,-0.8810629682153959,0.9941659694463478,-4.074063527847516,0.0,-0.29629651306537497,0.12346669538292332,-0.3072081234553714,-0.34256696639933804,3.320867099665259,-1.058229720153392,-2.676076441270814,2.803151385588709,0.7749974206950005,-3.1454952167885297,0.9560363985053222,-0.17905667003705883,1.5347578449382837,0.1943635208570882,0.4313483859357703,0.0,0.0,1.2628202053173387,0.23483376741086914,-0.23724319770082047,0.28400096406742126,0.28694420656503183,0.09745771335882836,-1.0602508959264512,-0.1977262137018876,-0.18227098156162747,0.414537003733928,2.0629335484731115,4.8691267092561885,-1.0233063315999047,3.2862730044028234,0.1603849581979233,0.5602255548663382,0.15860431556347088,2.0458217700896952,3.300629646817363,-0.8024283616541616,1.051534399952292,2.167179199936342,1.1346620836591548,0.1846722593162653,4.489595221612319,0.0,-0.0068907260722728125,-0.7662872745570981,-0.6975613736425856,4.698372999516387,-0.5721629498762759,0.0,-1.6313575491522236,1.3205474012045748,4.572224933809643,2.036799720509208,0.23143013628059705,1.9391813969332095,0.19821612039914172,0.0,2.314152856168983,1.8559466088199805,-0.24526991973292667,6.105298035607931,0.0,-0.8822903762367496,2.0367014180477927,0.6402402430588556
1986-08-01,0.2563672016017815,0.6999710412290305,0.0883743048710528,0.9607760055172943,0.7318380807678437,0.6355199399482814,3.491444116033904,-0.5252802622858876,0.4631782250036576,0.1516305464930312,0.19261953291414002,0.6288003657794139,-5.299848179521938,-0.914208016991136,1.3210334417336211,0.7604599385219402,0.0,-0.3338839176757702,1.569715972049135,0.5259645807220714,0.16574788502519144,1.0248991616832903,2.7223788900965884,1.1001211061973049,0.2832290703736362,2.3672387225103453,0.29111565717152565,0.19762852282099175,0.12329768052063983,0.3072081234553714,-0.7216921918669517,4.092249198277953,-0.2662856473156783,0.9497696988926219,1.1853587067094384,0.15428133685091439,0.9975145056817514,-0.3813092740361679,0.17905667003705883,0.5816125847427411,0.0,1.141227800832878,1.3698580670584715,0.2831367056418621,1.2608410881144616,0.39016826710613906,-0.2378190732503782,0.45135150138710944,-0.11467888570830809,-0.09745771335882836,0.4833262188019827,0.6411859204884518,-0.30772212857703707,0.7965980869082401,3.5379558563638502,7.670865725655651,0.6767541752685347,1.107912776965031,0.5593302636510256,-0.5134200309601724,-0.07927071362376914,0.09200479073889767,2.972937666987953,0.2012203596454043,0.20898649194593943,3.1378389984580757,0.2709835502632707,0.12292564547307094,3.88921589497091,0.0,0.9295476665829305,1.4906656683974395,0.09995003330827146,5.018001845848419,5.485836055204452,0.0,1.3883440638228883,3.1981602019264255,-1.6901810802603112,6.191364826344792,-0.1312896841757727,0.8007160218782339,0.9852296443010999,0.39960093133797336,-0.39292781398878596,0.867259762127226,0.5422911916480366,4.211494334158639,0.18247718530641777,0.7434978487517618,1.2024891577029795,0.9032602032089215
1986-09-01,0.0731219633679725,-0.4448688620684482,0.3527361333845569,-3.321487994644068,0.10411245084109844,2.2526126076404474,1.7010480000454464,-0.26367846523029925,0.6448663526523735,0.0,0.17383057908730848,1.5202604842170064,3.4454904083050852,1.3838149327121574,1.5625437617421412,1.5611765472112182,-0.10065426114040932,0.11140717035926784,1.7177215398143986,0.7838146993305539,2.559138806936634,1.7328953488984666,2.491589609933609,3.229559469134724,1.0298976765439338,3.1500377924822853,0.48332980313854357,0.5905528974042618,0.36900021908667924,0.509947943782807,-0.540834200926299,-0.7869290003711171,3.4079008293372404,-0.2490661312453124,-0.10718114638068599,0.2566077877162787,0.0620155058635552,1.045121778993896,2.82206010027799,0.6102570016929931,0.0,1.1284106090118762,2.0202949470613962,0.28236115324458133,0.9864444970911657,1.2384059199722852,0.4750622709511987,0.3472266066083529,-0.28727399066230674,0.5812509325135551,1.5311303904450568,0.1310186889026177,0.25970177625924684,0.4912673635789844,0.4335714441463301,5.825980971731509,1.8183212656388115,1.0021269593580462,-0.9607760055175163,0.8387747218700712,0.31670651966999586,-3.843382400888551,0.4808590734016932,0.40119497298771734,1.4508026489578718,1.3845748538780178,0.3909170193733047,0.4901970600204919,3.506973938040403,0.0,0.4122806550542535,1.7528619069181017,-0.3001503003757122,-0.2649008171576206,-1.2249281586952598,0.3498545842513856,0.16207458977341993,1.9729017321432174,1.5443375930577652,7.049494046477278,0.9216050844412571,0.7503897492944223,-0.7874056430904552,0.2986562697749662,0.45826594110893737,2.2765486630001774,2.5152058030800006,4.386300149623956,0.45476298208702026,-0.5571045049455936,1.9724217716907688,0.909773477418536
1986-10-01,-0.0731219633679725,-1.0887075193667606,-0.1132406464845026,0.8203491452827727,0.9321662527136176,0.5879388638334593,1.8852363501455471,0.4609820478160387,0.4580860048973179,0.6042334094821467,0.024430969425282,1.507030463341552,0.7104825623743594,1.1181398199672898,2.0460915503950794,-0.0860955713963607,1.4000228673391568,-0.3346288042689771,-0.8277665857781891,0.19498814111686968,1.5115392440739006,3.654658306372527,3.4139665812848774,3.333642026759609,0.3730002632361451,-5.517276514992631,0.19266852342374463,0.2939737540921694,0.24525141292492947,0.2032443227737435,4.69354573998067,1.5078693413410171,2.6702194526012857,0.2490661312453124,1.4373417533908306,0.255950997165022,-3.919591494867092,0.47149097342669144,1.9802624567391902,1.3042622596424192,0.19398648178268196,0.4198777550497468,2.6317413752434238,0.4688136492685402,1.1656407393055845,0.8425940314071401,0.11841667800833733,1.4410566988457996,0.17246338403942296,-0.9699383802437289,-0.5714301263440191,0.4735089261854952,0.12481230557064293,0.027221995540172017,0.7082400659179422,5.558714113043561,0.6601324816903897,2.667705243370216,-0.24164329116262984,-0.5584007064274553,0.236873383555114,-1.4826496685973467,-1.3373156211854906,0.29986097106755594,0.410678195265346,0.8323312918987913,0.5799987966633058,0.0,3.884805448769768,0.33500868852778254,0.6338240305363563,2.2788015010040352,0.0,-3.097890825817773,0.6049167784452081,0.2325582443474694,-0.0810044596744941,1.7401505619650148,5.696920163789754,6.12537292257489,0.35886882699971423,2.561459771094343,0.0987654401271243,0.3968259175620936,1.555442895565351,7.08336092613111,-0.22140858912864658,5.0583656478358385,0.0907006531292609,-0.046565774997464615,1.16504499720258,0.8781243672838455
1986-11-01,-0.183057605787873,1.5335763814352088,-0.07557103012620914,-2.397799870666084,1.1276388067935184,-0.10589067497037696,5.30884758235679,-0.8578079653781323,0.9099243855119177,0.4507911013754917,0.24703890314548005,1.3966503762393057,1.9281929549451071,0.8866169546585034,2.005095105505328,1.198644488036793,1.184614050416144,-0.11179795006581728,0.1733972599638811,0.25940037356586565,0.47587937663460256,6.350278826403777,1.8621096662819525,-0.20512827705574388,-0.22969122367593187,1.413688976050187,-0.0962785282699663,0.5853675251461965,0.12240883844336636,0.8089158435257371,4.640481025236998,-0.4499782603882174,0.7500456753855023,-1.0000083334582577,-0.47682209546713317,-0.15349197180842822,-0.9718249468918971,0.6563433750018444,0.5102074797379785,1.0063361392961045,0.0,2.0732858794026754,2.5642530709903966,0.4666496653427554,-0.6217916762115472,0.6083668953613675,-0.4744987149615021,0.911690659892006,-0.34522471819626865,-0.19389305761232656,2.079470015450813,1.5837435098627228,0.019179628072851784,0.2989538848366724,0.26047666608162157,6.537716619514944,-0.9429905098339297,3.9979781614860874,-0.7284532414628231,3.530047939274624,0.3149608902897505,-3.9973663862822306,0.4663752506977946,0.0997483453681447,0.4089985251524819,-1.0212397275136453,1.386771068502668,0.0,3.4965966379651547,0.3338901265515837,0.8444748634366395,-0.6956549793359912,0.0,-6.791860017898799,1.6263560639541375,-0.34904049397672665,-0.568875975441463,1.463912346517704,3.876104870023367,5.450763400022751,0.01853853999409516,1.5312932137358626,0.3940891799877111,-0.0990589481695281,1.5316189642310185,2.2519409346771546,-1.3906997248975372,4.435603893338169,0.09061846158706643,-0.37330887963733517,1.1516278643687983,0.7471371617760818
1986-12-01,0.146476563743958,1.32285393631828,0.07557103012620914,-1.7729463977569804,0.6097579868117098,0.6496254038504734,11.020019550072035,0.19860979716281868,1.0810916104212698,0.1498132450119094,0.19956067805608768,1.5103885408581874,-0.1737619898540821,2.9213470398739894,2.451091833198338,2.0497699264108826,0.4894772376727641,0.11179795006581728,0.25498602286528893,-0.06479169641107063,2.036369614703104,-1.8961012641250274,1.4205846373986475,0.10261673553122463,0.4259775862315962,-2.8935110859455104,0.19248307825159294,0.9680617710726036,0.122242563162267,0.3016477958470709,4.247392180821957,0.9872929859420232,1.1145391983326203,0.45124167818597627,-0.1594472833157834,-0.1537279318885254,-3.9845908547199826,0.7448916936793726,0.3386933492195432,-0.5648228497099339,0.0,0.9530632075585022,1.2578537643981313,0.37173462126260937,0.6756782462881139,0.6046881614891753,-0.23809049221634737,0.9488688303470605,-0.40427429685911953,0.0,-0.281030629925505,0.6074187473861681,-0.05756823344436057,-0.40788635748221225,0.7318221409553516,7.602676827287224,-0.4993890427461345,2.430621529737076,0.4053511833181034,-0.04505519337307251,0.31397200046670015,-6.334131089765416,0.22308988616763017,-0.19959628741466062,0.407332538763594,-2.46115785965646,-0.28558512078706855,0.0,4.480844326000266,0.33277900926758086,1.6481176333626113,0.7649550514095216,0.599402394021098,-0.2932553421279849,-2.497078960546961,0.0,9.107807637218057,2.4378238676803665,3.2832604486776606,3.6416757074134054,0.2466918423049247,0.2529512309956683,0.7835495523949909,-0.19841276350458514,0.3161558118728536,1.6268845593351955,-0.4505292666479477,3.0584627821267363,0.09053641887151187,-0.18717834196797511,1.1385162507255409,0.6982081186572566
1987-01-01,0.10970300541188749,3.0202603851419596,0.4145962070999154,1.7729463977569804,0.4044494896508155,2.4197088585527826,12.406144287779597,0.33014226090544163,0.8032171697264445,0.2989548463315117,0.5769072384811835,1.968802521574542,0.3472225710749566,0.19801986668621652,3.3336386208127733,2.6061000342085583,-1.0800301350768482,0.5571055515854795,-4.406736418057466,0.19424928614926174,-0.7036088834069698,3.6933255045681346,1.7842835179075367,2.9309829253830966,0.7635619645534941,2.625773308873658,1.2422538396687166,1.339732957181905,0.9121445319394184,0.4008088624233963,4.263368574952031,5.1211421432004745,1.2239988329407758,-0.05003752918990578,2.105340919782872,0.25608208616738626,-1.984327852893486,1.6559646067100475,0.33755008843057155,0.0,1.919444725614694,2.2773905454910537,1.8576604674725328,0.5550588180831539,-0.7028005681248395,-2.2096137068169597,-0.35820788182885366,0.468652134461478,0.6345564996605102,0.38947157182196435,1.5821642275200443,0.6195905117950318,0.15344779762909155,-0.40955688647361654,1.507642004319365,7.785763375856824,-0.7587364575550204,2.5220039548750988,0.0808734374849962,-0.5422516675851252,-0.15686277726261189,0.27923979051185377,0.555556984459607,-1.307213459705192,1.4127379259210482,-0.3327790092678029,-0.517519862646143,0.12217472503230908,6.364234745093,0.6622540760495621,1.4948305357590286,5.0981503492781854,-0.4992521603120359,3.88817915123445,-3.9159878501844325,0.5810591595465375,-3.7139546949456204,2.091960308269236,3.0337274917545898,6.203045411604968,0.9136347430417135,0.3362760629998629,0.2922554442601033,0.19841276350458514,0.252206943270572,2.8992275175239612,-0.26084703078241844,3.8672127909994636,0.6314914675318306,0.7930995618949943,1.1257809708955069,1.1424024991650688
1987-02-01,-0.10970300541188749,-1.4063209456017134,0.20039443735084816,-1.1784648168249312,0.603623563184863,1.2226446000909608,11.899984045826528,-0.1979545351137535,0.7085946389481457,0.4467631574989195,0.29305758827851136,1.715679860340824,0.43233962717064145,3.3411817532166044,1.8562160406459416,0.05414185297372143,-0.1976285228212582,0.11105303889342721,5.0684802098529325,-0.06470784578613831,0.4606118012991045,-1.9917137669037466,2.5026060781168313,1.679051791298436,0.42500991000982147,1.6177638138187067,0.3791465207327871,-0.5719748672785574,0.18143144259896715,0.3992087960557278,3.9200059199242245,0.985090994486848,0.4854464350692478,-0.5017571991981384,0.7265210991413085,0.4083721856994238,-1.1118947075035024,0.6366658300426931,1.4220206734342433,-0.2836122904264826,0.0,1.4464342824966891,0.6116107873725962,0.5519716340100622,0.28441815069261134,-0.6182399908319702,0.0,0.9618987428501757,0.11494251539487799,0.19310893352053604,1.1932220506968516,0.11080333543627141,0.15321269607522225,1.1966419648576032,-0.1797214801555036,6.967307174005,-0.0989609185165996,1.3669256298928525,1.0454457903863013,1.4841738592341418,0.0,-0.8400695607476472,-0.14784700530731665,0.1011610718206768,0.9970172319849979,0.5263899119544835,-0.4638422821866328,-0.06106870418802757,5.4009949141745395,0.657897109803951,1.1491868350890666,3.270487368623609,0.0,-0.14134244260013418,-2.057398046582426,-0.5810591595465375,0.9223739490587857,0.6790310760328211,0.9294707005668812,6.933957478108255,0.31691704461458414,0.29331678268174066,-0.7812539736794744,-0.0991571722294804,2.0567879928597765,2.6639629890331307,-0.20916863125597374,3.316167047082619,0.35905772195161667,2.115021368188863,1.4814871022323484,0.9026488909679994
1987-03-01,0.21928579519796543,1.041357036846735,0.10005569938753567,-0.3392708937083988,0.10025063496263975,0.6934671082577282,15.162060669842248,0.0660283946075868,0.264433825309629,0.2967370700624805,0.13964236530696894,1.627186595948782,0.2585094072103722,4.118353053576218,2.7212493549415795,1.6374006945852226,1.0821551743177338,0.0,0.0,0.9020662893731046,0.9952338215504675,0.12970170430395278,5.027926692192186,1.1684650954974174,0.5795980601571493,-1.774275863655772,0.5660470923920968,0.09555662456675051,0.12076620559842155,0.19899740835320756,5.168315481711561,2.161048221651063,3.099147710250083,0.6517947367215893,1.3864150183106716,0.0,-0.06990563024940055,0.3619849685120746,-0.24948151888004588,0.0,0.0,1.5544472159408684,1.8127035722568685,0.2748590907690751,0.5664209344752646,-0.23282897595890972,0.35820788182885366,1.037117199600801,1.0285804930508124,0.7749125316639738,0.6366551745542459,0.06326111234233878,-0.028717493906871283,0.9685305734461913,0.07492320722108925,6.399472533661166,1.7664836179806187,0.6035233506547986,1.8232768261055465,8.182682946704308,-0.47207011349383876,-0.15153158002916278,0.25858898783248513,0.20201565342015115,0.9871748479154174,-0.08293020516747518,-0.29629651306568583,0.2440513718957149,5.222069926622375,0.3273325344970157,1.3390085407968044,-1.121267553884353,-0.30075210639548544,0.8450756972561813,-1.1774395061771248,-0.11661808901841653,-0.0765403787845731,2.898753687324973,0.7169957992573028,10.418509029879175,0.20058024698981214,1.7009329390567984,0.2936859673311254,0.0991571722294804,1.2262569354412278,3.6683685660729104,-0.7883022340791968,6.752392970354171,0.4470167404232672,0.18181823190608348,1.4598590883299956,1.2338320060674484
1987-04-01,0.18238988208536533,1.5119731636697331,0.4614333201380383,0.9302392662312364,0.40000053333457686,1.580228411516238,17.47867878812208,1.896101264125205,2.0044244058645244,0.5908455464397555,0.12476902069646911,2.3307543699645272,0.42936948746992165,1.9725222551230548,2.2124964297898675,2.1075595675174474,-0.29397375409239146,0.22171980275302872,1.5153843001086464,0.3841279289387156,1.7444809450226195,0.1942376784207056,1.9424589308809859,2.296751675060227,0.22607049958214276,2.7368735392350185,0.46926756487941645,0.09546540104494738,0.5416911538381086,1.1858043885894176,4.648312377415567,0.5330430170681577,2.0906789714044915,-0.3003005259769598,-0.511248557323718,0.1018330026900438,-0.49071251641032987,1.3459132477293911,0.08323855865577379,0.7231848058011359,0.5687219120589226,1.2771299129733737,1.7804839106073889,0.3652844061989846,0.17467253349475742,0.7739976720315678,0.9489911195284861,0.21572411533914426,0.056834345034273426,0.5767770673781314,1.0820664640716071,0.9598059679005733,-0.24914558810671394,0.026770178181578785,0.10479827293441435,8.387704666237717,-0.19474202843969834,3.1567951171126207,-2.0635652877369015,-0.04114379815287894,0.39354635602353305,0.6262843060003576,0.14746546451094994,0.2016083728102025,0.3921573653181909,0.5515733785296018,1.688365441054085,0.12180269471766536,6.349835216930799,-0.3273325344970157,0.5022514696724656,0.48208353046932384,0.30075210639548544,3.986781600934819,-0.24534872254320383,0.23310033864767377,-2.010895292272341,3.283060336252319,17.450034511506153,6.165850195346234,0.26077487275557587,1.5105410709153055,0.48756800634834896,0.3956483895074303,0.7286006730934602,2.073052961212074,0.35112395625001014,2.5076550813943443,0.5338167323834853,0.0,1.4388534872429748,1.3866665986039655
1987-05-01,0.3274512035469357,1.0746372075482569,0.049760249510111265,-1.0152371464017929,0.1994018606865211,0.3394232595401725,19.434397437700568,1.4786511771298638,1.1154126797208175,0.587375057037498,-0.5555912732813084,1.5021764542061167,0.08565311016179855,-0.04501463051487242,1.7353880290957635,1.1147231436638538,0.6845992507989784,0.0,0.20447177857798593,0.9539043978118222,1.3973456224640968,0.19386112695016777,1.3670640307493986,-0.09465216040309699,-0.12372895795156325,-4.3838368802282535,0.09357533782523575,-0.09546540104494738,0.17990817579001117,0.0981582168994688,3.313027706719912,0.20426234377883823,0.68732655096575,-0.25094116054256155,1.1719879370316377,0.05087764037510212,-0.4931323836185664,1.328038732254777,1.8953874301314233,1.7083586234737158,0.0,1.2610783788104651,1.1695815506990392,0.4547658527684906,0.8155670581901475,0.0,0.11799750550549604,0.3687656908457848,-0.741377764639628,1.5192986467881475,1.4247792221903754,1.24495850106503,-0.13442837962709397,-0.3754362146537904,0.41809826471697065,7.2682134931612685,-1.2751521482031514,0.005660110373586352,0.8782491580348495,1.7136282242984746,0.2353865347329176,-0.5613140817332329,1.1173300598132707,-0.10075337899371206,0.1955034835803282,1.4471242299310294,-0.18774125042946288,0.24316121403726854,5.7974324135088295,0.9788006366166169,0.10708780450374711,2.782348308535121,-0.20040086867147977,4.4803276178507545,0.571546769176301,0.2325582443474694,-0.7056085724202799,1.0466202390806423,6.520262424791667,3.0058906341888125,0.07870875559823354,0.9677494882067261,-1.4698941766428053,0.4923692861784623,0.5429877594373522,4.816398635706154,0.017523876326297483,2.055974725846821,0.3543082385103258,-0.7750209752934722,0.7118139681890234,0.9719970876153167
1987-06-01,0.8680031311222969,1.5321454694435133,0.11186129520375232,0.9310266151096425,0.0995520241501957,-0.21852754674824837,17.991383209555423,1.2052159838772614,0.34071583216164214,0.2923803120441715,0.31874098517894467,0.6967206496518052,2.7028672387919173,0.5791391975451532,0.8565428059554181,0.41162908648813,0.8733679968755403,0.11068430285092745,-1.476206632698851,-0.06331495687810218,3.40398726323925,-5.098754112804338,2.248376151264009,7.741688559587079,0.024209138387920603,-0.045506257895366886,0.37348233296494726,1.0451401547709072,0.17958508744824186,0.0,3.0857298215623166,0.6913875572008621,2.368927637230067,0.5512416865195213,0.3539826705129645,0.10167769050866138,-1.8532248128929618,-0.08798790263579992,0.24459970056667224,1.7100094655730036,0.0,1.9851565717150965,0.5797548974696198,0.3623065370798706,0.9277733878241268,-1.3193827402779856,-0.11799750550549604,0.9704667442771653,0.11441646256535876,-0.09275991692070384,0.3530453799381661,0.5552142578472363,-0.12499230169047415,0.05372011947635258,0.9638986173650999,6.98457672557502,0.2957123889745006,4.433855715949445,0.23818987045367557,6.271647386762849,0.23483376741078033,-0.5644826104812761,0.5992935397607563,0.0,0.5842275624228233,2.701060047980164,1.697646180918433,0.24257137424879005,4.5731931426711725,1.2903404835906684,-0.2679031267222687,1.9759827845230227,-0.10035123772400567,4.780785309579327,1.71530792262522,0.23201866556981088,1.7934203871391219,1.394588603534519,0.831738640034585,10.139380386919683,-0.18173646123753606,0.3605050970275858,0.49236928617863995,0.5876608488984303,1.1367157993221078,-0.10498610387621454,0.0700648128154846,4.364420740009178,0.35303644346056373,1.318500573889203,1.0581955121029996,1.2301701077171336
1987-07-01,0.502863934454556,-0.8810629682155291,0.3472246186823291,2.2491577009775554,0.39721998604322906,-0.05343386236424941,8.810270243515284,-0.18933423137825756,0.5089069507474342,0.5822452059646377,0.02569668809746517,1.6659437956170198,0.24968801985862932,-4.668843058414307,1.4814939728447385,0.3076136750223002,-1.459879942115272,0.0,2.0341498947345826,0.0,1.8811667570256096,-1.8512698742292777,0.939273004287422,-5.124716786248262,1.008027297116687,-0.022760896878404324,-0.09322633964163884,0.47147659237025685,0.23893538093844313,-0.0981582168994688,0.4592014352943319,1.741037683094282,-2.0270541749429327,0.299401421260459,0.5537391445987083,0.7593050907598098,0.9309053977724524,1.65869429005443,0.4063456397651155,1.2336217446603737,0.5655057483345161,1.7052746492757453,0.5763592687655805,0.1806736577580459,0.827699660646164,-0.23465008811247579,-0.473375659726738,0.2914530635337753,-0.05719189598063501,-0.2848758334832002,-0.17636688874973494,0.4756433976900176,0.0,-0.10746911297654371,1.900364161804502,7.787934217239223,0.0,0.8840551351501185,-1.3897666388899221,2.661825383124075,-0.15649455463031536,3.7603233972431482,1.9188251232552216,0.0,0.19398648178268196,2.0630056624037607,1.1430250993674562,0.060551016079557485,7.031649841746379,1.2739025777429358,0.3087902804882692,-0.4903472895715355,-0.4024150299725804,3.737624978911658,-1.2077441489774188,0.46242856971128177,2.9693845117858775,0.7137789048296206,2.0963806585358125,8.114012190148223,1.1932891488323882,-0.2802804637640044,1.1718884113213424,0.09760859730572058,1.358957398064442,1.8962302650558094,1.1490377116402328,6.2312443066295575,0.26398264344948963,0.09029345985904769,0.6992934475670509,0.8557051718293863
1987-08-01,0.46469291365625054,1.173033978548954,0.30901333228001704,-2.164947169685405,0.3956483895074303,0.9882633150068099,4.7554913128145415,0.4412235333266068,1.0938266399569407,0.14503313697211695,0.3881012864633604,1.4197125402144017,1.0748346551434196,-0.942514045958287,0.41929105848508286,0.6378386211986609,1.3632148790057474,-0.11068430285092745,0.4493993552705078,0.3161565131487798,0.17206419780064763,1.3063093974733153,1.0560425985761235,1.5560954723082165,-0.043971175595780565,3.3795316425208277,0.2794547320625007,1.8639868659044545,0.23838203418762305,0.29425078936125004,-0.3699150394838646,-0.3724399090981656,-0.5704754565604375,-1.0015106244520844,0.4008021397536865,0.20151140320190386,-0.5718385846993801,0.1730281737009065,0.5661138058286053,1.6607355802633172,0.0,2.5046223613355068,1.1428475584571718,0.3603481462020497,0.5480180729815487,1.7850687417090505,0.0,0.3923867542020565,0.17147765398908277,1.410428776379824,-0.08830022648793623,0.7320453615368372,0.3361427762766489,0.5361943141384717,2.9392899243804393,7.8561148326552255,-0.3944778291016249,0.5939498960219579,-0.7038741981475916,4.201994483766231,0.07827789049397182,2.0135605045243032,0.7432347078221296,0.30197373863911636,0.19361090268663617,4.522685626678902,0.6271727068995148,0.060514374010178784,7.0740315011221355,0.31595602903693454,1.0640909038559965,2.1277398447284934,-0.7081466112784263,6.416862518509836,4.649240009838884,0.11527378798081855,1.931709397243564,0.3549879482200424,5.285968511309758,12.057194646372693,0.513899569093601,1.7882455464700353,0.6773127005845314,0.5836592444450339,0.9927088822279106,1.6999487643647448,0.8102794095256272,3.2965944606205166,0.5258423986576499,0.0,1.727134002436781,1.1978091132195114
1987-09-01,-0.5722329319144848,-0.643465221077788,-0.17293472251607156,0.2522069432709273,0.29571238897427854,0.5756489798974584,7.493199390473926,0.37664827954770885,0.08364701449625755,0.0,-0.23801202099535956,1.885021539226539,0.16433857437303523,2.939329869663254,1.247426959673148,1.1630978146861093,0.19323677510540982,-0.11080694876222097,-2.4835492500050904,0.566571394742521,1.378070588942859,1.9615103017922575,2.033126600238644,-2.1111385253731907,0.9178785264227329,-1.8210585408505953,0.5565953931854217,1.0105735980932007,0.05951086969382402,0.29338749372405104,-0.2893349591310379,0.35916234152906235,1.814140597942071,0.6521216990263312,0.1498876123741777,0.0,-0.3590668130730723,0.6890517566586762,0.7231884387495224,1.1987179589112884,0.0,1.054499245585383,1.1299866228160038,0.6275411936006225,0.6485107034467696,1.3751171612824908,0.9445325701165075,1.2006952266331972,0.0,0.652265384016637,-0.9764835690968088,-0.38060485923980814,0.1341450230227359,0.7458745287675761,6.557496359800674,6.38005764981171,1.0810916104214918,-2.3535578414098812,0.10085729548876543,0.9532287535689021,0.1563721976182375,0.8594282487334404,1.6610225403444616,0.30104702638507064,1.3448809812612872,3.5670407934007997,0.5497466245496518,-0.12106539008973627,6.336961393259344,0.9419221916489917,0.27667123359162993,2.9339784171678263,-0.10157441198348494,6.965858334374753,-1.7551152556610994,0.0,-0.5164157548236847,1.104204805491893,-0.5935616180205106,10.249195149018409,0.9314096217486245,1.2524625561210811,0.4810014083784786,0.580272421256689,-0.6412146714836364,2.882444880913848,0.3599284029647265,2.474210205636529,0.5231123643001823,1.9661044399156058,1.360546086386627,0.9718410774588437
1987-10-01,-0.17950883408479612,-0.7067167223093751,-0.11132166998528703,0.9193545739853981,0.392927813989008,2.066750093995129,10.634153087441867,-0.3137749671967338,0.2505220516934248,0.2894367568964107,0.44003518542599096,2.3831700530958955,0.4096687417329381,-1.0212894055501298,1.8424157389758555,0.7513183350782437,-0.38684767779191276,0.11080694876222097,1.3517953485452594,0.43846799947075965,1.7766507770404782,2.7742862482113217,1.917283319392027,2.2019238243911943,0.592406052873562,2.5883537664614042,0.18483355341123442,1.5419806657706037,0.2376738096419473,0.4870958244846513,0.06369523562680668,1.2404487374259698,3.097545093365417,-0.10005003335815665,0.3986054106831727,0.25131955927286675,0.21559476550696566,0.7695704672912917,1.3519069096838976,0.6662091933137937,0.0,1.6185280966943605,1.1173084245126308,0.8010724952275172,0.7598722891487997,-1.6832838150232732,0.0,0.8535906897235712,0.6262474215457114,0.09311914521155096,-1.1664555764929307,1.5438478271250222,0.009570991282537022,0.450153017529642,8.769150733759412,8.004474480810831,-0.8836581800497179,-2.2425684342648955,0.6030169026588261,1.5687963366544933,-0.7056085724208128,-3.1459548020129624,1.0693444430144805,0.20021323780960998,0.19065782705816048,-0.549780278064782,0.5201398763299281,0.0,6.1497464561792725,0.0,1.1114029470758346,4.035459558676369,-0.30534374868897984,-0.4149390360544736,-1.08793477367648,0.0,0.8836581800510945,1.714195321865386,5.374600660602269,9.062685312798813,0.45951561911903305,2.799799370568845,1.4292763556926324,-0.19305025300591083,-0.3514942107442742,4.689383533412883,-0.8936302809544827,4.692836055231142,0.26052329520589446,2.4908432166045102,1.0084706238714602,1.1335878616951556
1987-11-01,-0.32391566767371316,0.0,-0.29747094403820284,1.9770001401004045,0.488998529419149,-0.28464690180940444,14.044901159598666,0.6265684658928183,0.24989600676441626,0.43259041580432367,0.36309827902059055,1.9122292242502947,2.1036374438404337,-0.47023854604772986,2.0081149295023693,2.293848262735887,0.7722046093908475,0.0,2.0419649816162178,0.3120134054437784,3.3233035488861473,5.018518880859624,4.451073661899407,0.4526942995777272,-0.22994583634825538,-3.8286447815102598,-0.18483355341123442,1.1633240814005408,0.11861734344638108,0.4847346973681166,1.7210059158374091,-1.5330021375723923,0.8676998646479639,0.20000006666647252,0.9403682263182667,0.3507896355856577,1.9197176815498374,0.7636932805592078,1.7228216018196019,0.6617214620762812,0.0,3.1605256562893036,1.6529498173892598,0.35397027013321924,0.9195467093101928,0.6920442844574382,-0.4711569103897695,0.7957458420283281,0.9601880973184596,-0.18632508300195916,-0.271125335537592,1.7862934032025102,0.21040328657955243,0.026416589771915966,2.4780872545415056,7.633179243159982,0.295421189743017,-0.5096194492099193,0.4000005333347101,3.534176853320592,0.23575649426552658,-1.8462062839735616,1.244581745733278,-0.10006529120696328,0.1902950146086102,-0.6251523124936487,0.5637554310896853,0.0,6.86544047380746,0.6230549750637859,0.36772932347437504,6.14657826679379,0.4069181606724648,-4.572832223850565,-1.0797945346787685,0.230149698828086,2.8903746182337375,1.481846333624448,-0.07054674013922124,15.752595579857864,0.3051809624208257,0.9410948432944544,0.09456265480061177,0.8658062743116535,0.1173020662361246,6.058921965151498,0.27581468959088085,4.316690038230686,0.08669048886269515,1.2438504781044912,0.9983299505616383,1.2538889794196082
1987-12-01,0.10810058556218749,-0.8308653139017519,0.02482453917549421,-1.3963265881363984,0.1949318356050611,0.8015970768201708,13.233861215140763,0.37406527407961576,0.33222621919719586,0.1437819479376934,-0.007014935399229927,0.3273071261885807,-1.0462872107939614,1.721149177632908,1.7734348321978732,2.123119555497488,0.6708218735118177,0.11068430285092745,-1.5187053956237762,0.062271704896232905,4.605429696763963,-3.210851840841622,2.8563220664804323,0.0,0.35720042473585956,2.7969157305907544,0.2771313108628881,1.1499463296900991,0.05926400918410124,-0.09675488312002045,3.406049391541349,3.1203370532016272,1.5005658695573576,0.3988041177957147,1.902960570970702,0.3994014295937376,-0.35273405179661044,1.0929079364657257,0.3874655081962608,-0.37345767461851587,0.0,1.9802776413463175,1.0869461948904924,0.1765275733405236,2.2625399517980926,-0.15337426319486092,-0.11813690412170175,1.570235104038331,0.44868275999179197,0.8317821510154921,1.348335033728798,1.9721623778269137,0.19089893055213025,-0.7423151795857397,0.08233841552049981,13.77585570157045,0.9784813879996968,0.2915290510099554,0.09975063171236975,0.39986724389747264,0.5479465764625324,-0.192946785124537,0.101608814838125,-0.3007452312988157,0.3795070968551695,-2.565182791725684,-0.750161183753173,-0.060587702550218836,9.164124291647013,0.9273636785327444,1.3520109841015593,0.5524149257759126,0.2028398261392006,-2.200308860379341,0.28106824365758953,0.1148765203872415,1.7649593344119197,1.1474982476875173,0.4225358399172041,6.102971807819335,0.005857275100007442,3.3889062525628066,-0.9496747537256489,0.0,0.584455199628664,10.615588926378905,1.0275822565801285,1.4138020958434194,0.0,1.1443227222345254,0.6600589296491322,1.0862083204250874
1988-01-01,0.3953239161963218,1.88907624695549,-0.07449211291152835,-0.6639028534808578,0.38872740884015045,-0.4516309472185842,17.30235743032935,0.0,-0.16597514183573914,0.14357551223396214,0.2549446453284254,0.7225186000058947,0.32310205814445325,-0.36764747293096534,3.0771658666753687,1.5397674813147244,-0.0955566245667061,0.4414992811976326,-1.4702871230794834,0.43492648692833313,3.79072209051432,4.686893399154002,3.1849386716892303,4.244669024726289,0.6324667283205354,0.22041005176061113,1.1921294893161516,1.9164349589215313,0.1775654966402307,0.0,4.078166531873674,0.6305109995548452,-0.10645381508704865,0.49936056989814404,1.582387369135585,-0.09970090556699063,0.14124296133433134,7.6434272051516094,0.30887781552730864,0.11501009185730382,0.749067172915785,3.6367610885768897,1.6086328980067233,0.5276984082671632,-0.2862656756082438,-0.6931102063999717,-0.35523875560503626,0.6512910417149076,-1.0689272074525302,0.5513588865247776,0.5342844410493264,3.2729159209708314,0.13339821612490255,0.4778347291979568,5.723679603155607,14.377438663912478,-1.6691600093251324,-0.12323550741800207,2.0721017637516326,6.2520356981336676,0.15600627189016336,3.9344508725683625,3.4664872768876447,-0.604235287957966,1.3170463189744908,-1.4484623540714558,-0.1400326971736643,-0.027251182457099787,12.006271748834685,5.971923470162377,1.4232519558419643,1.1994928691581697,1.0080730528358117,10.647224637495345,-0.845585871856569,-0.22988515871107396,2.6926031244589588,1.6419272793371409,-5.890438758085281,2.742625434987378,0.5434698459612086,6.706957730226959,-0.6701796266018523,-0.2877699827615654,1.446365972027852,5.81217470588804,-1.6319180335453431,3.6905569456252674,0.2596214621798598,0.5463346222095655,0.6557307049653183,1.658548900138861
1988-02-01,0.17918717718599098,-0.41019688340178107,0.2728493036659785,2.8725815937651777,0.5802724212567334,1.926544371964889,14.582975254192476,0.3726712387696729,0.5797117684325226,0.42949382910792977,0.48738537273633753,0.3724521667900049,1.9169916107721452,0.5509655810970404,3.900222757785854,3.7374592196749212,0.7619084476437887,0.22002925173882915,1.1956955160245641,0.8027158920155486,2.6782420930069106,-2.6602249194072947,4.87320037824559,0.6042314455955378,0.27317290734649724,0.13201322049209985,0.2730948099413766,2.6395742765823904,0.17725076036461118,0.21299262578247102,4.08573921238432,0.4351728357399498,-0.31999363819843474,-0.4957868360786488,0.8998403127788102,0.29880500319818815,-0.0705965437015621,0.6177703064984108,0.5382541326349521,-0.5188283373909197,0.0,0.8368163545299456,1.058190477705656,0.4376499015601887,-0.6627923969391047,0.4626068388781768,-0.11868612833305647,0.5752150619176444,-0.6810469164874267,1.634130849856552,-1.792162661735297,0.46092685836609526,0.0761632916693955,0.9751032592173026,-0.3893869302233677,8.011124307405538,-0.5958309583630417,1.634459334229822,-0.6859409550888262,2.315990500309634,0.15576327136832546,-0.3927653627952665,6.018344828771172,0.201811807629948,0.5591813265777734,0.33568343035468295,0.5124973778559472,0.29865626977487736,11.190663646071108,0.8658062743112982,1.3739734740996656,3.3391658439731575,0.20040086867147977,7.325046173959304,-0.7712642250559121,0.9163867106790846,2.7546249593385586,1.3552119979645116,-1.5322516992364754,5.586173845221731,0.7432059378824185,5.942342047079885,1.0511324682684453,0.8608374536600127,-0.0574547559613503,3.6675314439632345,-0.3991328509126646,3.693641456319896,0.25896960667175506,0.6266993563393886,0.6514588738919969,1.3284693613433813
1988-03-01,0.321697700619783,1.5151805020602982,0.037160293125548804,-0.7308193306725386,-0.09647854100984787,0.8358546256464816,16.212320798947744,-0.8717365291254442,1.3125701157810532,0.5698039606521377,0.2312620569584034,1.8647238421348966,-0.07914523563132825,0.13726838119727525,2.872728766099275,1.8398544562329588,0.6619409512677255,0.0,-1.8983378086898206,0.36832889756803766,2.7237456140905447,1.246122043780895,4.38727839740568,0.9421911241628056,0.7222503052593865,1.2672225510207191,0.5439623292619267,-0.8438868645866737,0.2947322175471001,0.424629088145112,4.435826401046877,2.882696933966189,2.9475855063251455,0.2977669693923435,0.47036775339277526,0.3474811140903977,0.7037326720575887,0.3841658425055794,0.07664172004511194,0.5188283373909197,0.0,0.9331397787471829,1.5666303225865708,0.435720805078077,0.625392907629696,0.6899222460271748,0.3556598757091578,1.2640764551997918,-0.3422707073781339,1.4315375145200537,1.0791471632761507,-0.4049436518651195,0.19011859072115556,0.7576783470938153,1.2737614760065075,4.99400545806199,0.7936549595736864,-0.6916613547001096,-0.295421189743017,3.5386000821215124,0.07779074682452425,-2.1988112321305486,2.909756199575569,0.5027724217559815,1.476041558312069,0.33456036559229574,1.0960099148875635,-0.19900504080103687,20.366663179246558,0.5730674708986694,0.6697645545000963,-2.74477205364998,0.1000500333583787,1.200938221123149,-0.797794964810139,-0.45714365325801865,-0.46496264437632107,2.69881447176461,0.24191121564562934,7.171042978497111,0.45017993130542777,-4.144540817539033,0.0,0.4750602758597733,0.3442344190975888,5.3921607121066195,-0.5579787798438041,4.648670208147976,0.4300973159906185,0.7468914388771175,1.6103876702445952,1.2090562984102446
1988-04-01,0.07134805410871081,0.40404095370045745,0.4570443558895576,-0.08153282147538299,0.19286409064056542,4.62701010127109,17.63840581599041,0.8097210232620888,1.6168500969126587,0.2836890502563527,0.1907674547280358,0.7724700914760074,0.788647620691707,0.04571428651027887,3.819916444984184,1.7847780137834057,1.0314203016763113,0.21952937812903528,0.7026422926652565,0.36697721292275887,0.8038588360055998,0.7402871562282698,6.674723796836801,6.995858860690429,-0.34880621413702073,3.6034172534195275,0.7207396587913806,0.7598179231074198,0.46974982169070145,1.263174690590052,4.141455824390815,0.9877843002531694,1.9518051175829498,0.6913607784818421,0.14067997630871076,0.49431637975201337,1.4619125657242105,0.6116303433055359,0.6873033006044249,1.3139746456563905,0.5581409838194773,1.4344470082870764,2.557682463036315,0.26053729727899544,0.3236651649176525,1.2903404835907129,0.4722462838377517,1.1768570995819072,0.0,-0.1766297228734448,-0.6280864075413284,1.0577690830864128,-0.0474821769530287,0.026024723634199276,0.5268947425596471,3.0315049141122596,0.0987654401271243,1.3621408943509044,1.662629986582953,1.723425159581915,0.0,-1.9887322815836939,7.040500778508635,0.20039628987085223,0.18298266770759852,1.1952333523842729,1.8412413070798106,-0.12158783227871339,16.468441530784883,0.5698021114635132,0.3724059366645882,1.5087870923072622,0.4987541511038529,9.037272469233448,1.041995330365264,-0.11461319306240725,0.5312097484884593,2.771876952182817,0.5722045427243305,5.330451182718576,0.8886379640212105,4.995609784329913,-0.38095284166659305,0.28395665080762633,0.4001148521684428,6.047016860784904,0.1223241742744463,4.757415421928735,0.5137070741928706,0.28895788939689027,0.9538884550062576,1.6750276997399152
1988-05-01,-0.1784656738826662,1.3730192811902242,0.08622958254269619,2.0186393970754057,0.19249284095836927,1.4035145809233818,16.058385833097688,1.1104370734233981,0.32025647868767493,0.5649750721905988,-0.24315356257691434,0.4628633502921531,0.6732977756688463,0.6832183260470526,1.6892214162219643,0.6096252278822156,-1.0314203016763113,0.2190652729310294,1.1956955160245641,0.8510673303771199,2.2714840926406854,-2.2375078881247568,4.590970130407889,-1.5218555631245412,-0.0051851133030300645,1.7232856647285466,0.8046386050929222,0.41963972617633516,0.234057950803912,0.4175371410481077,4.1194718442114695,0.46580128349331673,0.30471704705719027,1.1741817876682603,-0.23457669682200866,0.6389798098770605,0.55134529741101,-0.4583762895172816,0.9091012484502947,1.0444248557789138,0.0,1.7146144474088576,1.5038053896633041,0.3463085758082851,0.19865911673737635,-1.9033692233303867,0.1177197064827773,0.7559883097843167,-0.057159205546319924,0.5308590662107537,1.2522524998890283,1.3613135629337414,0.11395558415223661,-0.8099325790751344,-0.06571022030334994,1.9163192400158735,0.3940891799876667,4.7388545422942725,0.6766579708873621,-0.9310512412389116,0.07773027985611414,-1.6111822513206864,4.876249438068969,0.10006529120696328,0.1826484526034733,1.2463263983729878,0.1030927926354952,-0.0388994454253222,8.168384589746047,0.28368813352006583,0.33630457093800636,-0.5599403787493351,0.0,-1.1814483413763455,-2.344339318993871,0.34344624486344344,0.39656363933486816,1.9742169631641548,-2.1551904136927647,6.309892274753093,0.35895155387830613,-1.2793351459909896,-0.47824098802169424,0.18885746878716247,0.11402509787297177,3.4004551746960487,1.1287781567729027,2.30391067583251,0.3409976850482277,2.8044918681624065,0.944875330617112,0.8951719810030204
1988-06-01,0.5700083615584717,1.4664673404247264,0.17223641892947228,1.9002947125615233,0.3838776307165226,2.036429312582566,19.885046738360934,0.8552281815316753,0.9546611883584966,0.2812950389907698,0.1555244406128864,0.6063926276902887,0.34273284834678286,-0.5005698734436681,2.4815155028681035,1.2725287645458216,-0.9469767737035006,0.1093529379149416,3.5721194866108696,-0.06055463212062406,5.976925462153759,-2.675318792092396,3.5076075327866163,1.2830969936743486,0.38752331341771473,-3.3915748054174966,0.5328683520073874,0.16736405580299873,0.2918081117601723,0.4158010148663571,2.931984351016487,0.6703663351907085,1.7094385625560982,1.3526776298203202,1.260226713540824,0.6835964120490479,-0.48226066599317274,-1.387834545331601,0.37635842633019223,1.4220656489159822,0.0,3.343474878111685,0.0,0.3451352734112234,0.4208447850136965,0.0768344256010689,-0.23556657246439627,2.097354304685295,0.057159205546319924,0.6183164936897967,-0.35618915663615525,1.2756313565506439,0.18964992093692956,-0.9223942061635793,0.38270234233017675,2.01951839830381,1.3672087968401136,9.269535143636162,3.2230277904913507,-0.38072970284001584,0.9280809074474483,1.3516665347367063,2.567745553357048,-0.10006529120696328,0.5459522204898981,0.8438868645864961,1.037872087823466,0.0608360487301951,8.484541816243851,0.8462673918732122,0.522513255558632,-5.99548614699128,-0.39880411779558145,16.620482771191057,-1.975269096499055,0.0,1.440758386327179,2.1729151543270486,0.5813080466213538,20.063537274805476,0.24425839230186597,0.21436235432545914,0.2872189624097299,0.18850146957700709,1.3020280173882792,0.8915154153553928,0.6025670293590579,4.913222346670709,0.424638490189988,-0.5224042421067221,0.31298482778852055,1.4485656765090222
1988-07-01,1.1654775875658885,-0.3365118150314039,0.30685148046716293,-2.3810648693717518,0.6682602434367801,3.915834417901465,19.811387847764905,0.42488683040016184,1.4931515130121475,0.5602273424194948,-0.22819574003412058,0.13426901862003682,-0.0777907468243022,1.179151984240745,1.2987096025860456,1.0446742486182492,-0.6682602434366913,0.0,-2.768192722098739,-0.4248947756720689,7.368921715852794,-0.1291989843796859,4.761564051724665,0.07964954622599052,1.3116122895442839,4.068569903141661,0.0,0.0,0.34903679284203903,0.0,-0.9788899742178891,0.6055486591629577,-0.8008192709286543,0.9551170984342328,3.3746932425279486,1.6409634626230796,0.8937838805036513,2.9076305169804195,1.1206623380048963,1.6474618594624957,0.7393749024938501,3.4223727781006463,0.0,0.17212196823308545,1.1055265525100721,-0.5390848634876821,-0.11799750550549604,0.5959895169980411,0.45610114354843745,0.17647316410873692,0.5338090967617948,0.5513360298111003,0.4159536921057416,-0.23856870162037858,-0.3169921220268268,1.6553786849784036,1.1571970983810687,-0.09657837395267016,3.212759107788754,5.647351581406335,0.613969695362071,1.2908957229684326,4.585783704321167,0.20001302902104,0.0,1.7302578404279512,3.642227256126196,0.09965122897384049,26.91202015864622,0.5602255548667223,0.8172472369302408,10.047053036363373,-0.09995003330827146,13.622366742671765,2.411271032906992,0.68337395785667,2.0592748276766493,3.25926036131996,-0.8270838999870467,7.68202990925384,0.48107284242053794,1.0649727916655305,0.3816798526699472,0.0,0.7843177461029693,1.5850440662978915,0.0,8.113520035021725,0.42282293221980183,-1.461064951743296,1.2422343835544414,1.810233946629772
1988-08-01,0.28050667583237043,-0.7330170966435734,0.20811969454790358,-0.7255170881172557,1.4171233848839115,2.370255326397075,19.54836242742015,0.4230891775113488,0.7770046861935942,0.1395678076692164,0.3483049692749596,0.8017920061755834,0.3108005609867792,-1.7739832965693036,-0.16142178112101835,0.9708814126961673,0.6682602434366913,-0.1093529379149416,1.9776747713875942,0.666876228779234,4.930049844945561,4.4255009004039,5.589704794734973,3.2121837288296984,0.983853828772352,1.0980183517457665,0.17698222993844936,0.6666691358188537,0.28993100022161045,0.6204776886882701,-1.1136973962931271,1.8068095469130352,0.10046544562016813,0.47415925725822206,1.6455786053358068,-1.4950845162570392,0.06842285590247243,0.30119975973241786,0.37078842586435456,0.6244296959163176,0.0,2.1267592908994715,0.9900878136617219,0.42899150396791264,1.4673154786721598,0.99885578835055,0.235844371487115,1.8063406134435134,0.22727283045940183,0.5239144914584326,0.08869180182271563,0.5616489757586773,0.14141276072967557,1.4229489103966042,0.12035670800216725,0.9157585704105298,0.3827755869765248,9.682115661522506,2.7618681977640946,3.246772705039991,0.07648183929229724,-1.5945177302351343,1.2797717538099551,0.29924523459863295,0.0,2.38554940892306,1.4096343255228128,0.19900504080103687,19.651159538038065,0.5571045049461709,1.3023072826520377,1.5081774557323069,-0.20020026706744076,9.736122883693943,3.1405517412788964,0.0,1.1399743464732826,-3.456654819413707,3.7728935411942555,9.931948886840036,0.1974264163198569,0.42283361095210026,1.2304935190379673,0.563381771825533,0.833569705735071,2.359794381878322,1.4145953826294466,3.29299977303551,0.4210625820348035,-1.2340757192412788,1.2270583638462451,1.5624087601414989
1988-09-01,-0.5618024054841797,-0.056609115579009384,0.11000183115390527,2.6348829696750453,0.187441479434991,-0.3709303503220962,24.255418661342176,0.9603915354181147,1.0011635414241216,0.13937328739599408,0.025835640113225367,0.9383694041926294,0.5431305952723342,-0.36781650663271215,0.8045157568922212,1.7076633208710001,1.1353007464998122,0.1093529379149416,0.24986012223546794,0.5423311226098626,3.133103335933085,1.3513719166722726,7.13826497599589,1.984797979851427,0.8744212809895124,0.9259325412797281,0.9679020295456198,0.6622540760494733,0.2313505150376649,0.4115232145106784,-0.6291779249861462,0.37874349925925976,2.5769283117799358,0.7540092273289112,0.48404934996018056,1.8773114507922184,2.965176805011538,1.047147491431022,0.0,0.7549434894633666,0.0,0.6384149222316893,1.9512892247066205,0.5123982451133546,0.23229535930120448,2.1180822079446493,0.8211310661323523,1.5821295471488028,0.0,0.262762798352556,0.7947061692533008,0.8233778256879098,0.1411951208876161,1.2739025777428914,1.5623622562554118,0.5700878908625029,0.9505774999700733,3.6839636153543855,2.2074416790386575,-2.061369437721705,0.30534374868897984,0.7357747973703255,0.5579522463505404,0.298369846961144,1.262415322839594,1.8439366945795843,-0.16374059875956526,0.09935420588771393,76.12255284026439,0.2773926882722044,1.0180739115982274,4.068678499357148,-0.301053915286964,-10.113244638001895,1.771014351194511,0.0,-0.1260239612288494,0.6106588463217655,1.0167331378927003,13.993952294371015,0.7578490369144042,0.4210532536343514,0.09402915596430361,0.931973194880209,1.8640890640850838,5.747462587539998,0.321027563024856,4.117840022444286,0.6700221498255665,0.8244069775080742,1.2121184820499842,2.0899196540125216
1988-10-01,-0.2820892351486748,0.056609115579009384,0.03663462550509422,0.23612761856810494,0.46707231105580505,2.055598263215508,22.809105952884856,0.2982406028120277,0.9153381986485076,0.5555587423439867,0.1597115286729789,1.5049418119170266,0.15265883721244933,1.8257010979153776,1.432016270246983,2.9701125457807454,1.122556221981652,0.10921675368429362,0.5406578284756769,0.18013689677873757,3.8870480063543766,-0.12210013726896563,5.303876890594317,0.5277057100837368,0.11234390295911112,-0.28089906110548846,0.08753139488408834,0.575896285200983,0.23081651959326877,0.6141268022082258,-0.024502797526013143,2.392877520735137,2.51223170844046,-0.28208763416408544,0.08775779413627838,1.2793351459911007,0.7936549595734865,0.8151068521714322,0.3694068600457179,2.0997311646342443,0.7339482488045501,0.36295369703376323,2.38674643298058,0.6791174537557954,2.8411001832776894,1.4121379217209018,0.4661918104451601,0.5924063188865514,0.4530018613207343,-0.262762798352556,-0.5291017634414974,0.5276361007774621,0.21614734395249968,0.438201500268276,0.665238504792609,0.759866829704503,-1.7175994771011283,-2.5130483938690773,0.9921395101599284,1.3879662195869447,-0.15255533088369688,-2.466566168144979,-2.9776327162922387,0.0,0.0,1.2708189180558715,0.7558157938101218,0.09925559127523798,34.074334809202696,0.27662534928909466,0.8834122491179652,2.0193435137306093,0.10045204260054064,-2.874678944392084,-2.2338383990093025,0.0,1.0661750414757254,2.0603255524139996,-3.445274015816757,17.24201048836691,0.7799210531449496,0.6282743179498507,-0.2823531287608372,0.3703707937484424,2.1494648067952316,5.43495917606176,0.7060039410724528,6.869354537445627,0.3333252146813237,-0.8244069775080742,1.197601951845595,1.4404240751829813
1988-11-01,-0.10598228649909558,0.7330170966435734,-0.07330002415173453,-0.07864727106143832,0.37209345256901116,-0.1895483503206119,24.639203555539346,0.059541531976181616,0.7564332588930966,0.13840876302557703,0.3665479148570405,1.8764105159529088,-0.8075663870233729,0.09041591936034266,1.4117796484886425,1.294452008710345,1.2939182371197067,0.3269864204971107,4.836621425439525,0.7172687106411502,4.209553020199386,1.8760005547550307,6.161368723032551,3.0361458346519488,-0.05616764572557997,-1.5796197219980712,0.1748163523440205,1.4658242911217645,0.11521661195974531,0.6103782938017943,0.8123842525122784,0.13831260849497262,0.8550943007072043,0.0,0.13149245813064425,0.42283361095210026,2.4724746782761597,0.515283960140489,0.4415038486731415,0.5969694134080772,0.0,0.09055231718861911,1.86922066560129,0.6745365408874715,1.3908430046134068,6.292282546007266,-0.34944567893617773,0.7206605001368382,0.0,0.7844182670407207,-0.5319161477601586,2.533096406140789,0.29993458403749784,-0.670970259186987,0.2883231214084958,1.32936507722079,-1.35660995267175,0.8262980972062739,-0.08514261902194953,2.165570525862015,0.45696956900660446,-0.30987187256301674,2.368802829566563,0.19840820605088183,0.0,0.7786801849096303,1.268946218485567,0.0,21.836751683342293,1.0989121575594396,1.3979676181242073,0.5663170645734183,0.10035123772400567,-3.2271486670396143,-0.8507241909208929,0.1134430070610648,0.24922131279532245,0.3456888405050762,0.257634453333333,14.269931936000768,0.15523956525624882,0.6243516639682145,-0.37771527437437946,-0.27764941482928407,1.529969173964707,5.203071135231108,-0.5206158370787861,4.337108106759807,0.08315798988540735,-0.8312599819367161,0.8888821427443627,1.40729403780192
1988-12-01,0.0,-0.6764400088542288,0.3659467261018179,-2.873302212737494,0.18552881017468437,1.3193554663633922,25.231403097870242,-0.11911853701516151,0.30097840629057515,0.0,0.18101612340588602,1.8835579879958875,-0.06526096848942231,-1.502418426791463,2.3095702588785683,3.8238525689719083,0.18348629001105898,0.2173818096262714,-3.0720693644036956,0.0,2.5653425358307613,1.7825783952596819,5.728267162175071,-1.617682335455406,0.7920716295862551,-0.4910998206626438,0.7829555565106894,1.2053179267555336,0.17256076046079372,0.0,1.7042834941337097,0.10360905779198681,1.3158101748213191,0.7504725654064792,0.5678110909660194,0.4210532536343514,-1.2285961199737905,0.8043777694231258,0.22002309815603027,-1.1975966169883723,0.0,0.18082037014526264,0.46188559225472936,0.41927845792906204,0.5509655810971292,2.39655427342762,-0.35067108514192924,0.913274469956793,0.39470031034518627,0.8628079433601332,1.1489300047756057,1.981268770896305,0.02806275936748648,-1.1982430420283574,3.4892742944822253,2.0650050779102314,0.874216349586554,-0.25825507805102565,-1.1135018690151544,0.5012541823543937,0.7570058860545625,-1.5414132954023607,0.2541297428672151,-0.09915489576322045,0.0,-1.6240958482431012,-1.1184661587897882,-0.09925559127523798,34.97317034156629,0.8163310639163868,1.1767336947811735,0.6978081213672382,1.7893121514049426,-0.3352333008754371,-0.673540662426575,0.22650066308527173,4.084688531191327,1.3141794697847153,-0.4855114983921105,11.53295869898856,0.21031362715424606,0.8264509849893464,-0.37914737362623185,-0.18552881017450673,0.6783224548104538,2.4327413287401622,-0.08422471650924024,1.7385770264814193,0.16612847878056947,2.187909771682861,0.8810505902684618,1.2696856642342862
1989-01-01,0.6693672512995796,4.0459938035489085,0.3767525027140728,-3.459982696416297,1.1060020574935159,0.48217985186704837,31.838116775323577,0.7717461871427744,1.4174053037360412,0.551709861750993,0.5466546632624691,1.1092564944901628,0.48687550629504805,-1.3857034661426848,2.702869477696024,1.0419721059825138,1.1845241003969331,0.864881847072585,-1.2778915487777098,0.47533680108857723,1.369812446784402,2.6156678648733944,5.160254047069896,-0.371333512466121,1.1550164208305347,0.5931094184095542,0.5530559288818182,-0.15987213636949882,0.4014927233354726,0.40485885260004295,3.8496983299273535,0.11499541285662218,0.0,0.0,1.3411405862833625,0.9756174945365181,0.5191445793248706,5.111132051281975,0.5115201763185251,-0.6042565437380798,1.2715884325302795,1.7018133040356265,4.505263351401734,0.6672229898183613,1.9048194970694654,6.191011217883613,-0.1171564854208107,0.6640003201320299,0.8963645102392448,0.1705652662951529,1.2227226569560212,-1.1000932844034583,0.6899816430927963,0.5227403435151157,-0.27842245364051443,2.418468801877105,-0.19361090268663617,0.15995081847616777,0.6011181690280587,1.6701849617928644,0.07538635863983956,0.33711684921837737,11.178652507030694,-0.997029367471125,0.7142887512380902,-1.9596462982490515,0.21629424438245337,0.0,38.75652617572136,3.2002731086171465,1.7633715106596615,0.915491489535869,-0.39486724554169683,19.19016679385632,-1.153462840116637,-0.11318620336835394,6.195903224023613,0.6036615200003759,1.3745401821720904,14.314771207841392,1.1543732860238798,0.8196767204179167,1.0392157767614485,0.7614933309336713,1.4968021384255792,6.3890241747821985,0.0,4.010002130309642,0.49667719127137744,3.1353050436025764,1.4514467956576294,2.2596694806036632
1989-02-01,0.49035834195771955,4.305740829715976,0.4478066240898748,0.0,0.548447444216027,0.5476971386333851,15.5121597373995,0.5896243497281795,0.5908436686169694,0.6854059022018966,0.5014099014256423,0.12359083893782596,-0.23228814161413425,-0.4662013105812157,3.3506487599867407,0.0376860754413455,-0.5449604767564065,0.3224016032625343,0.26368407231522895,0.6499333209982083,0.555171446750724,0.4579286765826751,5.668067639535634,3.652707023737234,0.07100414481642225,1.9586693802859934,0.490006757858108,0.4788516731796033,0.2857879231823013,0.40322635279381736,3.4883254543729203,-0.0919857486958886,-0.40707220322575566,0.5591813265778178,0.5571045049454604,1.1948671569804947,-1.565589707255377,3.535365311112071,1.2314512381492282,0.0,0.0,1.4109436471345216,1.3129445742678048,0.8278218531489134,0.08980692116795641,3.1722871534791697,-0.35232992059581747,0.5194503852560706,0.6116227024239862,0.3421256933928696,1.0362787035545828,-0.7273687399451223,0.2690964910271987,1.1147231436637206,-0.8607779360326084,1.3479343510007347,0.5797117684323894,3.1106895402895103,1.5293416169498641,1.1578670460549056,0.07532957041727073,-3.075763587972613,5.604819975740738,0.3001609756236867,0.3552401604367539,-0.24767814518980025,0.5625725532070636,-0.09935420588771393,35.41205920393473,0.7843177461024808,1.331189754735318,2.783741395021133,0.09886308269395627,4.868457312344754,-0.33201939610387754,0.2262444403968722,-0.6760589129872763,1.9315723881555336,0.7621646399179394,17.65898689729175,0.5613547811302411,0.4073325387635496,0.8423072729106806,1.2145898302108105,0.4600059223308417,4.664052248625916,0.8724887561876393,6.179718915194471,0.41204100729834714,-1.4750117929439366,0.860825100390139,1.6490524885088664
1989-03-01,0.06987037020831366,0.4153692368693118,0.22916535079913203,2.155970738335622,0.2730998511230709,0.8366215077590056,6.597503360588952,0.702990592825925,1.1713164663645692,0.5449622621915395,0.2683597302574725,1.8869890070155382,-0.8563695776875324,2.2182055525975297,2.4063276596433036,0.03767187838867869,0.18198367169861562,0.1072421065159368,1.4923762496390047,0.587202076265303,1.231144543750906,-1.5539881062208938,8.58994222337752,3.316000467905056,0.6365776763367581,2.70260062509311,1.1341081166550637,0.7140054133477403,0.2849889869303013,0.6018072325562951,3.859256578488604,0.27570379325112526,2.5153056469084945,0.27842245364064766,0.7238694584382088,0.2737227986408186,0.26263967822206524,0.7321355237390303,0.21573928509206475,0.6042565437380798,0.0,2.763569632109153,0.8657894212395156,0.575418402987582,0.5371543801912404,0.717992713480875,0.46948640601662817,1.9212565911109536,1.047707416738941,0.6825035706402804,-0.6031901097707237,0.9813371304209451,0.33306051807890924,0.07730962889902493,2.6720323634706444,1.0782186793785176,-0.1928640906403878,-0.1789229319697827,-0.08435259884413959,5.86212017764407,0.0,0.9212409694743684,7.600684259044366,0.39879498149968384,0.8826182628271617,0.24767814518980025,0.280103881101601,0.0,35.0607314191774,0.0,0.850944343569715,1.863208413234707,-0.09886308269395627,-1.6502903144429037,-0.47921750215924597,-0.11305823702851825,-1.1942137944303433,1.5250142227286823,-2.1519151042699303,15.55362609275246,0.4067765809485202,0.6079046076385097,-1.5023756760458973,0.0,0.20376981070153732,2.9927639573059217,0.25027125768692926,6.734035176617096,0.5739928130052974,0.760155690766684,1.6997335549164383,1.5436795501273477
1989-04-01,0.31373515450852096,0.9283202303548954,0.6724368517053492,-0.7410490890485288,0.1816530926398663,0.11248346990608837,8.001194697810199,-0.1752848827415665,1.4451118538175933,0.2713714726192862,0.5249574855928252,1.035318770882565,0.4680195750478511,0.9552039878246266,2.4863181412090096,0.18814680997059074,0.36297680505779084,0.6410322977173699,0.766990004246626,0.6419678923964334,2.0098798713245714,3.924302238149524,2.6483494711124598,8.701137698962924,0.2683050057695535,1.8320828702373948,0.9451590529690357,0.31570665527675956,0.6241037565623664,0.9950330853168321,3.797166494952753,-0.12626988993349464,1.6395096317824986,0.0,0.9290607366833292,0.4998874304175782,0.5884292885688813,1.5136738313457077,1.568103938751797,0.6006272035802951,1.0772096981911616,2.107107380156581,2.1322755839401353,0.49059112478762046,0.888894741724866,3.591330522621261,1.7411975683804037,1.0686599674771369,0.765031044508202,0.4235466140663391,1.2881242943282523,1.1349428255909455,0.331954906329468,0.4626068388781768,-2.038691721797692,1.4844044871587414,0.0,6.34858540974691,2.664603941829924,-3.1865441188532517,0.07527286768649333,1.4339610680455195,7.359641958054053,0.4962849823220594,0.5258557253466911,1.2292717794026853,2.2770377498954275,-0.19900504080103687,39.63177427793845,0.7782140442057273,1.0157489503215267,0.19077907217268653,0.8862687257845892,11.974925310992557,0.9561494585565544,0.5640172876260507,0.9111680351253426,0.4803126729127527,1.3297264529459785,26.655431024548527,0.9213298780903045,0.40322635279386176,-0.6644542718670543,0.0,0.1017294085699838,6.038365637295939,0.8793088592151221,5.115737262735603,0.652001930747037,-0.4393855680898895,1.3947635227352428,2.067103774920023
1989-05-01,0.17389040822530788,0.051321530508019464,0.09569919805461069,-0.6633523495633398,0.3623192369420103,0.622772208493938,16.48360321279636,0.8153801726932919,0.7859990447377729,1.0781810546895976,0.06906941187434512,1.9410392903579154,0.46583935173227786,-0.271985661777574,1.7580032370558607,1.5110818257200398,-1.5150422125219443,0.10642675453329531,1.1888194167086752,0.6956465433145986,3.142517519739352,-4.915275081069792,1.0651522398497815,-7.2543332679425365,0.14175946840424558,-1.5793856806619377,0.3855974413276897,0.0,0.39514683347317003,0.7889587275162757,3.2267081179770063,1.8098496396065311,0.2663261330149602,0.6466535235746029,0.503145715536446,0.7676714150749664,-0.19575862695186963,0.0,0.6344780506213787,1.1904676025551453,0.0,1.9819130023339682,0.8403248726029933,0.4882166699860413,2.7925025705471285,-1.779544058986371,0.5737302250461873,1.2909585371374765,0.921166072451074,1.259981550254441,-1.5477523068914145,1.1470017283928602,0.35836843890715286,-0.20533888118428045,0.40283068469302297,1.367030123817914,-0.8725212890871248,3.717164260618555,0.4918042699646463,0.0,0.30052614654625387,-0.11305823702856266,3.9135428943602113,0.0,0.3490404939769043,1.6359044010020973,-1.0820400935603214,0.09955202415010689,25.16335210782539,1.0282866955583447,0.17683520658682284,2.3028021969193624,-0.8862687257845892,2.3995505556216212,0.02068466239646405,0.7843177461026585,0.7342591587918168,1.4985250579518272,0.10501838786818318,19.594162752284138,0.4281136414956421,0.2010050928021645,-0.28612322810315227,0.8016074988236088,0.5071004781552979,3.0000508159213624,0.740561271479212,2.8862909070455327,0.567037589500563,0.4393855680898895,1.3755177588396172,1.1943710850817932
1989-06-01,0.27758677527041087,1.6790015382373014,0.1911071440041212,5.974334880958132,0.18066852249498666,-0.17976582105534433,25.192573902676862,0.7512315017467408,1.1323546329254253,0.40133962248649624,0.17068439383702838,1.749983637243524,0.4636793469800171,-0.5005698734436681,1.3315713813768282,1.0131798930406388,0.05516227040667232,0.10632989800658521,-0.3947048952944954,-0.2892690173440293,2.4625310512889076,0.4675636805603123,3.3492433320019277,0.13670542115331585,0.5433090834953358,1.234821786928375,0.8829764882923641,0.23612761856770526,0.11262164656269391,0.19627091678486863,2.5182416334099624,0.30410565757819086,1.6457693401217277,1.462548921897877,0.6253929076301734,1.1183297049385033,0.13054832141310424,0.2609218550574832,-0.21104570781731447,0.589996560029471,0.0,2.901077194762225,1.2474323229304751,0.4050138053678154,1.282616984841889,1.4723241552893729,0.0,1.0877701947158647,0.10781675156241732,0.16572917452579716,1.4623916529671988,2.0854534004275838,0.28395125894142836,-0.10282777255641307,0.606342744585664,1.2071531961261428,-0.3804697043662486,2.5526951609378123,0.24499808089832875,-1.6321768485696775,0.0,3.0963605141697492,5.496458532376236,-0.0990566762110845,0.5212870188533003,1.7868253830842118,-0.029407440294271225,0.0,20.74314360550691,1.5228720701825793,0.6686097956602577,5.103456886800917,-0.39643263019080166,11.203276726688749,0.30975760441358524,0.44543503493796877,-0.79096457567851,4.162252901233954,1.3700884458371032,25.12056809619945,0.32523244142979024,0.40080213975386414,0.7611835039631032,0.39840690148742475,0.8562127351170901,2.0733837216562634,-0.26268279757513113,7.328946352167501,0.2420270868356944,0.35806682378720645,1.0869518095661501,1.8260858650505072
1989-07-01,1.23968372302512,0.25195276618839024,0.32167060890921917,-2.379176455733578,0.0902120043138055,0.4607976807753822,24.48262436337405,1.1448321945992657,0.5614049832769918,0.6653405781428035,-0.22158963741452098,1.8051152611891386,0.0,-0.9626478189612708,1.5748316432424803,1.0574392060443971,0.4585060760649906,-0.10632989800658521,0.7060784670901654,0.0,1.9726237443324024,2.020270731751861,1.3454664790445714,2.2290689898368132,1.6101512158347653,0.5545477448718916,-0.09956671462347799,0.8610620715570061,0.28098518720662824,0.0,-0.35297260580767764,0.11239744917106442,-0.5189287142338017,0.9932361562685621,0.580192261610879,1.719998300919845,0.9090971701253059,1.8716243265524124,0.49174517960604014,1.1695817035089373,1.4184634991956102,0.7123154813496679,0.8230340494378208,0.16155552633430048,0.9302392662311254,2.7315810646961314,-0.22910174766535008,0.7298821221860319,0.2690343494148095,-0.08193348487268715,-0.1709402125647408,0.09707560524483405,0.29226433856770484,0.5130847582342835,2.2891711653416635,0.9953276099952557,0.8661433156613718,5.994035724253405,1.135454210292508,1.8063712437430102,0.3743920509466925,5.213742145138323,-2.4516038876691626,0.29687614697468945,0.17316021642779234,2.39148171689636,1.1463454577825605,0.09945301665092998,21.97898357586596,1.0025146619374148,0.9290977028278746,3.895594775278921,-0.29835924668892844,7.059867487197113,1.8589034914221703,0.22197567383130945,-0.11350739016644518,1.7882415087171921,-1.8209458371518217,27.597947323435235,0.03725364320850133,1.3902905168988955,0.3784299691238058,1.3820555618633268,0.9980122756722221,2.99606664121681,-0.4778784739040809,5.697738055036558,0.24146178256008177,2.238459849354424,1.0753222310414756,1.7306127137412883
1989-08-01,0.37574338228667514,0.6021091948582136,0.33250436023912755,0.5602255548669888,0.7187811718833537,3.0854560546568432,29.050327887777883,0.680660597268723,0.7668214640173421,0.13253854653676456,0.3315096139055562,0.9983437419934127,0.46153928084020635,-0.4616813371407069,1.293688950436711,0.9026961459592808,0.18281540740630042,0.0,-1.5749655587642408,0.5777036819878845,2.4024350252086712,0.17128180036753982,2.5654720781312426,1.6562154002004892,0.22959255901553455,0.5894113460676031,0.13273895540084624,-0.6254907023109268,0.16819158092316044,0.19588644853332227,-1.003627422136999,1.9137210648107583,0.17708635719442256,0.4482302439497765,1.6800231240316599,0.697170579790396,1.09290705321885,1.2075232155367654,0.070060333342159,1.1560604793112272,0.0,1.3317851042855544,0.8163535369283714,0.24184496263712774,0.754720563538358,3.529778208102563,-0.11473672620532227,0.4741988796646224,0.2683124426081207,0.7474578161764001,1.6963935218712756,2.3730739675805967,0.14581247298810496,2.1016091886060018,1.0955193720439294,0.9481784742880972,0.29027596579602744,-7.020065457286112,-0.08067769699420246,3.3735782922708624,0.07471050029996817,-1.9977533284658122,-0.7959896674092137,0.29599740065302527,-0.3466207976486224,1.7143276986438138,1.190834350979797,0.0,22.3648047485681,1.730574709759436,1.634602831745946,3.7312913170267414,0.29835924668892844,-11.088396113220833,2.6364618720938093,0.221484032955388,1.8565934122537264,1.5636897213711087,0.06023189460804268,27.232064824314516,0.39296822064365244,0.19704439873016177,3.16011425751328,0.9756174945361629,0.8897735419864716,3.4600774471911677,0.8388896963140269,4.331589582061914,0.1606385373730035,2.3792373255449917,1.32802159204779,1.5099600142820184
1989-09-01,-0.7529039220155909,0.49900303145302694,0.4967010748167411,1.8189509008665894,0.08948546458436013,3.654441254087981,31.888960270340938,0.732191387096881,0.7609860314142125,0.1323631143631765,0.4339799498976227,2.104924865189206,-0.23050336752161726,-0.5568459864373931,1.4039746744215043,0.8946203878493098,0.6372347462258343,0.10632989800658521,3.5435171179174496,0.3450303077431549,3.634815460266516,0.11402509787346027,4.702847928880018,2.4019330636148695,1.0524932045474333,-2.573106628876376,1.0801989048516702,0.6254907023109268,0.22384164719744248,0.7797310460031515,-0.039380046077658326,0.5495123180372374,3.61485068426588,0.08940545968814106,0.9704888139675738,0.6060624611691434,3.2707317975783745,0.2523616258500061,0.2098534215007941,1.1429168406513757,0.0,2.0031527317189823,1.6129445903049433,0.4819219643111161,1.4925650216676578,0.7916558077848634,0.9142846292377271,1.6172295831723194,-0.21459236215104482,0.9068209193582533,0.16806726645191006,0.8491618427282077,0.28191131166392935,1.071661346542374,2.1847550334718857,0.9518305079759593,1.6291687598186222,2.3173146329975802,1.6807118316380265,-5.814872303879537,0.22379718404534898,-4.696515252183264,-0.41782790591970986,0.49140749476572765,0.8643096156020214,0.7900718298439191,0.38999820021294873,0.09935420588771393,23.791490367078882,0.9756174945367846,0.2154416551936933,3.7200283686093627,0.09925559127506034,3.570289957063233,0.13789030058379836,-0.11068069751916099,0.7773498333384143,0.8309590624552499,0.6751207099298107,41.146272791912274,0.8023740486700959,0.588814262521975,-1.2891522918403897,0.5808341595748168,0.5398786119247934,5.480790968007954,2.5870480785363803,4.7785353243679065,0.3205049990330888,0.0,0.7884290885073586,1.9163614964223055
1989-10-01,0.0,-1.605654164431236,0.11788666941523473,0.6250020345172747,0.35714323675968274,2.056775451750603,33.48281912551432,0.5037794029956633,0.4812659684422016,0.3960413788856698,0.3944415710209981,2.8405259209228095,-0.30816665374087115,-1.3114942077828928,1.6342257575622021,1.186379563530049,1.7986096369781546,0.3182967717370033,0.5838848821743348,0.572412689695323,5.272768584250942,2.3649750883597775,2.594961217786823,6.818005460405585,0.40276140763242374,1.620718477751204,0.36021717936165487,0.38895420486642074,0.446185726586279,0.773698250215249,0.9417961740519731,0.8077764695589185,1.5511281902682583,-0.4478287824695393,1.8341822014396048,1.5842763387846404,-3.0153038170687374,1.0655031552587957,0.7657610263310133,0.0,0.8764297993588244,1.963813263099512,1.9802612602063618,0.798091289813474,0.6562779912522299,1.3528152201053967,0.6802720049077671,4.7485165674693075,0.375234957429571,0.24509435905968324,0.8361252724683688,1.1443375692385072,0.5524222107451848,0.34644924531437304,1.8625730460117396,1.4681024786498131,0.09501188363207902,1.6893685661503344,0.3169574761279659,0.4068146978490117,0.07448789916111309,-1.3447087431214477,-0.5247519475444218,0.09798894854853302,0.1719690879526503,1.8931523089012359,0.8038582666976435,0.49529571288475793,20.905383537606824,0.7255170881166784,0.49597757642172446,-0.5104296922191054,0.0,-3.3541671152123698,0.11804054095394534,0.5521825184307438,0.8810629682152626,2.186455120017161,0.13447891455120597,40.66191093228169,0.8637588652828043,0.39062549670649815,0.09263548601299298,0.5774799493884597,1.0226531783831927,5.995510190290121,0.9531446265552468,7.041146788128523,0.4788584968540288,1.8038820589676874,0.7822614797535543,1.9463224317271894
1989-11-01,-0.206332947854726,0.3030305349178697,-0.12969303202012838,-1.4908083088286173,0.26702285558783956,1.7297481360760258,39.08251663087423,-0.44767841975708045,0.20554991820938007,0.2631588792823436,1.1478382248124142,1.7067663515861309,-0.30911925696734954,-0.5199728094570144,1.7305727992230624,0.946047700634356,0.08908686558033452,0.21164719086081973,1.8254882836046704,0.4555761331762831,2.026039049490169,3.4457879923680323,3.057718851887682,3.9358971558460354,0.16182289148676254,2.0084039989745506,-0.06540623442123916,0.7733990599734231,0.16680394379600116,0.38461585874784987,2.736256621848127,1.8953830382783199,0.8607130466833812,-0.179694567670019,3.035252459160631,0.8038968615540654,7.077699328045539,0.249076716043084,0.48426094630396044,0.0,0.0,1.4848087684333766,1.1695813371258357,0.5548920689266268,1.6220955823540217,1.7525860430848805,-1.0221513020922224,-3.121125921584067,1.381531012562487,0.1642344181158606,-1.3411768510751543,2.329556260352472,0.18044368072267503,-0.12359413265312647,0.16157395521894102,1.3939095822149916,-1.627608931454727,-2.0015111564968215,1.3359727189929949,1.085184150948848,0.5198674909236978,2.032454105072379,-0.42179324396977025,0.0,0.0,1.2606360425586605,0.3457759304871466,-0.19782400121037824,22.984073162143037,0.720291229406067,0.9310096744539642,1.0531956224240524,0.2971770389157413,1.3296357158131933,-1.4457128718563084,0.32985186586653725,-0.49464239353280703,1.211073681895991,0.08955224479079149,35.61599694329212,0.15624862928005356,0.9699397088716477,-0.09263548601299298,-0.1921230177894806,0.43509858343262486,4.257222034091379,-2.610863443910816,3.9923894478941153,0.2385626761605586,1.258343768950576,1.2903781347531673,1.768799486866264
1989-12-01,0.206332947854726,-0.15140048312143328,0.38857557571017054,-0.793654959573642,0.08884940611153525,1.9159962036725098,41.54154229455216,0.2800337870319414,1.427139410533096,0.0,0.7324847420973057,2.0996641948975103,-0.31007776782487895,-2.10735767905299,1.4598762410281685,0.6777330659408776,-0.08908686558033452,0.31661709932073734,-0.41589890058375545,0.0,3.6293875668050646,1.0695289116752882,2.591113724988818,-0.17296055046895908,0.38891540182026674,-1.5691786198834379,0.5545311083106519,1.1489977038760202,0.11104322166026748,0.19175461292717522,3.5667492485808525,0.7016080656895074,2.494058460287718,-0.18001805041478747,3.724334889543668,0.5463346222098764,1.240051319845481,0.8668780882197691,-0.06904461872405676,-0.5698256055818529,0.0,2.1145264493515725,1.1560960121614006,0.394489043345958,2.9332265402952418,2.876910738043126,0.11409341667167894,1.7028529467472797,-0.052784391511417894,-0.08208349288159056,-0.5924689357699187,3.7513441992086616,0.11713206727899106,1.0334737653332926,1.993296533738409,3.3191441265912225,-0.3868476777920016,-2.1434846511464603,0.46729056993974893,-5.706982811105066,0.2958582039743973,-0.15488442082900455,0.3867116789720959,0.0,0.0,-2.5932487671717297,-0.7611510760652695,0.19782400121037824,29.081772809921702,1.895791374461675,1.0455889949709807,0.0523697314926963,0.1976285228212582,11.15619542129589,-1.8522776397524865,0.2192983335010723,2.17992283425823,3.310400027453042,0.10437636077700319,45.85646754786397,0.35844479364488535,1.9121041446779063,0.8306462157753547,-0.3853569315989791,1.3892439001118362,2.2922929508593093,-0.6839303650241213,5.655280518400366,0.15872619101160446,1.097304353277595,1.2738842287605578,2.033605892328938
1990-01-01,0.6505730725368863,1.7522350692199762,0.3753716095469706,-3.0746758578357625,1.060080598664026,1.0411297781385276,51.61120585015624,0.11179431013417229,1.3405026468048753,0.7853468225324178,0.5868412141513346,2.4667623341421585,-0.23319093349778441,3.7991273511061685,3.2088414286055134,2.9689947357166346,-0.3571432367596383,0.5254883166340818,-2.081753232446726,-0.6269660279114575,1.673722734626626,0.7933768726509083,3.6730886813953596,-2.040292284431633,0.9686007138591801,1.6629256971535167,1.4531662725207894,2.333564678029898,0.2770923692079208,0.38240964384033127,5.8115509302871455,1.9615670638419402,0.5852455630221076,0.4494389587838654,3.3409062131124934,2.0739026171924912,1.9756598436075024,8.901306078583504,0.9622147953673554,-0.5730912350695228,0.6956549793359912,0.5037935168562324,0.7633477470768479,0.9404327735169637,1.2422519998554815,1.673959409204162,0.4550540759420407,1.2096448027943296,1.0504298517916677,2.2868419111535587,0.6768215346137474,2.4178188034841064,0.7535061319469349,1.0229022458479342,1.6617812246694008,4.713349185825111,0.8683122573460267,3.725321718114938,2.455994512118753,11.05820444116783,0.012111526495584002,-0.1994902578904334,-1.0227562260697431,-0.09798894854853302,0.6849341845574841,-2.0328198587483026,0.3812997249852401,0.0,26.02692405998401,0.4683849312423938,2.3728518772173413,2.754046693684442,0.8845266514965644,4.629113572288834,-0.20341748267336257,0.5461510025521754,2.374535466588368,2.3623145763437936,11.913995532644872,34.692593350851844,2.812191660555996,0.942514045958065,0.2753558417182056,0.3853569315989791,3.0454450099460573,3.7719003106057247,0.7001575455871212,4.9427754223087925,1.02566152444723,1.838220799804935,1.2578603304249203,2.7505175272510005
1990-02-01,0.7480398456419124,1.0858941846028536,0.233887519106446,0.7368023508630195,0.17559267022653202,-0.10143703321161546,56.37780595033757,-0.33575856948462324,1.0596125631495035,0.6497605017340646,0.3238239372739038,0.29435326319879884,-0.23373598487044234,2.0752416404822505,3.6743511109958105,0.6368380832598053,0.9259325412796393,0.4184082706252923,0.352649239394065,0.22845464508476354,0.6704280130093387,-1.4611027225142958,4.525492280349412,-0.2948984738151861,0.6325629864826432,-2.1212916639197665,0.43816205937678987,0.5934735519816048,0.2105580564352394,0.9496747537256933,5.647187251518848,0.8996493127724214,0.10412864435331848,-0.5395696543852857,2.155179688681841,2.9925403296042763,-0.05755395842328426,4.844089215445213,0.9530335481012564,0.5730912350695228,0.0,1.5669752525226066,0.7576002139407123,0.7770071067344286,1.2270092591814885,0.5298025637553216,0.11344626841003347,0.6787654048562519,-0.6815229292493896,0.6226741989094009,1.9207271057123165,1.5765019941181624,-0.06060831559695501,1.0365285040266237,0.3290679386262596,2.2391638703432637,0.09601536983439019,0.7154568540016892,1.1308073758252046,2.9075905219768994,0.606062461169099,-1.700645149115898,1.0227562260697431,0.3913981272974709,0.3407158321613757,-0.3428574787175176,0.5833562262876235,0.09876544012739075,26.689795098952573,0.46620131058130454,2.2049633331743923,3.9938752284624623,0.0,4.5928931888398195,0.4266998244991438,0.21762794225947957,-0.4024150299732021,2.161446099762676,0.5014526211045034,8.945559896862697,0.33222543320681197,0.5612736904959892,0.274599714885726,0.956945101615192,0.138344499814691,4.324988221444137,-0.14613950802555564,6.6310866903273755,0.46985873495608566,2.7128667388253813,0.7472449170065509,1.9376407162178613
1990-03-01,0.06774089987544585,2.329071800608684,0.24500366661213135,1.5378692402651772,0.3502630551201591,0.3714338222732483,60.09770458794988,-1.014093197604904,0.9180392344960264,0.3878492021200053,0.34374388125986144,2.3857383881017658,-0.39077814480754647,-0.09132420726030155,2.8890846215859467,1.5416799336078313,1.0227562260699763,0.0,-3.19474436385887,0.34169000070507494,1.5873953903738691,4.59872199153506,4.100581109345986,0.7063007584477088,0.3653791972842768,-1.8937764032244786,0.3957614877926119,0.5164157548232406,0.24009615375382154,0.3773589383639919,3.9493514338543867,0.0720349915377394,3.203733712864043,0.1801802289262966,3.7727382412499733,0.9910883899454159,2.3891921424729956,2.07399274749247,-0.4073343975720345,1.1363544504256584,0.0,0.8444871803654941,1.1256936890508218,0.3862609758497282,2.7069321968216986,1.3775226023904352,0.33955754106846925,4.466038343265666,0.367550947513573,1.0292762240288855,0.9057287112509194,1.210365360476251,-0.10108986926846697,0.0,1.8176564087339475,1.747571006202886,0.5741642567674177,0.6092007875187821,1.3403030127340898,5.17900510389947,0.0,-1.4778034089600212,0.5947192620674446,0.3898551103469927,1.1834457647003305,1.3079515433811473,0.6417134320639395,-0.296589441337769,28.241783676782962,0.4640379556500207,0.5838471674048051,3.3684018501013657,0.0,5.843108343584147,-1.1214308574182486,-0.326619778662085,0.8032171697264889,2.7731413105526848,-0.13171761651475933,1.9762626610816625,2.7116361280331347,2.0314641351177,-0.9182800982336481,0.38022859497384154,0.23014969882821923,5.055225326724244,0.7447015151195835,8.593650325060636,0.5453712704548863,4.685174560973904,1.4778380389993018,2.140384649297644
1990-04-01,0.3042080459567664,-1.15775533424336,0.45341095802111653,-2.2746715911281967,0.08737440485973025,0.30287756621576456,14.427360825737434,0.5083320745610909,1.6186821533461515,0.0,0.20556509472502427,1.7607137088615055,0.6245141296779888,0.7282690358081378,2.7014011014097505,2.0354036547706844,1.4802185805136148,0.20855744933250264,0.37925678239760785,0.056821382121619024,2.6776326553167973,3.1896977230282175,4.432577429133078,1.8594376523490386,0.22696722494783828,2.5425098365807752,0.5554691165420067,0.5137625979592109,0.5530243524305867,2.418722561400344,3.7488844840314894,3.179048840937293,1.7761138666473109,0.17985616359155188,3.9919534244703403,3.9827417251974584,0.5046268067625315,1.9802530571900956,1.1498247211760404,1.6807141028844175,0.3460211064895802,0.2799282953614757,2.5784309081437584,0.3847552501063056,1.6188727349917276,0.6493529310547697,0.8998973403382848,1.2156554598658165,0.5227403297420441,1.121407755210857,0.5721306983608621,1.3801846445809396,0.26260777694187,0.2155947655066548,-0.21530464942323135,1.510493872543428,0.9496747537257377,0.8868343922982858,-0.22214003951526173,-5.549461651674548,0.5022612266289528,-0.4131288868788996,1.626052087177965,0.3883581371479927,0.0,1.625140838266237,1.06045532487955,0.0,31.76783226055764,0.9216655104923532,1.1462289911273515,3.4111834506862504,0.6825965070399675,3.19176029683077,1.1619741379248705,0.5437751300130245,0.9290046907095117,2.170016107237238,1.5952221121188437,4.72542021634994,0.36125674997862234,0.3649639087549339,-0.18467225931648734,0.7561472700576388,1.3245226750019157,6.428700287609601,0.9790624712127105,6.776920280967158,0.15527561960482217,0.1657001207626685,0.9732297897111497,1.6498786823387364
1990-05-01,0.06747252693664052,-0.1942691237509564,0.03478643133787429,-0.8250871889995182,0.08729812863457198,0.5696111899716971,7.315748218505291,0.33745813801457913,0.5124931140258138,0.5148033288834064,0.4850592149249877,1.5125341207332887,0.3108005609867792,-0.9111680351255647,2.005359552390873,1.2971596727918033,0.43122102181811783,0.2081074583255571,1.996074256253877,0.7359169941963728,2.2318564606033764,-1.3357394460519423,2.8749915778478936,3.562717764315071,-0.007937138698999036,3.402833456016152,0.34184236646268573,0.21937851577149559,0.1489425357261709,1.0969031370574367,2.9338313909693325,0.08964590470363909,3.1368684342082176,0.0,5.902529167087467,1.280620137927757,2.5946804755210717,0.20619441366749314,0.8037588404106177,1.105029268202129,0.0,0.9043409680273395,1.444074153797681,0.3067379921795954,0.5822432751434903,-0.3891055492965645,0.44692996986333,0.545511834404877,-0.2610286195829925,1.106380750347169,-0.0815328214754274,1.7139509876695325,0.18138785703500915,-0.1676446327252279,-1.6297327661902283,1.7300224072723136,-0.37878833169351367,0.5503040552211014,0.591280362711144,-0.023199164934084582,0.20020026706752958,1.2343013845306672,1.701299966082892,0.09685008658699701,0.16792615197198657,1.817731128354172,1.318167060856057,0.09896091851651079,28.368473201915833,0.6857169726139034,1.054803690709205,2.706932196821654,0.09713453896322832,7.317260588965779,-0.5487260999399446,0.2166848085089157,-1.7322218604360007,0.8052243979782769,2.2446911813342574,1.3282696258480664,0.5685294408632302,0.9066245237756121,1.9222559847075438,0.5633817718254885,0.2718624238991829,3.0199817381007854,1.0486273401574486,5.450737440106989,0.23248063597849367,1.7071983898650167,0.9638492483701633,1.3196447111568907
1990-06-01,0.20216178755019243,0.24277749239529633,0.05795599160087761,1.7248887609556895,0.2614380574069486,1.9848484882181605,11.109405153166474,0.05613247410916067,0.44628700148976463,0.3843707140542385,0.1393385742427533,2.1699722239690633,-1.092054534666076,-0.41274995538573833,1.8633967615887315,2.4362698074052336,-0.7775417142798169,0.10389950521760838,-0.16953945852451469,-0.22585846863885095,2.408212893434225,3.912605908004707,2.5127847830119676,-1.2860115729606658,0.3078779370595086,0.6595846558352214,0.38068401008413133,0.4373184812223485,-0.014884274791171492,0.36297680505787966,3.1156240438824367,0.9413932675103265,2.5397726147719624,0.5376357036379176,3.886886889937724,2.293848262735887,1.1917800864035266,-0.15459664206214363,1.3254099592220125,1.6349152329194538,0.0,0.69011947959976,0.7142748909851449,0.4583790283999356,0.8670574551135957,0.0649561568796031,-0.33500732891607043,1.8853426934611672,0.0,0.4955653271625948,-0.49059787688543466,1.3780925105145947,0.02014335445679194,-0.21595689256868056,0.5371217792860428,2.1785556570031783,1.319529041883083,2.867104011897653,-0.22132063626476572,0.900802949984425,-0.1000500333583787,2.2906907733120097,0.571910726209468,-0.09685008658699701,0.33500868852822663,0.5443671581174314,1.3929165847723635,0.49334091179558115,35.43357615855616,0.9070356969963722,0.29327226316335775,3.2119549422119587,-0.3891055492965201,3.4279960740392523,0.1221996078744958,0.21621630044963425,1.4676714415937653,2.066443698715137,0.6195885029394166,-2.0708516956645884,-0.06299873891952856,16.594266470991272,0.6326275052876973,0.3738322110607317,0.9457399920735021,1.499016869885006,-0.38004796337745006,9.15318644397053,0.5403195905876679,-2.2384081383537424,0.716890662099523,1.5288476525105321
1990-07-01,1.2709147153582734,1.0612738296358337,0.3586219958567227,-0.3262645634817041,0.6073771383568349,1.7532916658166364,12.150932263611125,0.3361347702705242,0.5708864220320464,0.382898960779432,0.049145038373765715,1.6546869348613935,0.23501773449527974,0.09186955170723543,1.3245203590505294,2.575249610241359,-0.8710856474248629,0.0,1.1568252401187529,-0.33973891400638223,4.896969948567698,-4.1942466504126585,3.13737603403737,2.445925157296003,1.3347963275012642,-1.3790785815450235,0.010002856447144381,0.4354143308619829,0.029766334495651137,0.0,1.5284933557727864,0.7467854299141763,-0.431379488839978,0.08932559772141246,4.1642771959773395,3.1680115128864372,1.6025984015843875,3.097474815391843,2.2136177742246854,2.1390782969418876,0.8598505255231537,0.6854186747825342,1.7637130995662442,0.30440359780063986,2.0648651035301446,-0.6514681021195123,-0.22397068904229656,0.10059301298168677,0.2088773655296361,0.299802297330265,-1.8197359051907114,1.40826592467298,0.07044432717515647,-0.1201778777017104,0.5071555880255207,1.807266283455533,0.8391657636248162,3.870407968949424,3.269452119325811,3.2797240147636186,-0.30075210639557426,3.6193180843414385,0.635347397217334,0.3868388186162086,0.1670844164816998,1.133615378634012,2.4129713924292417,0.09837679101334373,49.028830041723495,1.3453117697119765,0.7061232063214185,2.693288235958624,0.09741841978421206,6.228284421390673,-1.4970032457970905,0.0,-0.2652521449129086,0.4864217130362558,2.1449880867778326,0.7765044201557991,0.9458054676741767,-10.978756188018801,0.9861128765781046,0.18639334380639028,0.4472279368397114,-0.9285640397040495,0.6641390635378386,5.488311718080007,0.3841811029825948,4.204627806816585,0.7117364962512696,1.5341840607559556
1990-08-01,0.5303324006879606,0.9551170984344548,0.5757066972703839,1.1372990172270558,0.7755316767477538,1.0883590145600586,12.115523644520554,0.7799482434823535,1.006931100553965,0.12730787493788753,1.06336251971344,1.9932479981411344,0.15637219761828192,-0.13783599701198135,1.606472508973722,2.0816925426612176,0.6974744927070287,0.3110523752291705,-0.3600724034371616,1.0158058400678627,10.925773300415198,2.8156187394086984,1.586766544211221,0.3289476650393919,0.43732244583818414,1.1597000657734835,0.4688124804084204,0.14471782554661416,0.6526276501276129,0.9017193650188382,-0.04607756471419755,3.1984231024889453,0.578639965883676,0.9773511826982606,0.7845375067613958,1.512249673608057,4.558013196667243,2.176158443034959,0.57785337732561,0.5277275402295167,0.0,0.27283410850253986,1.7331446221692026,0.6815820372815917,2.9168734590657275,0.6514681021195123,0.3357572283861465,1.007737405612108,-0.10438411947126802,0.3991885708691356,2.310333782076146,-0.17617700553738125,0.4416336597991233,1.432689262076181,1.5684838690734448,1.6895067270173314,0.0,5.503145987257541,0.0,0.37756846631217256,0.0,-2.383644815451058,0.09995003330859342,0.289167110346078,-0.1670844164816998,1.9139340210696076,2.417917803009084,0.19646371741632862,160.3337876254558,0.22246950221118666,1.1805556011716956,3.436764350420818,0.4856736112950344,19.415601444095664,2.267485565074523,0.32345041676586916,0.6618157842470218,-1.5759054569417952,2.8821840587116565,-1.146454614785708,0.6844666214113282,-3.119837085585697,1.4172070678375892,0.18604656529204178,0.44523671058009917,2.5164256264692764,1.6413029641329402,5.418978774477933,0.9160499228301866,-3.6072148119505876,1.6412795338443864,3.096944733425756
1990-09-01,-0.16543319477158036,1.275105824100864,0.9029091753220087,0.4834820054582245,0.17152662867543356,1.171084755801477,13.461830695182098,0.11092624542863305,0.7485998777369218,0.25413056025964664,0.4740310440620732,4.776466761448628,0.0,0.5502077153983986,2.362308400502444,0.7383376719212631,0.3469214234012252,0.3100720199618934,1.952752953649295,0.8386984180345003,9.26731612174887,2.287266166599222,3.407603694458711,0.6546668226315333,1.047057933817097,1.6157199990983084,0.6743972270888854,0.21668480850878247,0.7071331764107569,0.8936609966407438,0.6796565985193737,-3.1886340564236892,3.745824325545044,1.4047641013248402,3.940318217430372,1.4209214981388385,-0.35505997230225184,1.745914720928754,0.5108523303848589,0.5249571901669636,0.0,0.0,2.040879684467445,0.5269071128807035,0.8858660998583678,2.120220765060221,0.7790807141359046,3.0631557008865773,2.0672570776673282,0.5919571297873016,0.8932255896331398,0.5568323868464287,0.6090521296378881,0.9203604789432163,1.052687858066248,1.4153836341286752,-0.0928936434659633,2.9403649254814868,4.336343708522072,0.1993135417878822,0.40080213975395296,-0.5938651567582554,-2.0522166821945076,0.8624843980550523,0.9983443984182827,0.9955544631095492,-0.48513720253806625,-0.29484050842967235,12.89841743327511,1.1049836186581619,1.0561293934534532,3.5836615169041686,0.0,1.1456260359090198,1.6625320333839788,0.7506737663752538,3.5000332140038726,0.8996789146891171,1.2153134211314143,7.463238723414745,1.1335917428681341,1.2248622076196813,-0.6175582044149586,0.5560718684696209,0.708280960079799,8.339930699138032,3.4139249521500936,13.680469310966092,0.8323890552099478,-2.4791889523457566,1.6148257175364833,1.6526372423572109
1990-10-01,0.09928277175870193,0.934149716911481,0.6803581708529016,2.8528083614538513,2.0356937068744863,3.4027409079409043,13.41811436128486,0.9379379105038055,0.804708768297635,0.8844053081311642,0.6072005046671158,3.7456835506500585,0.15612805669529273,-0.3389367967824519,1.9268447538389744,2.269188275237921,1.1192540432277909,0.7197894131166116,2.6606184494091245,0.1668924839706598,9.37749648960402,4.902942724031911,3.4839552766747275,0.7584001681039787,0.8838765002334714,0.09000090608388689,0.3158026638172551,0.7189103572470934,0.43943237549717296,0.8857453834060891,-0.5094755983608312,-1.7676853898575207,2.3724275831247255,0.8680610064306649,3.506356297962032,5.229073208740065,4.228433940673448,1.3371845709152286,1.0139617745870133,2.0725735468569706,0.5123836999869624,0.2721208101089445,2.0000904040406997,0.8224200027876272,4.7044116582563245,1.6393809775676171,1.1025462131010855,1.8349801097054197,0.0,0.29340094474035183,0.24222862065945705,0.28211507596642704,1.1087000180528328,1.5384918839478345,1.9605908360311286,1.4274144744788941,0.0928936434659633,1.1718467964908275,0.34164706958965674,0.41947296301884096,0.49875415110367527,-1.3101108890773983,-0.6821308850745278,0.28584405448803807,0.8244069775082075,1.2435393407885798,0.7525032932196751,0.09837679101334373,9.180691920960381,1.9587133275308144,1.08160569275495,4.7112467811707415,0.7722046093910251,-5.546708151286839,1.4593041457168887,0.7450806155865131,0.6349227678663194,1.628678574426523,3.468286645505003,6.6411888741955805,0.6534290961441869,0.5203827875024825,-0.6213956967942913,1.8315530306432848,0.9220701992160407,6.6144665927095225,-2.1812437040842347,6.269243623792342,0.6010384515425571,-0.5783312598334867,0.6841433434753963,1.5848266792078076
1990-11-01,-0.3645364428525255,1.0175850988695778,-0.362282640997158,-3.740985374931771,0.5860209320094789,2.7892046531814874,15.5378268805201,1.471817247402285,1.5902475794056237,0.6269474705677958,0.8688861013609994,0.8794259847102026,0.07797271350202806,-0.4690742102826384,1.9840080828911422,2.821881675433202,0.34188067487863627,-0.20511924722796948,0.8384834550335896,-0.05560521655594286,7.16517527117575,4.536667571791231,4.123097164347139,0.7526917256363674,-0.10024101934211771,-0.46889175177970976,-0.029561828149127223,2.266385957721173,-0.16090108057014163,0.3521130398578265,1.2326363175927613,0.26864351264239694,1.3162332753231087,-0.34632069246178787,4.804969764171307,3.2452647088019315,3.2113950647123746,1.8797440666763698,0.31475732460637396,1.5267490872538758,0.0,0.677065442221858,1.3114688306092859,0.5939310380463247,4.616690828659076,0.5612736904958116,-0.10970165593358061,2.9373906226362934,0.3574167662820482,0.09929932119221441,0.5629287080952672,4.2879328863909105,0.4126220755042098,0.1386962774349243,-0.09496266954411858,2.620409088353348,1.1080445776572745,2.6215519726689562,1.7579898317111375,0.7899975253156222,0.7928683755509702,-1.531561468778575,-0.0684697048314864,-0.09519059499094595,0.0,1.1264840063145876,2.3044365594402816,0.09828010619070682,5.761813716487385,1.7094433359295724,0.6485071887404104,0.8668784936448404,0.3838776307165226,2.193757671938612,-2.8193251084318582,0.0,-0.1266624615194889,2.022139873161999,0.9109605241624408,3.611645426342891,0.33211538494883897,1.0327114155854744,0.6213956967942913,0.5429877594370414,0.436110590901162,4.884481865314472,-1.9484148153870784,5.146900178161107,0.22447904701241583,1.7585843803856527,2.02483578381627,1.321113284744622
1990-12-01,0.0,0.9161768161460415,-0.12483588620195718,0.4046950080196954,0.4995847193372427,2.1940327216061206,16.92368151317334,0.0540979185494006,0.702995843657428,-0.1250786059819653,-0.005325410742518244,0.5209660588964216,0.5441132740080956,-0.28157980152934137,2.4943519236770406,2.6900028766927875,1.2717424472709737,0.10262007676571372,1.0270442188519802,-0.2784587480869405,5.851832014226321,2.2902914593870616,2.369794830561145,-0.48322241679392697,0.24607774928018245,7.082296253905485,-0.08875295345074363,0.6282743179495398,-0.07322252651968952,0.17559267022653202,2.584408752691869,3.572156905459556,1.679462611923599,-0.347524242030417,7.145896398214635,2.8671331337023265,1.3586528976452739,0.6958959617145766,0.06284079508480644,0.5038002166959377,0.0,0.2695247707569681,0.3252277112980817,0.22179909435218192,2.622901199485983,0.8052071996763388,-0.10983292659920707,1.8651893537246167,-1.4373963938121292,0.581133517463428,0.08016032493376457,1.8807597796811848,-0.00981679429150617,0.11543346543234634,0.7143194881383597,3.103125452325628,0.6407344574999918,3.8097917831106054,-0.3356834303553491,1.3245226750019157,0.6886402029631533,-0.15900060135685123,1.0560479680611357,-0.19065345949709211,-0.3289476650398804,-2.0576857688761496,0.1554313532106999,0.19627091678495745,21.292332673304195,3.9465142208965354,0.7693196528934187,1.1036286142881657,0.3824096438403757,7.808552634371679,-1.7879387292245141,0.4232810552622368,1.8832948333093125,1.8793891249204275,0.03400011366161415,2.4701103404006775,-0.12616127207945027,0.34188067487805895,0.08845644097354999,-0.5429877594370414,0.17391308731271593,1.7316408764985525,-0.07810669771455281,5.28303827805876,0.0,-0.10062050152996882,0.6659195665335016,1.4408965092250003
1991-01-01,0.5298056080526692,0.18223239667207736,0.7466883627235354,3.1799181692937495,-0.1662510773614123,5.680469902686314,18.855205355848792,0.4317329965581873,1.3289232118678385,2.5943479683731674,0.8081325465686184,0.42261178814286815,0.3095977705128927,-0.5237191309149569,2.9665101793020288,2.486854415676598,0.5879899342877692,0.6135031357074716,-0.294793549916772,0.0,0.11646529195332711,0.6459059539390744,4.29275184735689,1.3896535762526252,1.1568873786871325,5.200876757730821,1.5272060361348316,0.6934840552460741,0.5551511701145984,0.0,1.663840814694606,0.05750982618000222,0.012798702755656421,0.6073771383569238,3.9662702110752512,4.00475011292678,-0.2620934461464719,9.434307861390945,0.7509256060250102,1.4962887677848702,0.8481815055909614,0.6038306760914214,1.2903155285449497,0.6234132605643872,1.1373962784009262,1.1043057008153223,0.6571738767534363,0.10007594699708022,2.0471543950324023,2.120506950206291,1.983404962803359,-1.1851854472948453,0.0588201334073446,-0.4463939911822479,0.2740431619984829,2.516878381378973,0.1823154561514606,2.874121090328796,2.174977292710345,4.373381007191835,0.3913899321138281,-6.917149946219059,-0.5777416240009159,0.13768418812167837,0.4930166107858902,-1.46599484106833,0.6740757017843713,0.8784829555732898,16.407542385046135,3.2066875796664007,2.1508925398941336,2.0519730231181477,0.28585059959631565,20.509168412075773,-0.041008817470489234,0.10554090689423035,1.8484814674103678,1.8699266468422682,4.89790037507678,5.907580199627138,2.35217505201728,1.018684530699332,1.1428695823621382,0.18132371241801337,0.3902020992552657,4.749492913335063,1.1034380355486206,6.978377664313706,0.5961295048216186,-0.9101697755526938,1.10010531674809,1.9000633048776423
1991-02-01,0.7239337610314145,1.5805251116589591,0.3375751963406337,-3.2607262544992466,1.8954007883674073,0.24573391205158224,18.830741304926057,0.0,0.4390786417492354,0.0,0.9891407157388343,0.12852528337736757,0.5395003451658997,-0.28385974992271024,3.3960538165658694,2.9048228453829594,-0.7566240383313882,0.43635466778910725,-1.6280064562144148,0.2784587480869405,3.650014147241265,-0.29645022822362144,3.7997931643637575,3.2378807609641402,-0.13984534287541095,5.5807470640727885,0.465234020523031,1.4408482542975776,0.2618945189627908,0.3502630551201591,2.7162655765257226,0.08620277340458671,0.21937455726170896,-0.25985289632650677,-0.5538952900552285,3.4521194368234642,-0.9389740349838416,4.161265366303368,0.31122072560445524,0.0,0.0,0.3339116824769839,0.32002406208255785,0.7707127923011203,1.5357655654319569,0.9110296839808907,-0.32804709246780916,2.5743629007800806,-0.152091325710213,1.3263800095029588,0.7045038923208402,0.10161194352624747,0.1370850410481239,0.8185584586439809,2.433168949958109,1.730689260380025,-0.2735979818873524,3.403792765159208,-0.5988041844624536,0.7640915876176768,0.48709302345963934,-0.610875448832493,4.0740191583483405,0.09876423566499426,0.3273325344968825,3.268773512957379,-0.13943530967854834,-0.389484426154052,9.003061001151291,1.9531870917246064,1.6888361477105374,1.8935477002201662,1.1353007464998122,15.221379493387888,-0.9478743954542512,0.840341079637863,3.361661079898326,0.3271266128067829,5.887132758894698,8.665013783106046,2.7390360297538052,0.16877641137220678,-0.8779687652042956,0.722024797348686,-0.1732352100627388,5.280995596438798,0.6009726077440547,3.4407193571608152,0.1484743646001263,1.1113096355209962,1.304347822013474,1.5545520363239944
1991-03-01,0.26195316640649224,-0.49404996067723417,-0.41650271461586286,0.4033890100936244,0.16313217320851336,0.6523534958675192,11.264022475052204,0.05383580210787109,0.9809342961626388,0.36518722341103427,0.015579044799984842,1.152304512768998,0.38358313238706643,-0.00466015798026298,2.452562537468639,1.2686785144002233,0.7566240383313882,0.0,0.6587639106806265,0.16672297734041663,0.9869075125721771,6.089964391815306,3.8466280827797683,0.8188377379359402,0.3245626525662182,8.794330829565844,0.20288417294818117,-0.06814310314786631,0.1887203869975984,0.5231049417552924,2.571412578107224,1.0855181815848436,1.8882785531256108,-0.26052989117628655,-0.46765478839003727,1.3312758574425487,0.9287034038443887,2.942563547914956,0.06214796486467833,-0.4962994297972756,0.0,0.1997732845212319,1.2698337869927023,0.5741705347682036,1.3391757631666668,2.8019716812225592,0.5461452482842688,1.853357749299489,0.25335713422829365,1.2173093932685841,1.0861239431604552,1.7571606127575912,0.19553862694596802,2.6811257450655823,-0.00834689704589664,1.4159971310682806,-1.0096460251009631,-0.2989092047690378,-1.4113137476464033,0.379867503321929,0.1941748182908043,1.6529301951214048,0.45706902948302597,0.6886484207405452,0.6514681021194235,0.6614117218040061,0.7051374931732468,0.19493183560488347,7.419324376099468,0.9624713374210003,0.5546235792453391,1.7432167168668578,0.6563549114003031,1.8677276489021066,-1.124309157418013,-0.41928782600342274,3.023486118754759,1.409440232430681,-3.2674536148991074,3.9591843614351196,0.35930527822838343,2.662386871217226,-0.6191970247923173,0.0,0.12995453420834302,4.274833249036103,-0.49283943894700144,4.875113969457745,0.1482542450115254,0.9665131062153165,0.8602548509229813,1.114015925990805
1991-04-01,0.09804963569735037,0.13498314760469476,0.056380868497463155,-0.5652013431344916,0.40666993825535513,0.48648744595900517,4.868786940624759,0.6972406900305206,0.9714053720469185,0.0,0.23978976108676164,1.8287017487740531,0.07654037878470632,0.09781774075721117,2.8008231620408885,2.7753398038008026,0.750942202213345,0.434474373099647,1.0667348351168116,0.22184986133026996,-1.4537315721409705,-1.1025005462283133,3.190924420724228,3.2592506326690973,0.21653247971502587,3.0813617119501924,0.41410921897311326,-0.204708362172612,0.3041056575779244,2.0654779030746084,1.6554919597826179,0.25537966114206334,3.4552690340700742,0.26052989117628655,1.2422519998554815,3.211793233401705,-0.48391342823572714,3.0866109864418068,1.8462147698385056,0.4962994297972756,0.8410478508595887,0.4646670113041651,2.4923512106436174,0.38095088534020327,4.5230999712002395,-0.11764707239327876,0.5431893382400688,0.05107975852496338,-0.10126580851808065,0.4626031734644265,1.227009259181422,1.0737752617445917,-0.39144380140143653,2.6111144003686526,0.42480593640852327,1.0421258081498408,0.8268306176947071,0.14956628573358222,-0.4069181606726424,1.2246973609970402,0.6766579708874509,-0.2413711043931066,3.1107205957397577,0.09798998674117598,0.3241493924170946,1.1595794161381345,2.173253756940241,-0.39024439769326236,5.675843792873891,0.5730674708987138,0.6905181186356746,-0.3462207728471167,0.4662013105810381,13.770573877201098,3.477358898437233,0.5238356661588561,0.4571436532577522,0.5188399532818799,0.39861586401648275,3.8756320717669768,0.54756096568358,0.6546668226314445,-18.249903483151453,1.2511333889109189,-0.12995453420834302,6.350145632011639,0.646354974162211,3.7772803875300243,0.148034777130146,-4.963629317992302,1.487785087149529,0.9678881884809452
1991-05-01,0.09795359254898273,0.13480118868955948,0.3601218461183997,-0.4056800695616314,0.24321049686122365,0.7788410525917833,7.1686392870054405,0.4266673139374788,0.6424004961355756,0.484850996706232,0.8404548440802628,2.4600022837204527,-0.6139696953623819,0.3717649153744951,2.1696867538790965,1.7190993103624486,0.6628027578413409,0.28859410545889475,-1.461472189779922,0.6626117408694121,-0.2978230085211031,1.4371588798997692,4.160556014348615,1.7604366619250023,0.28330648536849523,2.2043117985540484,0.44112344300790696,-0.8230499136515412,0.3175980726513927,0.8481815055909614,0.8502854221267286,-0.09450903264638377,0.1853475332934451,-0.08676790132220447,1.0308239101537442,1.1648513128465598,-0.1032631235915904,1.0206195634447912,0.18280925806033466,0.9852109134688813,0.0,1.1850128911677693,1.5267463396522185,0.3795051553492357,4.27438613101534,-1.901423892113474,0.5402547249979683,2.6059531033873373,-0.4060919382175676,0.2760606244290642,-2.547416792519197,1.3549859652022267,0.48905344445193677,-1.0362787035547605,-2.057426563566578,0.9728596441997084,-0.366636524357844,7.716444461669159,-1.4373964112068371,0.09358915049050287,0.4805391274940618,-1.1178731233969952,3.931786419894878,0.1956923819578904,0.1616815226904933,1.2948388079657924,0.651530984068005,-0.09779951879753668,7.36114160855581,0.7590169266671776,0.7257334934570814,0.8059916977102066,0.18587365946265422,4.165869413220102,-2.1875552886840843,0.3129893008927631,1.2464750619991083,1.7102786775639256,-1.2960510166708072,10.860087280548925,0.10123280062233064,0.6504087969176453,-0.8556201931194884,0.884179058146195,0.6911474596653644,3.276631341423597,0.33690690366734444,8.35467557298719,0.2954312221429056,-0.5943034447178253,1.4660193508853503,0.9771178672327612
1991-06-01,0.6181871254038462,1.4266849210633037,0.44832429484475966,4.840294248017907,0.08093889555587097,0.7462721201589417,10.606132661132328,1.321721593784586,0.7442883907081477,0.4825115301819949,0.40984646543495984,1.8248206539984935,0.460830308619542,0.6933558330747491,1.5772351363926518,2.084287246790817,-0.9958588525578627,0.5747169251619333,0.9186416309153067,0.2199142727783432,0.23579089081353644,0.7281838064417734,2.4746551477626277,3.8978318290866287,0.28786678762315887,4.192461729873864,-0.019132545019306946,-0.06889425005529581,0.2447276827847844,0.5054770661623742,1.0288078893168295,0.9879178998223104,2.288626366805291,0.5194816877104991,0.9122565437402752,1.761924917240476,0.48441218146422216,1.0475216363381445,0.48566993013303694,2.421409405774355,0.0,1.364969573744812,1.8018439605755887,0.4723695660685756,9.733047968818799,-0.1801261369641871,-0.4319679014603395,0.8859661583119127,0.05085173126615494,0.6427747507590009,-0.8637666581670977,1.4765604878903993,0.15599068338598698,-0.1737619898540821,0.8280571184639207,1.0437829462488946,-0.6448663526534837,-1.8149952002411207,0.5157309007146171,0.7455766131345798,0.668898815079455,1.455629777420775,2.073080100268354,0.19531017470315604,0.1614205354541376,2.34729603419197,0.26902399007755484,0.779731046003107,8.8560410976946,0.7532992307544895,0.6609827219373532,0.0,0.2781642961875441,2.7265564366286243,-1.7304716190479574,0.20811662038253687,-1.5891367336633433,0.8202699792182688,6.119217111022568,10.89413701181523,-0.13206433592367617,0.4850454133747295,1.280700535639001,0.0,-0.043057051257155976,2.9132397073946326,0.24431223024068416,4.202674796535311,0.29454356864118125,-2.485040905079927,0.621754694831278,1.2355808297345892
1991-07-01,1.128862602222025,-1.068100942033423,0.5464871228756607,-1.3255554714531659,0.3231020581446309,0.8461182155132807,11.69734043495465,0.05250722094909399,1.3677225307451746,0.1202649810034373,0.03459304293400578,1.7948429373606078,0.07659900795813357,0.8028855094960985,1.78375513296678,2.1468151684699954,0.33305609471652176,1.1396187805257973,0.47784626111591066,-0.3300371916808764,0.3350794372431132,-2.101812525026725,1.7629873751746405,2.940037205799939,1.2336514705631352,-2.745145247523606,-0.16282560793303702,2.248817084313659,0.2584722863467448,-0.3367006547904339,-0.20595899672763984,2.842831035722959,-0.5365974458228617,0.4308494385723449,0.7968169649173351,1.5752491651305878,-0.030849915407404893,2.8254225708001623,1.8602641549349208,2.3642170226831905,1.3311344638239575,0.7076222296539036,3.2213820040913443,0.37629202714253296,5.196582167427111,-0.6027745797516193,-0.10828682353762886,1.239582161983943,0.5071005155991237,0.6410492756372399,4.019088058324538,-0.3495895886877598,0.5052957418738124,0.6068505836381632,0.41985114995277684,0.8798609892492149,0.552996800946115,0.6704955524752032,3.239149579123435,1.4746811020146744,-0.381679852670036,0.64818376021889,0.7111141077500438,0.9708859567230554,0.0,3.6074153616575177,0.5343585471762058,0.0,8.670059536360375,1.1194146743156441,0.4533931723815332,0.5717568463204703,0.4618945856295298,6.927034392824705,1.0252208220383974,0.10389611324175263,2.3743342619320984,2.374280570498133,2.3368083286299246,5.524713267634751,0.022027438050997716,1.2820688429061367,1.5781495337404472,-0.3527340517970323,-0.25873235649500614,1.3040088086569757,0.6839452149518976,4.263974334799014,0.1469470871877654,5.795688082584238,1.2320308356629006,1.2699159335126018
1991-08-01,0.607529371594584,0.31270965844356624,0.2998436345014177,2.5572877492112234,0.32206147000417573,1.0216198874719584,14.522917809976033,0.0,0.9360442759559273,0.12012051806769009,0.518900957155477,1.2040846875885247,-0.07659900795813357,0.6649384612671394,1.2222567912869575,1.379172350460145,-1.5075662405447332,0.0,0.22726052744195258,0.1651468433572667,1.4941163100464117,3.8892252882483547,2.678184962643404,-0.4537212865356466,0.3705087053159861,-0.9625464534094963,-0.03835304130435091,-0.4051322219177589,0.11466247493912007,1.0067199117723469,-0.6355867438561869,0.4449092552522238,-0.09696344908300958,0.17182134811353222,0.6201238732757464,1.2425735851433029,0.5026940567973703,-0.7627345342267056,1.884571903058374,1.392135150399998,0.0,0.766293135707441,1.7143211982684203,0.2812881949227908,4.067599846188985,1.0823918061009685,0.216456513542429,0.34509231011505825,4.063988358471837,0.8155128160751701,-1.2195273093818848,0.13123935564092193,0.30002777661195523,1.628840126489628,1.5465511541278953,0.693565588656142,0.6413214834714687,2.5458620965206236,-1.101663620650184,-0.27485129533486585,0.28639637714285016,-1.470437486018028,1.987788338399743,0.096570528896045,0.0,4.065414826702929,1.190657669894124,-0.0971345389631395,6.989914101766104,1.1070223754244601,0.6556339318415372,1.6959140207823964,0.5514719858511263,3.4648210412676073,1.2412240446128209,0.0,0.0,0.1758190689099326,0.757285172448352,6.937260794295885,-0.1410263531216316,0.6349227678659197,-0.838579337627543,0.8795131452827842,0.0,3.9039046586940795,0.2269461598920941,6.0950707397188,0.29326530440076937,-0.9885882455112682,1.4184872489728217,1.0584482056848412
1991-09-01,-0.7037857113827428,7.225842285259709,-0.06654376419037433,-0.8451836712001004,0.40112368264528797,0.4161254379205115,14.52318967348507,0.31446566794723907,1.2345835822300977,-0.24038549907112738,0.19355411931609723,1.2989176498122035,0.07659900795813357,0.35796046288316674,1.5071995096390012,1.5985725202907641,1.9223324925528473,0.0,1.544597907624734,0.5485489735832516,1.309617858987977,3.4555198948831745,4.437844441542227,4.447153420842209,0.8138175507814704,-1.342125409222339,0.30639871538573615,0.4051322219177589,0.1574465364969413,0.3333336419758304,-0.5341262457350782,2.416657481403428,3.9787871971325384,-0.08587377084161574,-0.9854407080519767,-0.38664824557570476,2.076129053587694,1.627243335437445,0.11664975790433019,1.8265000932349729,0.0,0.5708907595056267,1.6854268724051824,0.4670744452461406,3.655534947410044,0.833834491715324,0.21597839511251493,2.600662770150297,0.242541975274424,0.5431265111831785,-0.6153865574377804,-1.1785536590486423,0.23165976892327578,0.33955890011379,2.3726195506215575,0.9912068486162884,0.3646312153020581,0.5204890048089661,-0.20161297151859436,-4.695698308776897,-0.28639637714285016,-1.912291663253951,-1.1644964196881435,0.864963611942482,0.6430890330290318,4.078618367314624,0.6965433316243441,0.0971345389631395,5.411516737072786,0.9132483563272675,0.19214099635158632,1.1148387482616595,0.4572481674888884,-1.512096271729535,0.36938273069035965,0.20746895408612076,0.11166947000718075,0.21057565104469766,3.8517377489920124,14.221753618712963,1.0834538439872254,0.47356047458362305,1.566611674440077,1.0453056852089304,-0.12961764614445315,5.90888591944827,0.15101180761671884,6.29088764810477,0.43826573706491345,0.17114500155517298,1.3986041455791742,1.2262690080278749
1991-10-01,-0.35375093940546165,-0.2908790748239909,0.36550671774424615,-1.712104078011123,2.6078127355037672,0.9557091986337696,18.423281611574982,4.6520015634892165,1.0173027713048288,-0.1204097918341418,0.08835968903584401,2.8513117735263993,-0.3067487067859975,0.12204770415435995,1.263533749314849,1.148790649391973,2.614528010432249,1.5460562026119895,-0.7371434479299666,0.21857667748665932,0.29613073217782393,5.193566883527412,3.156510576912497,1.4680747258250193,0.6267286811965089,-0.985098488073799,0.2673291095399044,0.0,0.5135531971617091,0.49792633996075253,0.13233634094973468,1.5618462610761608,1.873668890965119,-0.1719690879526503,0.04304778370411988,0.9766204582939864,5.194958895208979,1.247586614519447,0.7547394971136878,0.9009441909945348,0.6589809679055314,0.7561529771161979,0.5555722356772819,0.4649029982169317,8.38038170939399,0.11855365941007001,1.0729708643574476,0.1374246584946004,-0.14545456242469612,0.17960748974412688,0.7686432924156605,0.7491992207200759,0.27920403018022455,0.5914677149956304,2.396325308703151,1.1563726421994325,0.09095043828395433,2.456681351780543,0.10085729548854339,6.783835914012393,0.28639637714285016,1.960847138837707,1.0486551093115581,0.28668271295568815,0.0,2.336058661295093,0.8478532035899988,-0.291687129512308,3.8760390212379647,0.1816530926398663,0.5566823296020651,1.102547001170473,0.2733486895660775,-0.8828780125997859,1.524574706766746,0.0,0.11154490838674036,0.03505287177332228,3.547314065209517,20.22692482049542,0.3745035517916939,0.6279455484843321,-0.41536923686940064,0.5185837032364748,0.30218024289148104,6.385782158998721,0.9760570018488401,3.656409786076553,0.14566277833232277,-0.17114500155517298,1.7699751180978218,1.50168252796032
1991-11-01,0.1931013512466606,-0.5006268278139991,0.2539522485931478,-3.840471963595249,-0.0780335583881353,0.8447509597057756,22.482445004119977,-0.45056396623710526,1.207258123427124,0.3607952909052692,1.1941338578639105,0.9189883917971375,0.07677543563295863,0.013551665746236452,1.2476781685474947,1.445272516647611,0.32206147000435337,0.4175428095236633,0.7477868410536992,0.4357252823662172,0.04495698509709989,3.798930097056319,2.2215702742921617,-0.25751087191383526,0.15168387814727957,3.4062073908354584,0.12387044070996112,0.1346801550381027,0.3834414979926315,0.16542600960267606,0.29799315048615327,0.026115342912502726,1.5620189604978574,-0.43122102181811783,0.5151331417130756,0.8150834733258616,1.7918246273008975,1.0570737660777318,1.0929271758556514,0.8928460085158019,0.0,0.4384452971903485,0.2766199731663921,0.6472614775185903,7.983357452965212,1.5868684444138026,0.10665926720774266,0.5541574644372549,0.04850833341718541,0.4441460140475417,0.45836596676576136,2.9333706063130904,0.5847796659327109,0.0,-0.3704145780776713,2.452674169748459,0.045444218005474823,2.2845792978962387,0.10075567603005098,0.17953326186739282,0.5703437513871812,0.8459264945977374,0.894279723013014,0.19065549062551312,0.0,-0.2943033446499488,0.28407808336861073,0.1945525905491685,3.8831190570745022,0.36231923694187707,0.4877110304292831,0.7646132281357243,0.0,0.706924888025795,-2.3472860522571803,0.2070394114308094,0.5558658003825823,-0.5858247568365726,1.586203280267573,16.81582930987244,0.4510154592613169,0.4683849312424382,0.6224086483000324,-0.17256259674689467,0.7300869878499316,5.112106326708643,0.29841860403276854,4.584482846349358,0.2907077685471826,1.73208609426303,0.9699257987103138,1.1653779525559762
1991-12-01,-0.1931013512466606,-0.6714250989577675,-0.17659482198792986,0.08153282147538299,0.0780335583881353,0.8882179952960367,21.2764553650028,0.3006014287604053,0.9950330853165656,-0.48135024272344396,-0.2377175823654376,1.2224336819851356,0.6120906638853452,-0.09490024889200477,1.3763277736625223,1.609494425082758,1.6740127862495235,0.13878945086531758,0.46719133607417973,-0.27209398045942024,0.8881715390941736,0.9721263376363698,3.844733997448624,0.42881712365665514,0.054632491778239256,-4.306569584122677,0.5223893338726526,0.13449901153310684,-0.32654249219019604,0.330033302865651,0.22727944746716577,1.2627740883026206,1.7350944304557192,0.43122102181811783,1.6560888047010724,0.22805026987198218,3.733522366294606,0.2450762009937879,0.1714326385123588,0.0,0.0,-0.1250702261712977,0.2758568974055464,0.27611028765957,7.059312022521036,0.9863729522340936,-0.4273423774415974,0.5694647779236117,-0.43742472978749447,0.1784916645825252,2.0370376187139883,1.7665167982479524,0.02865892239150014,-0.5067578412305096,2.787474153192804,2.3265319427467013,0.5889031742120743,2.9807278363277345,-0.910476699292051,0.4474280394924146,0.7554332431780608,-1.478994106831344,4.190125108620113,-0.19065549062551312,0.0,-1.4846508116995505,0.11888976662182138,0.19417481829089311,3.6715439447647658,0.5410292728249111,0.6010323054178812,-0.21786500992226898,0.09095043828413196,1.2542092364437374,0.02065049052260015,0.8238975544553995,-0.8908744889113418,0.5040156013359276,1.430790263043713,14.816173513093567,-0.13856685740103458,0.0,-0.7265210991412641,-0.3460211064895802,0.8097210232621777,4.269596650196217,-0.9580911611758225,3.0605946840786213,0.0725407884594631,0.9049835519917337,1.5326166791630236,1.032509949351441
1992-01-01,1.3122181844888559,-3.7977622531734756,0.24274342871839494,-0.16313217320842455,0.9316837580231052,2.519779067638561,23.06376718859715,0.14996253747669996,1.3766195764147948,0.48135024272344396,0.46923597775387904,1.0951011485308637,1.9638093338244733,-0.17195352442742617,3.4644780654866203,3.8773628908055358,1.100640041722123,0.5532543202288132,0.8018612283303916,-0.2182189198801865,0.021597397597661327,2.067621380800455,4.2446177027884,1.6550345943675993,1.572503320369334,-1.263346287179301,0.4819686683167568,0.6030169026591814,0.17050302510845938,-0.330033302865651,0.22560247730355476,0.6339980112331833,0.11920354162682223,0.0,0.44122353332678443,0.15174509740325526,4.257086953283862,6.333581753466966,0.45587372141659976,1.3245240855651375,0.8176660437245076,0.24998422210500415,0.0,0.6413138054207401,5.207815169236163,0.28826771187269173,-0.2143685153349395,1.8212096760968244,0.8246469073165841,0.7131100133855206,0.7440510516582677,1.6452386058704693,0.36246465128684235,0.42247633603089696,3.3970657788139125,1.8012052873371154,-1.047746388776094,1.607711597456174,1.2121360532342695,3.767418822952351,0.56285326830956,-1.5320326217250546,3.968667664711756,-0.19101968024468619,0.0,-0.08550663197350872,0.46505349853371847,0.580272421256911,3.478788251609144,1.073355564310674,1.7248777878500654,3.0077455237278894,0.8148528563905799,24.93479227067362,0.12381347021226397,0.0,3.3006296468176988,0.5594979455045834,5.535076549497719,13.825693510795833,-0.16912349948556837,1.0844413014130971,1.7553367580902535,0.5185837032364748,1.139493232726796,8.959464643107085,0.9878841004695715,5.067429096326825,0.14492390254439158,5.989814158106821,0.946067226940972,1.9236540158910556
1992-02-01,0.9493836389024679,-0.2801682841232722,0.3190950723693575,0.0,0.7698267425750416,2.217169638584693,21.768843991784692,-1.4084739881738528,1.3579258126386495,0.0,0.7112104648443918,-0.6304249743567247,-0.07482230053534877,-0.09515395266999072,3.2812162809643386,2.231728122991772,-1.3380758477682164,0.5502102505254847,0.39853225270585213,0.4903129003396067,-1.5136041571253145,0.7875424339502057,3.3906461463588555,-0.6333143397023289,0.6642824135747905,6.841854391301672,0.2730500335618835,0.40000053333453245,0.4249900149329022,0.4946423935325406,1.8272259668312585,0.017079419341481383,0.2829310815804398,2.9675768146114834,0.7726884011570512,1.105816747181354,0.27574338884823746,2.6547669615793357,0.2271145041198519,0.43765547699567975,0.0,0.12478482510940303,0.8230596437014182,0.5464554372546004,7.42438878861762,0.9169118680126598,-0.10734628080024677,0.9203338396590599,-0.14503264914011993,0.616677865201698,0.73855579433868,-1.1688283270524735,0.0,0.9232126000300767,0.5994023940214532,1.1778762584461866,-0.04994755610558954,0.7881328893723616,0.4008021397542194,3.4646473350101736,0.3734831605655131,-1.5472201377076722,2.1213313476167617,0.47686677852665227,0.3200002730670448,0.9789395053500627,1.184730112989829,0.3849860385440884,4.630353581625357,0.3552401604369315,1.1579707371155656,2.507968439702335,0.7187811718832648,14.913635426008941,0.22659397891882094,-0.20533888118432486,1.1834457646997087,0.27392382994744224,2.4356679966844874,13.346762473098694,0.043402034866080186,0.6144412572341551,-0.5130847582343279,0.17226533114471643,1.0436329329964078,4.912163434891825,0.8749221674923646,2.4405627368140337,0.3614106334132394,-1.2014055348634312,0.9372006135720312,1.389392790332007
1992-03-01,0.283063195556732,0.8580318030798839,0.021969607343041986,0.08159935173304156,0.3062789530546617,0.5287202895917442,19.392256775839645,-0.30441423812286317,1.8138922144402603,0.3594982367941313,0.29171220514676577,0.6979759255219875,-0.14981276210197514,0.0,2.2607361516423286,1.1883741498553313,1.259859183632006,0.4106690958209036,1.2585323948074212,0.3797356430370158,-0.5950966896703047,2.641168949154471,2.778207183680137,0.54910380840969,0.36112030227428704,-0.26845653706693007,0.3285169590165893,0.26578088735216276,0.3246068759557019,0.49220772054283657,2.1980394400028636,3.556526811856253,1.9831960134158777,0.25031302181197645,1.4662110881907608,0.22469114433820714,0.5149783932822505,1.7732926327855392,0.6783551220376882,0.0,0.0,0.12460267025113936,1.35687195478571,0.4531065760420283,4.631922451721904,0.9650940646642958,0.5356142615667636,8.359074711025016,-0.14524329938145897,1.0503464820433628,-0.5164157548233739,0.639988885985554,0.40857404978904555,2.556840314911657,3.5371131881137163,1.0125229424544635,0.5182391506981965,0.6266738124458437,0.1998002662671805,0.331675262599318,0.18621979310635695,0.9312017625616509,5.274339563083208,0.7582882325898765,0.7955491441115292,0.42265489798940514,0.9929857500351691,0.2877699827616098,7.18057873720257,0.7067167223094639,0.9520390432926629,0.41194702952398465,0.8912714970574775,8.322592451107008,-0.3297612221556889,-0.10282777255650188,1.9068374365515783,0.6638241541295109,1.7154447871917666,10.465149945901464,0.46744273589531815,0.7627802048884025,-0.8264509849894797,-0.17226533114471643,-0.04153686456387362,4.751594141306725,0.13279234706802256,6.28508176290874,0.503783699677296,2.170920556676137,0.743527597383542,1.4760256603967328
1992-04-01,0.0,0.643662171736592,0.10976012191372675,-0.24499808089837316,0.5337412594720092,0.2633155321537295,18.17384992601605,0.40568006956140934,2.245183176896859,0.11954612032276657,0.15934055192836638,1.307478586726063,1.48812269966494,0.0,2.8517876115282004,1.920058985661921,1.5528262326555797,0.4089894999884436,0.34050489485100144,0.16228791359456096,0.5087320197881606,2.480084948678929,5.143572311408507,1.00587604178477,-0.10748804164348869,2.8394866216149506,0.43948559463871106,0.06633499414068211,0.21113386687572344,1.1391498286095647,2.4794658613213394,-0.04945598518206751,1.5058938897966279,-0.08336807485784803,1.2832440069884044,1.0172522902075265,0.520856746843501,1.2476893116828869,0.8973443902462019,0.8695540536646451,0.8110344537453962,0.0,2.1333979253751245,0.3610093714191187,5.576738652188018,1.123607326692433,1.0627085030940897,0.8133822903976906,-0.2911210033710532,0.6065350851015339,0.7369230106547775,1.4312985973729209,0.15160094171235983,0.0,-5.526672498588736,0.8875322315032186,0.9891277478745408,1.5782163344739586,-0.2998502996256036,2.2104870567316026,0.8337241437827991,-4.637290272546801,7.1611530921184,0.3770146183621037,0.3164559602963024,1.6729792115763864,1.4405268763359569,0.09573959563269341,3.123110293152509,0.35149421074431864,1.5072196161201035,0.20533888118428045,-4.91007714090772,8.67278393331874,0.7199455142854472,0.6153865574376916,1.6649708236566862,1.0460223482702258,2.507650049210408,6.4513576130663,0.22861165703975672,0.606062461169099,0.8264509849894797,0.3442344190972779,1.3206960432850412,3.6869692048272285,1.608927496223611,4.067103973092712,0.1434684128506447,0.3107522699579146,1.287947736115136,1.2511941567129417
1992-05-01,0.3135760246287589,1.518371728118062,0.3723230786481402,3.455546701694745,0.07601672733983378,0.6908901811668144,22.20229224085206,1.257245627592063,1.2867824611397793,0.11940337819957847,0.26320386221803105,1.0636129626698576,-0.22181155120208906,0.0,2.274293927491433,0.9267541435777016,-1.6311041231497292,0.2717478658262884,0.07207949650496204,0.7002405976400894,0.4433686806442072,3.48418518193645,3.6350194916325185,0.3746102195612888,0.2610054280500762,-0.6491097563604775,0.06527527842408176,0.06629101999466869,0.3228752717196137,0.6451635281488066,1.4586968531887012,0.7801953097420711,0.019114432877342935,0.16666670524694283,1.0068550623859363,0.39418627045360033,0.6367015014884458,1.5990145068685457,0.11163745604361175,1.2903418222869778,0.0,-0.0622952543329891,-0.5290915359822623,0.4494409815509748,2.8569627553492793,-1.180120467501622,0.0,3.222439061964666,-0.389484435351406,0.6050827227049194,0.4395611473037242,1.6764919887107599,0.49112179813821655,-0.5716634596382164,-0.19587169137076366,0.6571677606661996,0.11804054095350125,2.4446023945444484,1.2929071198859,3.344260697046153,0.9182800982335593,1.7112717067601313,4.562508649309094,0.0,0.15785322930490508,2.619879682162063,0.7691673267463894,0.47732787526575393,3.38053558126421,1.0471299867293116,0.8656645094784032,1.2232568435631475,-0.7483664487172526,0.5239900641470951,-2.2174776598029133,0.509945011234958,0.8222040152015442,0.4433045057271823,2.896990275476208,6.936679881126118,0.06889317155218677,3.706873628533991,0.10282777255650188,1.5345569674661608,0.44999053228540475,0.8739365278557898,0.33316464510386723,4.553138480795238,0.14326287584118802,-0.34188067487854745,0.7285902845665326,1.1521605611518626
1992-06-01,0.34380013205046467,-1.4197134722863325,0.3164678972954249,-2.3173230311633652,0.15186031771916575,0.6389798098769717,18.40726583740988,0.6475738694773803,1.4506147389027557,0.23837989069868115,0.39650747695620936,0.6842541657268164,1.906216076845535,-0.8467682389790898,2.223643033655698,1.2192299288578123,-0.3923112132470763,0.2709968929145212,0.41088912456714866,0.0,2.7061259230720225,6.212094118177625,3.5494888967323,-2.2265149962848785,-0.019052402825403547,1.4669581811610932,0.3815661443595353,-0.19900504080094805,-0.05607738826327591,0.0,0.5669070696796341,-2.3507124459707374,1.6491972648553954,0.1663893894694901,1.076136331810007,0.07373725294117506,0.26199043086201357,0.5476516215320082,0.6670427821837688,0.8510528060038158,0.0,0.3731376400058828,0.2648956898998023,0.2686912970688127,0.7465602958767636,-2.344974479578399,0.0,9.781629698548366,0.0,0.17413584769445656,0.14609206396754004,3.4806022982912577,0.1976519686229139,0.7343974255757502,2.2960382468351526,0.6745354053334207,-0.05900285351616574,1.7353385181321235,2.1506205220960695,-1.2608520067616924,0.09136592686740386,2.5132212819840127,8.764883591788152,-0.28261565595082416,0.1576044455465997,1.920827363826838,0.6682022519219455,0.28530689824073363,3.5235814788275643,0.8643096156020214,0.39215704485338065,1.408473988174208,-0.09394082419360572,3.76616899927877,1.5181741107059388,0.0,-0.10240656296920392,1.1687918738264802,4.692191615289398,3.599389937326558,-0.25863844667712854,-14.377288667671806,1.4285957247476055,0.5063301956545807,1.498914026463094,0.4877425060345608,-0.27514317553301026,2.6355844705362674,0.3572618182252185,0.3108488670266585,1.083066811297284,0.9589889919243406
1992-07-01,1.2095134364303206,-0.8516589405247466,0.4565825500703724,-1.3018898281782043,0.3030305349178697,0.7520599488829216,19.74567608888682,1.7716998853946286,1.0743165098809904,0.237812992080233,-0.30137237033498465,1.110102213940234,-0.07264802353650346,-1.5945038280094526,1.9958925293148244,0.5896300490932926,1.8049140843159783,0.2702789497349478,1.576437426682098,-0.43033431420909096,-0.5343295300607398,-2.075503533317047,2.6491043922880264,2.7238222789804922,0.3243533490213668,1.7251299549621901,-0.25110080070813723,4.670109304597947,-0.05610885264335508,-0.32206147000417573,1.4979769322569614,-0.9931905562277521,-1.9049492922003974,0.41476625200829176,2.2151253653580394,0.5635198055764956,0.20236094595262877,0.24244131510537947,0.16611203843730493,2.510595069481436,0.4834820054583133,0.1860479966258044,0.5276955365244973,0.1787387471298807,2.482396972873424,-1.2227226569559768,-0.8492655910840696,-1.1709354745948808,0.24360544904640236,0.42511653367198754,0.5096479906485207,-1.8554569956102718,0.23480832022517717,-2.0534602441707683,1.1576917105711626,0.6294150871738236,-0.6612409980292,1.0531232862223239,0.9624713374208671,6.151054731675898,0.27359798188753004,2.653216859187557,3.79257555980006,0.3766436603827472,0.15735644474306199,1.416788751872966,1.1009916823694788,0.09492169673315232,3.4180385692946125,1.0274062976188603,0.4265630450660751,2.7587956518825063,0.0,10.600516470020766,-0.7458083047204411,0.40609192863154675,0.9179054758996941,1.9256562670981303,2.2415645977619247,0.7379817402259015,-0.12957728009537206,12.318392409909995,1.7077260818194606,0.16820861829858202,0.32115643822150375,1.3108841045486486,-0.7276993253397812,4.382326654109514,0.21376290835011247,-0.49782305674210825,0.8936481464207002,1.1326124910305253
1992-08-01,0.39993161090690066,1.4611771468563184,-0.16282378531187192,1.0590730354627986,-0.45489085263703544,0.9089912256328603,19.999789192207462,0.6321440938798162,0.9747529549254175,0.0,0.261194026837952,1.4178424520423505,0.5074313171469225,-0.8677856080474555,0.7159550224058453,0.5478412471687122,-0.9404771671357004,0.0,-0.7800272543875941,0.10774957441084254,0.937513100101528,3.7328365256827922,3.0113409817180914,-0.3727484125327418,0.9074193511841244,3.586065353934087,-0.1677562332954352,0.31635584751921186,-0.05614035235161907,0.16116038943412292,0.6806665370724274,0.49782830739713013,1.420081010372387,0.08274721200320911,0.0,0.19526488996572944,0.3531492781471801,0.8438734130245873,0.2209660355978471,0.0,0.0,0.0,0.7863830431297014,0.26749337987306276,0.971002276216959,0.6423379749759928,0.319328238779093,0.4014902642808682,0.1944580144016328,0.17086693159069632,-1.3158084577511886,-0.8172378566359662,0.09375650784102518,0.49668976283374633,2.3044153579244053,0.6124754044559033,0.24724336384593926,3.474572573948409,1.1428695823623602,3.2284535339759612,0.4543397184026077,-2.9639369434624196,2.4570324677439137,0.18779118583696075,-0.3149608902896617,2.2029876417299477,1.595417410969091,0.09483168088584293,2.7872411293415666,0.5097717071665286,0.44622356173880107,1.1594332780922034,0.09394082419360572,2.5282441677768674,1.7929382914499303,-0.20283982613928941,-0.3050332817623236,2.8590856726084635,5.674654741872187,0.30036476229069464,0.06911343847750828,1.0347468525422787,0.8924203997006774,0.8368249670517081,0.12016824999019349,3.746253711494907,-0.45384749594976626,4.286692849619955,0.284285829461961,-0.9401510802470092,1.0619417611117399,0.9632445950229394
1992-09-01,-0.6777520718793895,-0.2060339213024509,0.17366209968745494,2.7179930531838092,0.2277040832050936,0.06958135500485518,22.017877472419567,0.6281731214526687,0.9653431700642034,0.0,0.11775124697450678,2.299288751775519,-0.5074313171469225,0.5514032662522261,0.828889503489405,0.3922136371467211,1.2884073357108505,0.0,0.17273793859766684,0.3762504086065377,0.6990545106277501,1.3266467622481404,10.033053397998115,3.3057488777480604,0.8216789294005267,0.2921416042137803,0.5951751724212251,0.0,0.2803871176618955,0.3215436853974296,-0.7227054236613739,0.9299275324146095,4.034304544448952,-0.24844733276614406,0.7532628567150645,0.09748964944660266,0.48564107839568216,2.313905284765294,0.16538265045826783,0.4123887405625748,0.0,-0.06195986646586604,1.554429722189754,0.17794364195182766,1.6220557158828086,0.8115986578179246,0.5299373523049766,1.678170569747195,0.38778527465588297,0.3408604843474716,1.243160434214463,1.4081397138588692,0.12175851522568948,1.8814460912239817,2.488879876647676,0.8661333867843624,0.46316909605819134,0.013746649275891976,0.754720563538358,3.4070009206731866,0.0,-1.3577232065158373,-0.49038197100703673,0.8407390891816746,0.47207011349374994,1.0646488394486564,0.4368286516150732,-0.8567401285297649,2.58578271592107,0.8438868645864517,0.016078783558803877,1.146144351900391,0.5617992304223662,2.2908010200806643,-1.502240412318967,0.10147134305462657,0.9123225975522509,4.566220300436541,4.760653835916417,3.406836896915033,1.4450584568348468,1.0241494052195321,-0.792868375550615,0.0,-0.32077012267701654,7.183732250081221,3.1771625417856164,4.068064177424269,0.283496709661879,1.562043631812715,0.7017853742115499,1.2654139399581052
1992-10-01,-0.15468578698705215,2.1088192197946665,0.2166582180078258,-2.313625336802927,0.3028011397641528,0.5318546471638097,22.50613783926343,-0.822253725798916,0.8695706967556838,0.11869475040722222,0.14511868314004417,1.4189179330577062,-0.5830920310794241,1.0107652818430957,0.8805525972281902,0.6660981902854246,0.859646615965115,0.0,0.07104074993042886,-0.10736015312140523,0.5296011539422718,1.5852442789253907,6.094816219498411,1.7903800294938765,0.05991844412971403,0.7208495346144428,0.3240138461292119,-0.1264222671538917,0.27960314594785984,0.320513094894892,0.34105550282591546,0.016676394602122002,2.349199670287172,0.08288438103996043,0.2690239900772884,0.4132739563879273,0.9973486926758035,2.4907525445755585,0.38494961526085447,0.41064565039468093,0.1606426048273768,0.06195986646586604,0.512835740384876,0.44346167609043974,0.48638228180797327,0.28826771187269173,0.0,-1.2171061507191272,0.8670574517023688,-0.08620765211033721,-0.5100193204839343,0.626470333932172,0.46694819651706965,1.687464710055142,0.2358164499644655,0.7174432038248746,1.2894581319471854,-0.01924583814705283,0.18779348242019545,2.2767454618425997,-0.27235604670403646,-1.9108861698045487,-0.435813100972382,0.0,0.1568627772626563,0.1889288300493508,0.2845904657879039,-0.5752652489450227,3.5743309615277497,0.16792615197234184,0.34443448857910397,0.5681833467432451,0.0933271182998574,2.6735648423482763,1.1544139746864523,0.30379770200772427,-0.20202027072744322,2.248216939721459,10.63364787116643,3.3257104274863725,0.18712530184492593,0.4357305368957398,-0.09955202415006248,0.0,0.3607941376198909,7.287209698129704,-0.042653018347671434,3.6231320811656698,0.3532235095907943,-2.3840526865475997,0.17467001254973802,0.9643228391076702
1992-11-01,0.09283084767428562,-0.6463772444503579,0.3133222059398477,-0.9732436918231002,0.3018870217251113,0.48314829979601015,20.28596706914496,1.5421992400843187,1.0336009330663476,0.47337515399554775,0.9573564103903642,1.4170344657819633,-0.733679006385346,0.5428795077568882,0.6989301096790967,1.159788588319044,1.1542728175395922,0.40403202934511384,-0.06088898097598161,0.21458975845591866,0.4851845911838737,1.6353247395652915,1.0298406347294398,0.2756449864999677,0.06379532613056682,-1.235590961281563,0.10161407123074895,-0.18993358036532015,0.09767669792148936,0.0,1.2130826879639511,0.1333111345575233,0.8024103250709125,0.4133945531727967,1.9949364923922186,1.1577553342442481,1.6160476385248757,1.5891119535795806,0.27403453806447153,0.0,0.0,-0.09538163517048837,0.5101953126547709,0.7054666439812785,1.2296719141146717,0.23001735270824497,-0.10575680517259656,1.5513285179490133,-0.04797314910618411,-0.5121909732306307,0.364564749384666,2.4368880142890514,0.3162863919617287,-1.1218066361276868,0.5664563364399466,0.8274762179881989,0.20361668934363308,2.345248047280535,0.1874414794349022,2.8909576321251684,0.9950330853169653,-1.51190784916575,0.7944055395843197,0.0929788753947669,0.0,-0.7578664542188029,0.6664469851788368,0.3838776307166114,3.4783605845911225,0.16764463272500585,0.3308344027749932,1.4995594960355074,0.18639334380630146,7.226877037410122,-0.12305169723307863,0.20202027072748763,1.1060947359423867,1.8775606099718178,2.0019173058975825,3.369364320694901,-0.49412537015340874,0.7220247973485527,-3.136321806567066,-0.5012541823544936,1.0350410874508054,4.7623604787291995,-1.6055390753296983,1.6629870161683158,0.14095748680622577,0.0951927725383328,0.5221868878012348,0.8548486345899122
1992-12-01,0.06185493931276653,0.7040584612004519,-0.010781022287176256,-0.16313217320842455,0.22581868835942487,0.34368231789865256,22.506137545859417,-1.251219403349868,0.8532474973714343,0.0,-0.10760171909049987,0.06967651153448884,-0.07366482837714017,-1.0377125289291023,0.9817805279203284,0.9516772703400012,0.7653963636301775,0.13432978378755678,0.04059677311412102,-0.21458975845591866,1.3479226304142777,0.8425120238966244,1.5799687851816069,0.4316271170365482,0.29978125346925566,-1.9183536776632426,-0.2773754141549567,0.253164692177954,-0.055803572876733654,0.15987213636963205,0.7475610304613411,0.9942086864065391,1.194823255032551,0.329489589685128,1.5862980759754564,0.9071439624694477,4.011542222919262,1.1198439869634313,0.6546699664795153,-0.41064565039468093,0.0,0.5515661405186556,1.264238622847902,0.2632679410980998,0.5496488924634946,3.054536115418882,0.0,2.858098706225354,0.0,0.25753814099349626,-0.07280670143252621,3.437124682677739,0.009283263098769368,-1.1345340493694955,4.116085010077031,1.4138237193570102,0.39634640313748193,1.1244326101982338,0.7462721201587197,0.9891277478743632,0.3593894254588115,1.51190784916575,1.7739238391969447,-0.3724511124140406,0.0,-3.0902420353766225,0.11617294477237472,0.38240964384028686,3.77671356044722,0.0,0.38812924983000485,0.46403795565028716,0.09306654929517322,5.279399926830345,-1.1143326203173043,0.1008572954885878,1.0939940038333873,0.5414632701498778,0.3546889109709461,0.7801144863092357,0.3835930499810125,0.28735651957316755,0.20533888118423604,-0.33557078469721446,1.220247378796513,2.699306036232918,-0.6524126076943304,3.2452392739194647,-0.07046225868929668,1.479642924275515,0.0,0.8714656842619353
1993-01-01,1.1983483939634887,3.5684360054337283,0.6773857005057948,-1.3147272364033569,-0.22581868835942487,1.6784245227715378,26.505248067960395,-0.3881615742177047,1.9352728515816153,0.3535517005703426,0.5116008627427782,0.1660716040650545,1.553556185354532,-1.9521720996051872,3.1677234783483943,0.4169954613066018,0.5582305160432455,1.7299211489632427,0.3444087683170949,-0.16125665583111015,0.8602066143622356,1.2483176450157618,3.1387660964277364,2.7039113471495124,0.9327688086196773,-0.1914792351431327,1.0224351742143867,2.574044306099754,0.3899726390669933,-0.3200002730670448,7.149969988509108,0.18943299327047747,0.19250138946307338,-0.0822706751461233,0.4802373470512489,0.5214517622779358,1.774346321493958,6.572108962924217,2.894106314565148,-0.8264851706079046,0.48038523126452404,1.202852367172369,1.0000124318422898,0.5244824507461665,0.8543004021952072,-0.7663318071003289,-0.10587917380044942,0.6374494734387337,-0.5774799150192855,0.7642128998090136,0.7256925896788502,2.586789589263905,0.9703816062589077,1.1345340493694955,0.3761015287506275,1.24656987070062,-0.5126480250855714,1.9436983438593458,1.2927234501461715,2.270613281118261,0.17921151749815678,0.8537938738034434,4.682283182777813,0.0,0.3129893008927631,-2.0210713690592907,0.4138051092262174,-0.28667004820759345,4.732200172742829,1.1657084542211482,1.4260553191044245,2.9199154692264084,0.46403795565019834,4.8492293939365245,-0.2701300343918689,0.8032171697264445,0.19762852282103616,2.13700257361924,10.034686183418762,3.7253163430072345,2.6777829195570924,2.1292500651454382,2.5317807984290397,0.33557078469721446,-0.11579405744006621,5.1535472305267005,1.2144142310077655,3.932554830011048,0.49209662161810996,-0.09379397279754009,1.0362639152029285,1.573722246930094
1993-02-01,0.5786500185231525,0.9782285463988849,0.25684879943428385,0.7416597655049983,0.30097840629066397,0.9402352678388848,22.298367460642243,-0.3408817520503149,0.747201483870219,0.35232095284536413,0.6398123755893437,0.4028060831066327,0.4977611073751831,-1.0693764130225158,3.178346339552096,0.5624986014939548,-2.0949267736878774,0.7884369466824026,0.0,0.2686168089525154,-0.09167537375862622,1.4903270067462504,1.7193683168111207,1.1744783612061216,0.03196372794080915,0.14364378816540402,0.3202349157948703,-0.2002002670671743,0.3469093883591512,0.4796172263493048,3.065572604666511,0.9418193363341487,0.30534692326265045,-0.08233841552041099,0.6245428088750948,0.9645998801142142,1.6754637611028134,1.7059040209060239,1.9875498995837848,0.0,0.0,0.6500583746094968,1.2361089380598322,0.3481273650683292,0.4714765923695463,1.0737048000955873,0.10587917380044942,7.704374689205817,0.28915681074579425,0.6754201168120755,1.221718393859117,-0.48175538078392144,0.29387404608742784,1.2810423385639425,-0.3298373595236104,0.8136978947994589,-0.08731506739554362,3.262091816926671,1.0949014489668674,2.031815928001146,0.26821652199391366,-1.8231067943694335,5.146106554808139,0.5581499122797595,0.3120127336243783,0.7577304449791544,0.6339295917697996,0.09564802259571792,2.891772031622697,0.16542600960272047,0.7435607981400416,2.3990488636655094,0.3696861881326896,6.223945528504904,-1.4461113372663537,-0.5012541823544936,0.1972387227207495,-0.3235455540711918,14.017088161857538,1.7694272043482062,0.2812339179114609,0.8391657636244609,0.0,0.5012541823544936,0.6600684031353499,3.8995269181755443,0.3013130911567963,3.4225971777599007,0.3500255938307717,3.2618276330947715,0.34304864775460686,1.2593437758995965
1993-03-01,0.3940075657483,0.19266944810563125,0.17086170751490215,0.8990661296191416,-0.1503759681868111,-0.0445732122377418,24.1062309633056,-0.14644864711650385,0.9057287112509194,-0.11730244937275813,0.5310791497998402,0.5656858719071955,0.0,-0.4021838227821206,1.8701609664051766,0.3488162156201291,0.4693467108097593,0.26143226951740317,-0.9857302517883859,0.21435974480503717,-0.6312716637998594,3.3614374437991756,2.922432056872637,0.8625592575076002,0.3510702813976252,0.1434377487144367,0.13693418945610603,0.10015023370888443,0.5112273655812238,0.47732787526575393,2.446296977443807,2.400050772875195,3.631154729116215,1.0651473091466634,0.7661474907602273,0.7696831000151949,1.7146914064651853,0.765888456026742,1.4906397063670251,0.8264851706079046,0.0,0.10791616099616874,1.463435346155384,0.34691964164537126,1.2852145592277875,0.193986481782904,0.2114122557038023,3.1098687283502624,0.0,1.2531540849876066,-1.0772096981910728,-1.7229898087411488,0.2838731454228416,1.2648389967158558,1.0778232627348672,0.5810489896575621,1.9701756860361463,9.148903395638586,0.45269429957781604,0.8137760088671175,0.1784121793501292,-0.9788006366163504,6.164051621134492,0.6472591440513931,0.9302392662313252,1.811073122875806,0.3931530987605125,0.19102202561187553,4.148993917059585,0.33003330286578425,0.4007469716909462,0.78706134323272,0.2763705121616944,5.113257644460306,-0.1056077825473345,0.2008032803245463,0.09847366625410636,0.7825531474049185,11.263251854695877,1.5996031010572676,0.42447122258524317,0.0,-0.6018072325563839,0.0,-0.1097092814374534,4.657529283565576,0.3146905758192986,3.519112021055504,0.3487881815507521,-1.4638870748118649,1.360582815356004,1.2817679542638087
1993-04-01,0.0,-0.2385978923975518,0.08532906862575018,-0.40766464937629365,1.789756945754295,0.11139580075822941,24.490453562661706,-0.34254988230264516,1.78721247661211,0.0,0.303390860360242,1.3915924909122968,-0.7976114070009199,-0.5870199217407723,1.9398131523323592,0.9938536330092784,1.8173530624896017,0.2607645400275693,-0.7277231931037242,0.10700011720885527,-0.377596420953763,0.08718016331754619,3.565024893687063,1.298478640781564,0.4373369327439036,5.834553077772764,0.3642253399311457,-0.2004008686715686,0.12395842094106158,0.6329135051647228,2.2906204391209384,1.9855679101279833,1.3143651638561238,0.1628664855124029,1.4970069445364942,1.910079932459352,4.620613767009241,0.8105375314964469,0.1529041057365621,0.8196611221276129,-0.15987213636963205,0.3231030596189566,1.2033833052259357,0.43196805486456213,1.1083004232483429,1.3474698583358702,0.7364583154768845,6.587892805129725,0.9101859339365248,0.5810522558916009,-1.4545711002379669,-1.3361583645104425,0.2192176688734726,1.326589879831186,-1.5547085220513956,0.575043261503172,-0.4482815461668288,3.501832768962876,0.3606856930993274,-0.43736402114464834,0.2670228555879284,-0.9884759232542173,6.562231847505018,0.36798117218275195,0.15420203518159425,1.1637059174590902,1.420420780946241,0.19065782705816048,4.3322633024226676,0.16460909066693397,0.5638701132991919,1.5557790030928942,1.0068734948268876,8.567235329092338,-1.9202638263895455,0.3004509020299473,3.1010236742555986,0.4375098126542909,6.474009805259451,0.7764938058663517,0.4185837371255552,2.067613283842551,0.3013563305263478,0.9950330853167877,2.2789917425632744,4.292511310988378,1.1501724239011857,4.038878857995742,0.2781572814083866,-2.142606417267645,2.6668227751128093,1.3623295480912356
1993-05-01,0.1813133489595664,3.0404079173547593,0.1597884666735716,0.08166599065551061,0.221484032955388,0.7542183046289619,24.4435232964928,-0.34372732099159364,0.6420567802926769,0.23446746130098006,0.058702445287472926,1.448061638785525,0.9960241705055051,0.15912436754423886,1.5966992908650113,0.9661038530246469,-0.6921108085185423,0.13012075000640166,0.33889634489288056,0.5865163513438354,0.33271915950807696,3.7709666378034523,4.41613263772509,0.7710704624960929,0.27550316390341223,-3.6254974462007095,0.054530611543590624,0.4004009353381299,0.13755160353099427,0.3149608902896617,2.1787544832192696,2.7850095992325574,0.2241310393329865,0.24380345274295223,1.1038032667954667,0.7494073905535359,1.7148498096429599,0.402848564098246,0.10186063576340665,0.4073493475640788,0.0,0.2148406729785446,0.23896649681551807,0.3442326505727955,1.6623404541932008,-2.2233878673239893,0.0,3.5640774234677597,0.38077153047320067,0.3299000388635065,-0.146627592252635,2.292195567864619,0.20962208231427581,-0.9345862418236983,-1.027703406215874,0.5699774622482501,0.03822995363389481,0.7039788216200327,2.5767751748911216,-0.6281427688601848,0.3549249511141994,1.858992845987384,8.789724741519844,-0.09186842391120109,0.0,0.99770589690511,1.2334958157952602,0.0,2.987229977605743,0.49220772054274775,0.4668835877986055,1.362883105560453,-0.09111617942476613,1.1418420306180066,1.4330263409174204,0.2995508979797279,2.1709205566765366,1.26284996360444,3.503981981094406,2.02355452656211,-0.23370069173411778,1.0854923409435724,-0.5027662676965416,0.16488049901832724,2.437852579513944,4.614253129180668,-0.33941483581507725,4.621500739730333,0.13880547137476995,1.7115712671552874,0.32840282996655645,1.1445342942745815
1993-06-01,0.2412560311440437,0.42689499195769365,0.01065154923249878,2.4991224049317307,0.29455102297566427,0.9019970955714385,26.290282572583624,0.9789603390586876,0.9554212804812945,0.0,-0.02558196419428782,0.4931062956665233,0.49431637975190235,1.1068367230718135,1.5213394313631667,1.2944875668093214,0.5387218416208484,0.25973465664428375,3.545184958185388,-0.05318052696683395,0.6697794579216598,-2.6875793728450947,1.803647973557121,-1.0294208553159656,0.2479522087510233,-0.86834622132832,-0.13636157800673843,0.29925209364547456,-0.054997938963641246,0.0,2.258883129655209,0.7558614973925959,1.110108338074367,0.24321049686131246,2.102389979170871,1.571300566455669,1.5693916771224448,0.2508984701320216,0.25411733976699047,1.6129076009693488,0.0,-0.10736264085688951,0.4761821359211993,0.5995827988100721,1.1228503330171336,-0.19569477869625374,0.0,7.3108923095192235,0.6628812071999945,0.4928183529457453,1.0219067032122275,2.2834337413980332,0.0637182525319524,-0.47058910374122576,-0.6730406345812234,0.5593477888182097,0.5907029371224226,0.420460042894244,0.6121575740829055,-1.0769822184055755,0.26536946134658734,4.034517446744212,5.449433441904095,-0.368320009637646,0.1539646185592325,1.402866608860931,0.8955165445052149,0.09519277253824399,1.8007249711419426,0.8150004361924701,0.22838473351924904,0.42211966436256354,0.0,14.77446721673472,2.7025840926414357,0.0996512289739293,0.1865672182948419,2.628247330469735,0.9590888736895287,0.593803549579297,-0.3289219620850936,0.5383593083472693,0.8032171697265778,0.3289476650398804,2.787996787373448,1.8162729140597689,1.922191767495196,3.925767102747235,0.13859665490203454,-0.8365656844088853,0.49059089903993325,1.2545713751291792
1993-07-01,1.138087832296275,-1.808950553820976,0.6576797557305447,-0.07964954622594611,0.07350239213668175,1.1107595417246596,26.78872794577497,0.5343709582520617,1.7282441148747552,0.23391899711624475,-0.06202298946451634,0.9789773854799844,-0.5934735519813827,1.2218953824433942,1.2503385251629862,1.0938711753421426,0.8026798949453351,0.5174680007723254,-1.5657263262492727,-0.15969616280440135,0.4867302796797812,-0.5835709387864707,1.1929388694273513,0.07388253014326551,0.35699150802992463,0.5289462817397617,-0.2550327955951559,-0.09965122897384049,0.08248556970293919,-0.3149608902896617,0.8094958229587501,-2.493172250016773,-1.9523759734001889,0.24262041824636427,0.034668053735842363,2.962366921022186,0.9285878550056026,0.5499025753474829,0.7081767488089419,1.1928586119429596,0.9554212804811613,0.9620626761743356,0.0,0.3410045205555434,3.9838929960993585,0.09789525989836179,0.20943016997225783,1.8137819108638986,-0.14167652055769864,-0.08090716637361162,0.6514681021193347,0.8834916286506456,0.35424287610839045,0.3923112132470763,-0.6436118555386283,0.47936531916281666,0.41710175173381714,4.084835505326767,0.6084329938674138,-0.7672671911661322,0.44072349874078043,2.263471117687299,3.561244527739227,0.6436724741701205,-0.1539646185592325,1.9758331488772374,1.0516499371753252,0.19011412570248964,2.703101619687054,1.1299555253931892,0.5855956255908623,0.838931094830242,0.0,3.9541001652916963,3.09344975755943,0.3976148379639888,-0.09324009999485128,2.059453126297406,9.782154393393272,0.7506799383836249,-0.19374139776848764,0.6688988150798547,0.19980026626731373,0.8176660437245964,0.507873107901835,4.766486993353891,-1.7523403466182863,2.973520045948286,0.0,0.9290868937843921,0.8123758566850547,1.0749267328038203
1993-08-01,0.3270368244169042,-1.594058438237056,0.42202452887663,-1.3638398321342393,-0.1470588500321668,1.7391742711871494,28.487823577823463,0.29027596579611625,0.621120009263576,0.11675462516986812,0.4918208225377363,2.1130970295662355,1.0853584591412169,0.7596754002030082,1.2348979220246914,0.3678084538847326,-1.042822174511393,0.0,-0.020104543694632326,0.15969616280440135,-0.03169873548576341,2.563749155446571,0.41826125755664023,1.4663019310072745,0.5965545696368757,0.11716462968900387,-0.12776071969602398,-0.3996009313381954,0.0,0.47207011349374994,0.7109431082285234,0.14657668969504378,0.40252126398101495,0.0,-0.5735654900271836,1.0966672645436049,1.6847894975821731,1.729721865548095,0.3019642845301096,1.1787970648678758,0.0,0.8474567782145392,0.7100705514079486,0.08505746396441083,3.3550989520634733,0.1955034835803282,0.31331490825570185,3.381198454555756,-0.14187752773615614,0.32748598422021047,-0.7241161256560602,0.23896553401443477,0.29875988960483824,2.0155721092306678,2.7815874640349403,0.5338147059005482,0.3116885640253031,1.159427200815366,0.7768705450620583,3.0966139306820573,-0.2642009462838324,-1.9517825536619515,1.8737918880807891,0.6395712201734405,-0.15420203518159425,4.157475652803599,1.7720121653347132,-0.19011412570248964,2.5014435234043564,0.6400021845469617,0.3868178680244583,1.2453461071289418,-0.1824818024627639,11.486303655111463,-2.1061936927879277,-0.09925559127514916,0.2794598931011638,0.1826484526035177,8.527771264907846,0.6920406896012032,0.10723127145713107,0.6644542718670543,0.0,0.16273396593744494,0.7067167223092419,2.635507030289297,-0.4109691889243372,3.8990722351900153,0.27661836657157934,-1.334387526543912,0.48425547882087194,1.1207946850991994
1993-09-01,-0.7149311683944504,-1.3031005519876349,-0.17914808947621097,1.3638398321342393,0.1470588500321668,0.530730467725915,30.520273918153794,-0.387222168251089,0.5403332328054677,0.0,-0.06141641788159902,1.1574481052419205,0.09808730555915801,-0.07944853788628414,1.1227692193791494,-0.30641302153031624,1.3658935311528175,-0.12912656611101525,-0.13077814851181202,0.318644515991906,0.5791326691732657,2.2685993687786343,2.5319504681074356,0.8334891520739518,0.5638405703644267,-0.4459577863879627,0.2098005626156585,0.3996009313381954,0.3155658789395943,0.4698520781554194,0.5982817297309762,-2.6243305505233128,2.508993415062255,0.6441246102856013,-0.4367200582452213,-0.5790900901373686,1.5055830739633347,2.8020802922879007,0.25092886517370516,1.1650631771515485,0.0,0.3159569867018597,1.1723455456186471,0.2547881665091012,4.146092710971461,1.3579258126379834,0.1042137134518839,5.82403100657003,0.04731484704656452,0.4870925146123639,-0.7293978362552522,-1.1437571733956098,0.11746159250938248,0.9167367487019185,2.687001358334795,0.7378753637022673,1.5626048941853377,2.955495702915334,0.7708817618294894,4.144407852165322,0.0881445627805455,-0.3116885640253475,1.6008044794505905,0.6354913812472773,0.4618945856295298,2.0677099025272483,0.8857724376815757,-0.28585059959640446,1.6078303581782194,1.1102413804306543,0.2844978120275954,1.2300278081649907,0.0,4.950740245540963,-0.2664208974179516,0.0,1.1100946559446712,0.009123671371646935,21.931887695106756,2.0738315346403358,0.8863723925598421,1.315808457750789,0.09975063171245857,0.9708814126961229,0.6018072325563839,5.440688727920562,0.6369899095258091,3.641898598930471,0.2069791168143098,1.0256500167188154,0.32153907684460137,1.4010533215228584
1993-10-01,-0.0897212113637913,0.03720238138136267,0.11596830861151375,0.23875856945014817,0.0,0.5068648655198071,29.20722055839607,-0.5836592444450339,0.84323995245974,0.23310109512859611,0.07449359507862852,2.540733548702878,-1.1834457647003749,-0.5203096089147152,1.0623304636168118,0.951183051726856,1.8609559603025794,0.0,-0.15111069213018524,0.2647611431214614,0.45036054583271756,2.04034472472272,3.0776337421764888,0.7191688673344743,0.37226721921372885,0.5395907520303389,0.13659751690600075,0.0,0.17792381344685637,0.0,0.03271905748600812,0.38703101114085925,1.8782379420299478,0.08022463326371465,0.5760686263436288,0.6859619609483225,2.1877296773504806,1.606839435511631,0.5997045853382232,1.1516456279857756,0.3164559602963024,0.6289347880739093,1.1587607122373722,0.5076045518409344,2.4192349091642917,0.6721100673079405,-0.1042137134518839,1.0208796031900391,0.23623920124729025,0.4048044388992533,0.14630580517591696,0.14900488796563138,0.29752081520291185,-0.07607455673097618,2.510060292979688,0.40815282358699356,0.620113977528991,-0.22692286259229366,0.08528785165156094,2.709235195237203,0.2815416253519665,-1.678948147655035,-0.1673040543210158,0.0,0.0,0.3462607337731072,1.2916075172749064,0.8551120989250371,1.4973193150029207,0.47207011349339467,0.5331645070259405,2.495099254947597,-0.09136592686758149,-1.100371565686209,0.5525441255210595,0.3964326301908905,0.1838235811749911,1.0346797697612597,21.323626836040845,2.5395690199350174,0.2977960363509169,1.5564516541112017,-0.49975116504712425,0.0,1.9802627296178432,6.664266842187416,0.4364667259882715,2.166545732623204,0.41266117214231457,0.6779686985378675,0.7993533751145865,1.2225164252234169
1993-11-01,0.0897212113637913,15.762506966877421,0.13686400101535767,1.889820022022981,0.07344840579923684,0.18941392593547768,30.42441152184422,-0.5380301557998735,0.7604599385221622,0.46457841236042796,-0.134812106566784,0.08626321425575512,-0.29806281381361543,-0.3861190463659181,1.2884677542114087,1.0797841706224443,0.5941898458768691,0.12912656611101525,0.7732903208849784,0.15851479259003654,0.24821374157739662,1.0828759479849737,1.6135114043326793,1.21084100442177,0.16780854471996065,-4.657572501023788,-0.14570049465980617,0.893306188547438,0.09567416844067367,-0.3129893008927631,1.306600453309148,0.13392683295361252,0.775973023967147,-0.16051367812286443,1.2970350442626177,0.9778989493163248,3.24428123562015,0.5610506967038908,0.3977613490454779,1.1385336121500167,0.0,0.0,0.9174198872461403,0.3369988000740065,3.174869831458693,0.6676228898743197,-0.5227450782279597,1.0674788734979401,-0.23623920124729025,-0.16214502374727324,0.5830920310793353,3.5726789811584947,0.34150356677002947,-0.8406621919709423,1.1356667671284182,0.44012357143476954,-0.18470636946883445,0.370509519548734,0.5102051883897119,3.258361986231084,0.5956569819317359,-0.4241787908365602,1.8368709863312294,0.0,0.0,-1.4975031713439613,0.5463472034165306,0.0,1.5909014137622357,0.31347988053749276,0.6201151371708846,2.045704698952111,0.0,11.909634474810659,-1.0050335853499792,0.29629651306573024,1.0050335853504677,0.21646982386442915,4.689637287762638,2.2788202950185354,0.04072028380024406,1.4057739490230148,-0.7038741981475916,-0.3225809248882605,0.29368596733090335,6.198154128462385,0.22452998486981457,2.676819353950677,0.06860889678792503,1.1299555253934557,0.15910676636741172,1.2421048315057692
1993-12-01,0.14937171180919862,-4.716321196436457,0.14717593401041285,-2.607812735503856,0.0,0.46150700750837714,31.36426777156468,0.293829790244704,0.45351551653878275,-0.23201941504629175,0.12492215271038276,0.19832576469203111,0.8915363657949982,1.4751041421722455,1.131550938101844,0.889579042310018,-0.6314442004101473,0.2577264052649575,0.239808268401287,-0.21141401487581035,0.2550926093495942,0.3038300890091161,0.5729171407357292,-0.7818092415750932,0.47380264096705815,0.0,-0.06381338102015022,-0.6941029354234907,-0.04099200713278961,0.3129893008927631,1.5685705566552466,0.3850238520621385,0.9548832270768415,1.1182225145541125,1.2125500796206445,0.6326465639047374,1.8164344715764447,1.3888973032736285,0.5444895310554365,-0.3780879713670249,0.0,-0.5238288482556808,0.6826046544640363,0.16805830471611216,2.7480377582671522,-0.5719748672786906,0.0,1.6096799377513182,-0.04731484704656452,0.5653174007483219,0.43509858343258045,2.49979237557012,0.09864499830616325,-0.2305033675217949,1.5636861331621787,0.7596179279563575,0.2031582562267431,4.218315167342146,0.5076153031857267,1.4517284548718257,0.6962604280719376,-0.4259857346957663,2.2869416217916605,-0.45350995025623675,-0.15372793188870304,-2.4508419028732575,-0.27654264793186556,0.0945626548007894,2.4811131028991795,0.312500254313397,0.2555947953077009,1.2384059199720188,0.09136592686758149,6.3426556817654305,-0.16505058419884477,0.3937012959339903,0.4535155165386051,0.9862012869115144,5.310641926719301,1.7182692224759322,-0.383472994570333,0.12682309879967768,0.10085729548836575,0.3225809248882605,0.5847969882424309,3.55500865428211,0.8236243948519295,3.631104306713251,0.0,1.4171803594382304,0.31749055069250076,0.9300060591243421
1994-01-01,0.7435001843573374,-0.16666670524663196,0.4088707031135286,6.733684397101358,0.07339449870746861,0.8336855289061251,34.57857511509579,-0.8567518591924284,0.8261406356135037,0.0,0.11692693354321548,1.0372621490636114,7.6851458099473025,9.168895340883942,3.0927821089084873,0.8648519227806073,0.055876328516379914,0.5134823671395949,-0.5704864593999659,0.10577047608872903,0.6969276400830449,5.089404497114147,1.737370291607987,0.4982216711581611,1.0055338673070402,2.0861884546106158,-0.2648083603830287,0.1988072225386439,0.12292564547298213,0.0,3.2799816902474355,0.0705578015237851,-0.4607095741818057,-0.3182182478463247,2.116303369866346,1.377892363669364,2.6046128991822126,3.1231338635295813,1.2751054904776904,-0.37947704681045025,0.47281411959456676,-0.31562454724882727,0.9029443474344312,0.50251909104988,2.335159053075131,-0.47915760099002114,0.10475962588065713,4.965434390146539,-0.5695316905542036,1.284713412230687,0.361141598721737,2.510426680339739,0.02688905255743279,0.9188426054405952,6.440107353925262,0.7722401661317768,0.2579695552600292,4.328104355757212,0.7566240383319656,3.9135428943602335,0.4259191013265884,4.384836029208827,2.4824170728763084,0.36297234799800293,-0.1539646185592325,-1.5582848385571335,0.879290314937542,0.0,1.8230813648259847,4.424825546433997,1.2142423009246173,3.0305349495327594,-0.18281540740625601,12.171349113185858,11.881492100230417,0.3921573653181021,1.6158340786595282,2.0748548148904256,16.293608391480646,1.9043255016260474,0.31016198734858946,1.3845406822051487,1.3019713208304307,0.6420567802922328,0.8708327891784773,4.314547507359512,-0.4458694860415946,3.331554200249176,0.2739658357146624,7.218139551157643,1.4162110289823282,2.2272461455247234
1994-02-01,0.6202886459556467,0.0,0.32380688921778145,7.07876670629739,0.14662759225272382,0.5381921498166964,33.84214077112608,-0.10015023370888443,0.8193714370309024,-0.8163337147288452,0.4051640255517519,0.3104778213783632,6.024851026806299,8.470041449611143,3.615696742029284,1.2000311843666012,-2.355044786656002,0.7653066314974311,0.37068619313265216,0.31662668714584896,1.0879057391937064,2.7058515139382955,3.9349239597775254,1.1646505386321948,0.035985979762376274,1.2287658331596951,0.37416989509386767,0.8897735419866493,0.2862402281517795,0.3120127336243783,2.3725348418601078,0.1566171032745256,0.3746628330175028,-0.15948966698164924,0.9428570385341395,2.982247153334283,2.1772698288014425,1.3719964204336854,1.7391823395182637,0.7575650181774751,0.0,0.10530207878094444,0.44842257962423027,0.4168428007770508,3.3603302396723933,1.0511324682687118,0.0,3.1453556947831363,0.5695316905542036,1.1069237426201362,0.14409224395119935,1.2030414806499135,0.2595151872085921,1.7378601330315213,9.619492835925891,0.5130337585542044,0.13792471498224046,-1.1438505802204624,0.41788610749651234,4.227083782990593,1.0090902981962913,14.43258335856119,5.4679850884157055,0.542000121574393,0.30769255044793553,-0.5126338578989476,1.2826358946483651,-0.0945626548007894,1.8051224457442672,1.1869575555385037,0.5487103320617415,2.8688984848347587,0.3652972098690199,-3.917568180019626,7.6057456288845415,0.39062549670649815,3.2416329361966145,0.0786129227715815,12.739918668505364,1.2104282189150606,0.30919022822573083,0.7472014838701302,0.5952398527296232,0.31948908965198086,0.0,6.308388128884879,1.2903404835907573,1.4188104931004641,0.3414051635370008,4.626675490161558,0.3120082883897535,1.983078156839104
1994-03-01,0.3233833277731968,0.4991690897240275,0.0,1.3850636933900873,-0.07328692156516325,-0.08261049623055072,35.592801555385556,-0.8048333182827605,0.5179441841550947,0.0,0.0015796339153162364,1.1191796431635037,4.784798520863864,2.854448004484844,2.2112066858069213,1.28467226172706,2.4481026753742086,0.126981343974375,-1.7858518301312465,0.10530974793070413,1.0312829767972875,2.3933140436535716,2.6101461777901624,0.9081445578245528,0.32976517145417716,1.7861814478001836,0.20929893353436313,-0.19704439872993973,0.23111967326912009,0.3110422414392744,2.093631752973857,0.11730206623643546,2.441001576012436,0.23913921320763976,0.5745727044072169,1.001209805261416,7.226772276263338,1.005930728050508,0.6682886860267967,0.7519142636230214,0.0,0.10521652864965425,0.8908781597619875,0.24926779130076682,2.1226404613889915,1.4157858004098856,0.5221991657991865,2.6850302622881017,1.129423749955638,0.8617922388877819,-1.450351746589451,0.4170281602833281,-0.035755703351458834,1.0432285373407346,3.058405013112342,0.5128406619608228,0.6046189177363992,0.08629099357373438,0.7478223467247247,3.2674432184339963,-0.3016593539426182,9.6033332782687,1.2744392830167595,0.628657979486924,0.45977092486291227,2.0349539415280837,0.46037568980588084,0.0945626548007894,2.2917342635896176,-0.14760150281185602,0.22775182536305394,1.8678703974544408,0.09111617942476613,11.43351963686916,3.62098455822375,-0.48852075660485994,0.7728677371654502,0.990451189768704,11.447679758436081,1.4752758266842303,0.3689617044363658,1.9656652549552067,0.0,0.6359321908291804,-0.09638554963080637,5.659217476575051,-0.2760907330804585,2.802242992490367,0.3402596550523995,-1.338708078245876,0.621111201368274,1.6812598448589153
1994-04-01,-0.05871655182385638,4.065600564112604,0.17713213928871596,5.811317722664988,0.14652017273268925,0.4946423935325406,35.54407050064903,0.6042314455962483,1.246807497202962,0.0,0.05212520295954093,0.49081451611439064,0.9788006366165725,2.666000017282144,2.3311255697724853,0.9670621178564431,0.9627029827163014,0.12683389140804024,-0.1018537468377545,0.4201786792684459,1.1492714260954884,0.8757817721971595,2.9522894564669278,0.8310297133629074,0.3928034192474783,5.32945516584582,0.2088479959821754,-0.29629651306581906,0.27122338297198567,0.7733990599736451,1.8951655109598065,0.19519818807713918,1.492679868147917,-0.07964954622599052,1.1716977009506024,2.731819678635672,5.995685709400522,1.2110684872680633,0.2850370504777988,0.7462578472014592,0.783089358054756,0.10510593981822858,2.19306908784751,0.16584464069326899,1.8792499349362668,0.746968926000946,0.2081225977787149,2.64622352884345,-0.2342470206377456,0.15607459021205194,0.8727328120844646,0.7780651497099278,0.08937283967052068,0.8121122522342539,-9.470995634177903,0.48856530922853914,-0.5035948929805301,1.894523705332607,0.16542600960254283,0.886268725784567,0.0,-0.1607717388097285,6.561721700093059,0.17888873201270528,0.15278841780537178,1.4994925728073927,2.348980399438272,0.3773589383637699,1.539913398571846,0.2949854646419947,0.5638652698793933,1.1323546329253364,0.09103323341435043,7.709962631063894,0.5882369903065232,0.6832627850444695,0.25630086648935624,0.886522998519812,12.618376862997158,2.388709140806311,0.4038989009489846,1.4493007302566863,0.3948672455414748,0.15835316056440618,0.3849860385439552,21.01292914829307,0.9082214624439366,3.4586248724001845,0.13577391596912847,-1.247642980746022,0.617310662829107,1.7264697300938012
1994-05-01,0.14674153741793816,-0.3192341098974705,0.3014347979887866,0.8400695607478248,0.07317965932145398,0.6148820356614682,36.48471596735705,0.4008021397537753,1.3753383637611805,-0.23446746130098006,-0.6226502678610579,1.416074965719627,2.643325706815247,1.9942453069232258,1.538153187752389,1.3528498280551027,0.1748815393474601,0.2531590930626493,-0.10195759447659825,0.4705721232737048,1.0257847449959279,6.338089891604204,1.3680205546740432,0.17226533114431675,0.204064904406831,1.6536542844881819,0.009074657961960497,-0.4957868360786044,0.216450300957316,0.30769255044793553,2.129970558191574,1.240325978342005,0.7044103076145891,0.238758569450237,0.7896262122228048,3.8601617386249565,3.857144552400893,1.1965769459491238,0.47323849346905256,1.1090698232289142,0.0,0.0,0.8639397986763164,0.5782680735817891,2.381651538489349,-0.4662013105811269,0.10388889273329482,-1.0228676679746584,0.5612737038852345,0.07895394030854597,0.5776189345049865,-1.9825497769256462,0.19633050693963483,-0.6639640769899202,3.080359323786208,0.4820018388961955,0.3573559490864575,0.667488220842194,1.3136477905370647,0.1469507979359852,0.10065426114023168,3.9437287261146814,3.911515793272402,0.08932450452769913,0.0,1.9302231138791814,-0.1496632856064828,0.18814680997056854,0.7105907476157025,0.2941178590817106,0.22433811811675142,0.4213489379736757,0.09095043828413196,9.14428101859488,1.0534089793436507,0.5819609053263619,2.277618489055744,-0.008569347449238762,16.53988450908516,1.083536955686215,0.22547485791895028,0.9546611883580525,0.19685045726722805,1.1015060230677776,0.5747142255571713,7.927076224634044,0.9271950798660278,2.7232469400714443,0.06781789091352408,1.4899368131050306,0.6134900590808012,1.5569694913747691
1994-06-01,0.14651179328453168,0.0,0.20737313595082796,3.4780616064788994,0.0,0.4688623409321746,38.81828302392583,1.1928570865274324,0.8589888179018956,0.23446746130098006,0.15730100936668379,0.5311253714500808,2.652261550897972,1.8839063470227124,0.9035238650596078,1.62021182610399,0.6416742156465816,0.1263396157237473,-0.010201479223503895,0.10428153358557068,0.8941620090185953,0.3916650751238038,1.5095973557811115,-0.8990378673836563,0.10780875695326486,-2.051973023117748,0.9837963530793914,-0.19900504080103687,-0.04054876043939615,0.0,2.175883193134154,1.0575621595599216,0.6954486093683432,0.7917697736782969,0.304511814758035,2.0128091588487163,2.26215469334905,1.0143995140044382,0.14158120988914114,1.8215313436034553,0.0,0.10497041762715931,1.494169011369717,0.1646161611217778,2.199302064640074,-1.317046318974402,-0.4162252039638936,-1.8701110556397893,0.18639334823618015,0.697804960466275,1.4296169144337512,0.22007905834131591,0.053468279934598684,-0.5939141436963169,8.036949357170586,0.4991187945353026,0.8651754709203097,1.114121463047324,0.4882027597305161,-1.777824602128475,-0.10065426114023168,2.8213842443942205,4.072396898075281,-0.2682132365404044,0.3048782849358389,1.174858019407532,1.0288521592437316,0.0,1.1365473108945423,0.4395611473037242,0.14017254733964535,0.5590510716882768,0.0908677936218183,3.4329140601393915,-0.6469374010873885,0.4823936030852849,0.830569558727623,0.8703126606373512,15.562884087668149,1.4488085843933796,0.0200979837232218,0.710062154957658,0.7835495523949909,0.6240269860082748,1.0451401547705963,1.9378496753272856,-0.25820494062713806,2.7590977260758986,0.33841729002883625,-1.5172331146257267,0.6097492961029349,1.307714418510335
1994-07-01,1.1355569556698697,4.072606665792922,0.6195077735071663,-1.3137505185301102,0.21921820982209184,0.9311808175501923,6.616372559360073,0.8853968317255045,0.8516729974878512,0.3506736222861129,-0.017256668972009948,0.5965431155932954,1.4520698391852882,3.489886910240081,0.8953836887068523,0.9141840008942026,0.39213948385494746,0.2522148864717799,0.4681942394798355,-0.208656912004912,0.18234333823134996,0.23026490626762985,0.6078109955947708,1.3112679255547377,0.39096988235849395,0.915969544861861,0.044903320384914736,-0.19940186068634347,-0.013519908085246612,-0.6163347707668798,1.9821155517235622,-2.2822887306475526,-0.6954486093683432,0.3149608902896617,0.4630007472818498,2.687509569617408,4.353321314468683,1.2536606169095244,1.3580098470648228,1.4337322737912217,0.7770046861931945,0.20966107457707217,1.0537497813579488,0.2464014598961839,3.233898928563672,-0.18957351649007137,-0.5227450782279597,0.7245044273150203,-0.2330460327245376,0.84851381263924,0.9887086191170624,-2.919484417092555,0.41791112769935523,-0.29828508320628444,1.7172661039740689,0.4425352827985396,-0.29059228585506247,2.3453995095962688,0.0,-0.09970090556681299,0.6024114603381925,2.2305757514297753,7.014444175900181,0.3574580235989444,0.15209128407063233,1.5001986094576925,1.575828385660838,0.09394082419360572,0.8861510668904948,0.5830920310792909,0.1688880116880398,1.384105141187053,-0.3639676447450668,9.093779937762235,5.354614990160744,0.19230775157410562,2.289552177769405,0.7448193552313853,12.288726456101651,1.3844966527146951,0.020106542063835775,0.2355713692459016,-0.7835495523949909,0.15540018667374866,0.2831526195738121,3.0832789580946818,0.21748003678592198,3.1255866309678915,0.2698988766559829,-0.6298802148028138,1.508335499932567,1.096670420136175
1994-08-01,0.6061442927994598,3.839387634737834,0.1542827709902994,2.1800925707509577,0.0,1.2216032560593781,1.843316235621817,0.1956947786960761,0.634028189458391,0.11661846769959183,0.39189666967009984,1.1038634651913348,0.529702335786908,2.876408148284515,0.9677470167776203,1.8190800110078342,-1.5501342269510054,0.25156689689742606,0.8493478763766937,0.3648606355958428,1.145246939769562,3.2079893463412557,1.5280197286511532,0.9553126217963559,0.6437268986923428,2.7948092866457497,0.15249883937196174,-0.6006024060212667,-0.013521736211519197,0.6163347707668798,1.8223738956450575,-1.6672295588236352,0.29326296160832044,0.0,1.1875683864633224,2.095700542911283,7.5077909118109964,1.361123063154146,0.8797811766378505,1.0619579406152546,0.0,0.0,1.0427615828430437,0.16392572951495765,2.4148792900074323,0.5676458004804985,0.5227450782279597,-1.3392016000382423,-0.4208563361270734,0.7642842183860576,0.21060028843891132,1.2306626142402965,0.10642046367452807,0.7440510516582677,3.112344190096561,0.4650023094639799,0.3812294714309772,4.1007708458479675,0.48583091510780996,3.2387521654914098,0.20000006666673897,0.6595846558351326,8.301035731055384,0.44504815740040726,0.0,1.6778917129106397,0.9474810670899725,0.18761731582275232,1.515031437774006,0.8683122573458935,0.18465971519514568,1.568392190255441,0.0,5.173431158788255,4.216222182173368,0.09601536983430137,-0.48622462080345485,1.3651231634312033,5.576516424883171,0.7825963652347667,0.028137331522248843,1.4018921179331123,0.29455102297561986,0.4647568396545232,0.18832397279648916,2.800759491981364,2.3217844930350395,3.07145652905243,0.403503266668892,2.9238682727526832,1.4859223864655657,1.2068482284588198
1994-09-01,-0.7800116140241009,-1.3383099375626983,-0.16456993784634832,0.0,-0.07301935337213905,0.6151423306536064,1.5179384395347384,0.19531256208811243,0.49036875845240857,0.11648262742900428,0.040389320186573485,0.49147704414722604,0.6769488055246242,1.1661832799457095,1.1173191288324613,2.1189817221720197,3.354097641555853,-0.25156689689742606,0.27147973035823725,0.10401039007916779,1.326250300739007,5.568675379336874,1.7867298290695777,1.7836582576858273,0.30409908488291393,1.4739676216889208,0.24172625851139884,0.40080213975386414,0.3105382904636578,0.1534919718083394,2.531612340350886,2.2116813976361893,2.6210636897828543,0.5488057678777025,0.6745652687313086,0.6600684031349502,-0.25666267244730534,2.2682354973165175,0.5517281763410598,1.39859765628767,0.0,0.3136446664982806,1.2371244808934367,0.32707894635617407,1.0597904997785346,1.0323883341636808,0.3123363112305988,-1.5458650076797031,0.4208563361270734,-0.30700015864009167,-0.14035090023192254,-3.574677793299097,0.31858355479394973,0.6649451910885951,10.58900264400644,0.7086412725001878,1.1440020274810614,1.0585676841216696,0.3225809248882605,7.5762118233561715,0.498257134446245,-1.3235487328248752,4.06977632013894,0.7961023541106726,0.606062461169099,1.51918377473641,1.4826220408302504,0.0,0.5161427439394295,-0.14419613168992207,0.09138884767354583,0.3377240629785838,0.18214941283911656,4.1122553019331765,-0.41371217400723026,0.0,0.48622462080345485,-0.09154080446172053,9.923132433481141,1.7175167658363577,0.9002085451221831,2.1802355272485308,0.09799118863500489,1.0761056956299697,0.09402915596408157,6.006430282525443,0.30465617311890014,3.3732366976333417,0.2680899035938822,-4.279164913222955,1.17301714874527,1.02534643268757
1994-10-01,-0.2322894646987983,0.0,-0.2060976743338827,-0.5560718684697541,0.6552626285155405,0.7489195430033568,2.586485241004466,-0.09760859730549853,0.4184106522578279,-0.23310109512859611,-0.08236454999854814,0.5892027872610672,0.2994014212605478,1.7984863557648723,1.104972927918535,1.4302538915268226,1.8071180052983138,-0.1260211692928337,0.440838305354152,0.20768188300639423,1.1956534093312765,2.222313678470611,1.1543751185083995,1.883419294315214,0.21690375129672645,-0.27405941049361005,0.08939324897614398,0.796816964917646,0.21545928076607268,-0.1534919718083394,2.6480901777115706,2.663558655567,0.9248039825717758,0.07815553348189397,0.8717365291252666,1.6994658439698718,-1.2065471485150248,2.100339450055122,0.8674035583087658,0.34663514274742013,0.1546790718299107,-0.10444731044683131,1.4242271789124406,0.48858995095732993,1.3274531208697038,1.574835696813981,0.41492989878131326,0.5176281637182534,-0.514621019396877,-0.3039629722624504,1.3029489313458598,-0.7319024429606635,0.16773674234125124,0.5873732012093846,6.341327112956829,0.5236158818532122,-0.2331421429067504,1.0773414409422033,0.0,10.446485952988338,0.19860979716304072,-0.8921992269026902,2.473806486321717,0.08806586083762724,0.0,1.3348724990642324,1.4876919390927057,0.09367682183878401,0.2909798367344951,0.14419613168992207,0.38551630822842853,0.9396042281698325,0.27260353092390943,-3.2535650404058147,3.6203706710004724,0.38314223115571977,-0.24281679271509482,1.1259329145779873,16.855327286621336,1.6047736851656946,0.10747349653854599,1.3528954940319693,-0.5893926688778528,0.3053437486888022,0.3752349618553641,7.012830227662903,-1.090436336660261,3.433979387364916,0.06692617991115313,-1.9969725633939284,0.4363581183592036,0.9854926371850257
1994-11-01,-0.08724236155108755,0.2242991594577859,0.0,2.145347372970541,0.7230689493145981,1.6744939539284687,2.7707761005084652,0.09760859730549853,0.8316056241655101,0.5817370912119202,-0.007136864051382474,0.6004992217301552,0.07471050029979054,0.8616503243754181,1.0929441802946638,1.490692499660895,-0.21971270428471357,0.1260211692928337,-0.11002751797679622,0.25900099786850816,0.8371837548359462,1.1578670460548501,2.1529540795063973,2.9670025458712335,0.17336302443116125,0.40029548869200404,-0.29526879567951525,0.8888947417245774,0.013450803705783443,0.1534919718083394,3.0376347649429425,0.9696043492124051,0.39077948085068925,0.07809449830729065,1.4158439037484705,3.0673652574819688,-2.3422123346167556,1.8648468722028522,0.4534934620142206,0.6896448559443158,0.0,0.0,1.2048481297884273,0.40535300589708,0.7008351068444441,1.3692591837615176,-0.31104100604801843,-2.450851544408872,0.3745322819591834,0.153086373744582,2.2855250256085924,3.0825747468099074,0.28186330898734013,1.0196738020514573,3.9724254842741225,0.5331808007893013,0.12560561493462075,2.2113762018163063,0.5620247632153408,9.64092823146765,0.4948055617369107,2.871010588243106,5.98414844770363,-0.2644305924472512,0.0,0.3551254741066767,1.3934270974546248,0.3738322110605985,1.2129528765268738,-0.14419613168992207,0.19460404023456945,1.7875351826963648,0.09070295406417017,0.5602937921978413,-2.530682374118598,0.381679852670036,0.24281679271509482,-0.05764400867827035,34.16339323947775,1.8676732203371404,-0.07163616221301794,0.0,0.19685045726722805,-0.6116227017433751,0.8391657636246386,6.160771078954208,-0.9133710240308623,3.8688105515649607,0.133686470524097,0.0,0.2898511650808011,1.2663232901139918
1994-12-01,0.0,1.8498492712236914,0.0206157159545306,-1.5276801837976528,-0.43321367391353505,0.13506996747199018,1.695625224753483,-0.2931120808857379,0.4819286435946868,0.11594241627710389,-0.016748787149722943,0.28143513422911326,0.2982850832065509,1.3021393823132499,1.5026307653842608,3.051414298129407,-0.29958609066591535,0.25156689689742606,0.04002401494300756,0.0,2.806257141321611,2.377210133194163,1.2782141545358616,-0.286396377142939,0.44060354857569095,0.4615070075081107,-0.134503082178572,0.0,-0.026903416896129073,0.45906737085994465,3.4317317264347835,0.18682514868726408,1.3532740534904608,0.07803355838795767,0.4573875941580763,1.2141248404526017,2.8697126930322447,1.4520800192522554,0.5415201760810007,-0.6896448559443158,0.0,0.0,0.7952174166660608,0.24241923052006342,0.7248509556419425,-0.5454558978273738,-0.2078960478627323,-0.052787129673115274,-0.23391820576792455,0.07744402343941026,0.04440495376938358,3.8908301976661175,0.10549425298496118,-0.4357305368955622,1.2620508755526227,0.8732372458703175,0.5900249550428782,3.1934252373956085,0.5588836902566285,9.194244350586867,0.29571238897432295,-1.6093983073264262,5.347940915849181,-0.353665350626553,0.0,-2.3146917686117874,0.9965988595789455,0.0,0.5819794129889644,0.288184637488742,0.3038893527062214,0.9144413818996,-0.18148825308212935,16.423311594463573,-2.4762181501151836,-0.2861232281031967,0.8853176536887997,0.5421848490954062,28.631691160200788,0.9412766192403943,-0.18331478887807506,0.5583487425702138,0.09828010619092886,-0.3072199036972201,0.8321823337492429,6.762930596873506,-0.36498857686702024,3.1606150297038393,0.0,0.7359218042009896,0.28901345562757363,1.1792938413947889
1995-01-01,0.7247336255416847,5.352686848396004,0.4219652561991083,-0.12322860462647967,0.5239708087578343,0.8257368089521933,1.6856997403420948,-0.7858586612520924,1.3642776403787416,0.347022865624691,0.707493833412709,0.6317480621299776,4.228034981376982,-2.7858363631980687,1.8189160379693536,4.0927139969188175,-0.9932681873719318,0.3761811157163564,0.33955890011379,0.05172277245257817,1.5275748447198367,6.378520371202923,2.938014258952859,5.60778784269953,1.0311630675368555,-2.597273255716992,-0.03588532616580764,0.8810629682155735,0.2552906996185378,0.0,4.319413379167636,0.7364186960792996,-0.46228031832828975,0.8002218050529919,0.06082725248370835,2.8297708091221008,2.9279504620892016,3.8695337044153177,1.1188474119101954,0.0,0.7698267425752192,0.7288007922543915,0.19783870151006688,0.402740991152406,1.263114252894404,-1.0077959781350287,0.0,2.0587320482403637,1.117850465052861,0.9326093226758037,0.561617015764071,0.7781147748774142,0.35084590654141934,1.9460073554712132,1.9510617767018346,3.6948575049302157,0.6397178635556777,2.7924647033845895,1.0297120686244998,7.710947515747857,0.392927813989008,0.2945510229757531,3.765615482176621,0.17698902420706375,0.6024114603381037,-1.9987340924612962,1.450802648958316,-0.4675090328993825,0.3703180417699681,1.9943680967335453,1.4196490391332972,1.8041726485159781,4.180244015683066,-1.1245681181052625,-1.8638315129024363,0.19083975257609964,0.559330263651292,0.7996778640984914,11.788887746267163,1.9962303768141343,0.37423893541701503,1.2175025875277967,-0.2951305634581569,0.9188426054405952,0.18399269220075176,6.815978951975998,2.037604007351046,3.183708047911704,0.39999042056884093,-0.7359218042009896,1.2903533557846458,1.3256464368433831
1995-02-01,0.46109857461003045,-0.8374089410529972,0.27691744615827574,-0.0616712939681463,0.10095912013525776,0.5530671101694029,1.0144740091069693,0.5899722127186813,0.8769027523593653,0.46083178692724047,0.8875437508787165,0.5043723404229539,0.49839903809809627,-0.920191284369043,3.4689549058489533,1.4690715410007105,-2.518069959989777,0.4993791402922554,-0.08977108976520043,0.4128070985405685,0.39086878361342947,0.18642355956344225,1.1985451806561853,1.2277441237277031,0.4887633060548957,4.453114191777008,0.2705278684565826,0.4861458286244513,0.30816665374082675,0.3048782849358389,4.421199155100819,0.45106742652674114,-0.23707497198550698,0.08508334813477347,-0.3350086885281822,4.827670084812485,2.4367737914558596,2.7714353588089047,1.2823464853861655,0.6896448559443158,0.0,0.20724628548598467,0.19742959635062896,0.7208683326588528,1.1487043987127965,-1.111122542507026,-0.3126618409739379,1.0487078745981648,0.18509954821528396,0.4082389504839412,1.0050335853502013,-0.1525941293043953,0.15232097386146393,1.6283545634912855,2.885907237944041,4.150872169428199,0.05312555464076496,1.3539565081992722,0.3932368417721932,5.123144955621228,0.6839303650242101,-0.2945510229757531,4.487579776123729,0.5290952919811964,0.29985029962569243,-0.06731740409060549,-0.05788712173262489,0.0,1.1309139474471763,0.42223848798497166,0.5684957464493934,0.89002494702628,0.521293392117439,1.4281521841403633,0.6859260183721183,0.09528347552709704,0.9516328755251546,1.0831889918407889,5.119472956406579,1.1709925320456005,0.35702495238236764,2.3914183099588815,-0.49382816405825203,0.30441423812286317,-0.09195402946775566,4.758010258908385,-0.4255325570138524,1.6809972193589928,0.398412576033369,-0.9132483563273563,0.4264338157057068,0.8844207225428589
1995-03-01,0.3157854499418633,-0.7738343223170574,-0.08197185520053551,1.6519188733740364,0.4028202828603611,0.9275977538068414,1.5384238297655006,-0.5899722127186813,1.0688144498966157,0.22962196010301028,0.061375237258065596,0.6083802489555978,2.939329869663254,-0.6157235100290315,2.578053275373149,0.8298802814692419,1.9818756458511722,0.0,-0.21978030824811867,0.30847239237701274,0.8143967222676185,1.1299858543089236,1.9575589121231696,0.118976813558902,0.5808973533352635,3.035134342413981,-0.04003558197052115,-0.38872740884006163,0.3072199036969536,0.45558165358601244,5.7837477124981,0.4049631864260661,2.339622038099609,0.09273570989165592,0.48691514338110586,1.3950575007699584,1.846580106852569,3.89888088349557,0.6132562921282059,0.684962474237194,0.0,-0.20724628548598467,-0.19742959635062896,0.8740689604092466,0.9263224131873748,0.4644690189326006,-0.10444165166187958,0.5801229914537576,2.013798032295,1.0114245785934006,-1.2072581234270352,-1.5130433534629617,0.030433421149123063,1.0478614915447437,5.761958244935661,5.72787461535289,1.6504632396268981,1.5839990162646478,0.6259801348504901,3.7196157665881024,-0.09741841978430088,1.100121106197438,3.507070333746265,0.5263253992839445,0.5970166986503322,0.5707586419367416,0.8775638421503196,0.28076761541999673,1.358918901372519,0.42046312820307463,0.4645690763800836,1.6321768485694665,-0.08670408051552059,3.1282183584608436,2.1043915001160762,-0.2861232281031967,1.7990317034578318,1.1113446383321346,3.148988151055021,0.33488971995119243,0.39519962653091767,1.4925650216675912,0.39525743158241866,0.4548908526369466,0.45892691836382227,4.416715604145383,0.13317354478541432,3.539899872462682,0.3307891715355282,0.6572391139561873,1.1283763376557676,1.069924761532318
1995-04-01,0.08594266032710962,4.217700827771198,0.15363488595117047,0.0,-0.1005530502018459,1.5333135105601858,2.4010173948393554,-0.5934735519814716,0.9917436657347345,0.34344733967337504,0.08405060654181895,0.6065152618956127,1.2337373759840453,3.376394469229105,2.202500478542113,0.5649169311873425,0.7142887512380014,0.12445276714068143,0.08996851708982234,0.3075384811021209,-0.13935357101395596,0.24790427069203425,2.5380813890085285,0.05943536579127162,0.5288346493047769,3.6207477597297366,0.0,0.5825259191079901,0.1199600277145052,0.6042314455963371,6.215958832798307,0.30814404426604547,1.0535196130695645,0.4393239945865268,0.756090098238893,2.529918722400293,0.47633433404796754,2.5949421576836773,1.6457326238136005,0.6802617559440005,1.067897257585404,-0.1037968840623904,0.9832914032793738,0.39479105360742395,1.0699747739611798,0.6466535235744253,0.31298804998654006,-0.37920694884929773,-0.09066186240351826,0.6031287359927529,0.5383593083473137,2.3746807166603823,0.010137497379325566,1.2431099307837812,0.9361712765598273,7.666803697513114,-0.7867173443414366,3.090340815855064,0.4669269183684932,3.3401379436137635,0.0,-0.6586192852856776,8.601509491610626,0.17482307391176732,0.0,1.49529285461516,0.12110011359172113,0.18674141747938577,0.9843232963305582,0.27932979056140006,0.43001105460378497,0.8062059170930169,0.17331756252225716,1.2691436137527434,-0.4173504343763845,0.4764182427117625,0.30959777051258186,0.618264493206766,11.066810047816666,-0.17715625818603975,0.656504199040242,1.0526412986987754,-0.39525743158241866,0.7535830688704337,1.0022862948653177,5.660176242784565,1.453321920012307,3.4659701825721534,0.3297141668881842,0.8225829959388253,1.2543539811654458,1.1909931901158464
1995-05-01,0.0,1.6118549102085211,-0.030702287082018387,2.1609484332855367,0.20100509280238654,0.46283522407502,2.6347232207041937,0.4948055617368219,0.5249355886139728,0.22831132716891744,-0.18855439317162492,0.6099866622597094,0.6112073356918657,-1.057796338198358,1.646123207313277,0.8710051766018356,0.026686830207722778,0.0,0.2694209083692556,0.40857580212634304,0.4248997257269682,3.7108069878177385,1.9338886203417394,0.4150613726310759,0.04002653670456269,0.7945286615800295,0.15004066075112732,-0.3879733285589104,0.14642265511213282,0.4507896439189807,6.175647087698177,0.48231604754316315,0.9369442510427817,0.8728998763826823,1.465556364224474,1.7992568865880632,1.1435048766822664,2.4319035613043383,0.5141424178895182,1.6807002482844169,0.0,0.1037968840623904,0.9737168527812923,0.6284355757103732,1.39996796484132,-0.5540180375614767,0.2081225977787149,0.8418895063447618,-0.4089985008027597,0.20023116459757517,0.13413818242016262,5.067488469036352,0.14190556874575933,-0.6887079563721699,0.8337864333801903,4.0946230963218255,0.4465661289263956,1.074748279325899,0.1551590691417637,2.7273190351171372,0.5830920310792465,2.0349539415280837,5.977987842323085,-0.17482307391176732,0.1486989121578297,1.1477417351990482,0.5906466632943808,0.2794598931016523,0.8295776642848196,0.9715551786094512,-0.07720542813665077,0.7384648943377314,-0.17331756252225716,3.587937062963986,-1.005787957881843,0.3795070968552139,0.1544401851376609,0.7086643830992223,10.032746305618211,1.0582127036443456,0.10965571343408698,0.4179734402708135,0.296589441337769,1.194044037191766,-0.27235604670399205,3.2598921485456707,-0.18379944783060154,2.1893584670647392,0.19731417286399378,0.9558689591553371,0.41467573029656535,0.9936118111712288
1995-06-01,0.37158139204489515,5.066018262217709,0.10231399870752611,-0.5358750543106083,0.200601872686601,0.6994322642177142,2.2344503686521744,0.9823261702943675,1.1711259420903009,0.0,0.19823305494881538,0.7338114686142205,0.13531801794197662,-1.2740608052326685,1.2170296889185916,1.4803491828681903,0.0,0.12429807472722487,0.0,-0.15301669705705123,0.6297702506722125,1.1731536450595215,1.198584423449356,-0.05918911093192314,0.09478123082491408,-1.2569126854657942,0.3392501727856434,-0.48709302345963934,0.0,0.14981276210219718,5.781751151077863,0.6322465739485139,0.5403787873896171,0.17519142234529994,1.2539811732556139,0.922974248280406,1.4034492773630003,1.1620571101290444,0.17084057011893528,1.9802650943857802,0.0,0.20724628548598467,0.19360714546152735,0.6245109141160832,0.9765437702657032,-0.18535686493228454,-0.10400715512943748,0.14783055682383583,0.09103321282024623,-0.2985665679227978,-0.13413818242016262,2.0124747934318954,0.07087734127857459,-1.5320633928732619,3.887554536998339,3.1243989811625017,-0.09614965121649277,4.399801972628836,0.6182399908315706,2.369155294372982,0.0,2.9069753431712364,4.426084089586935,-0.17512924031102273,0.2967361227802279,1.9693937550949059,0.5493998852836857,0.1858736594625654,0.804742351014287,0.6882339622944489,-0.2133849676832611,1.0975719938584039,-0.1736029324270305,4.806258082113746,2.0754757685770286,0.18921481520370875,1.4554067699643625,0.8671590607133517,3.7626473035023533,0.5055399240230685,-0.10965571343408698,0.0,0.295712388974545,0.5917177028086584,1.2646961700767179,2.5446645651877127,1.0717655852938712,2.9956854326030236,0.1969100685021985,-0.3363231869766725,-0.13802425853590705,0.8718018434897499
1995-07-01,0.710737342778156,-0.507937600001851,0.5405782875362419,-0.7791468843772797,0.10015023370897325,0.38443983274931703,2.332226881102528,1.1661939747843242,0.7731997283327185,0.22777685477075593,-0.0674482285493383,0.8321212252512478,-0.6784286536921869,1.1870242663314379,0.7698678689130656,1.6754251391589925,0.4525898483023205,0.24814688967325083,0.7347133923619076,-0.4604747192659353,0.6582735490648695,-1.1423741542170074,0.6654565171912319,0.1183432090780645,0.015652391717413394,-1.9637342124817714,-0.029893964731453337,0.09760859730540972,-0.18639334380630146,-0.29985029962569243,5.234040415256369,1.7735162388446302,-1.5889963886833058,0.08367883033635337,0.21966765807603927,1.3338211082226437,1.8704388263082183,0.8627468043338027,0.6802550589834588,2.2618243468718546,0.4542021434501109,0.20681766340779895,0.1932330323867859,0.15552771059015313,1.6863354643947392,-0.1857010747213117,-0.5216440643568632,0.03042602953113871,0.31796528798251344,0.2985665679227978,1.0681009420333787,-0.31787170631676354,0.04048299953351986,-0.8456710018223568,3.751368124421406,2.01809469873524,-1.0948837747811524,4.823671602095425,0.15396461855967658,3.275625507487945,0.19361090268672498,2.7568941044986417,3.259116400038753,0.0,-0.14825799602231626,2.6499973401450383,1.3697559127578973,0.0928074312553484,0.5657596699205847,0.41067819526503513,0.03248850547468152,1.0256500167188154,0.08683913868150483,8.639334397302513,1.902867719906709,-0.18921481520370875,0.3795070968553915,2.5724150431570614,-1.6321251473392362,0.09692144553810067,-0.09800157675323717,0.3123375782266624,0.29484050842967235,0.29455102297566427,0.5371543801912182,3.0246964509830887,-0.5867413664445209,2.4732601756944472,0.0,-1.1009285508368993,0.5509576604322497,0.7206771349778411
1995-08-01,0.5367980275688744,-0.06367399132662932,0.24382758463890042,2.495673197386772,0.20000006666665016,0.5102981731541778,0.9853838488728783,0.6740516613842118,1.0217202546654036,-0.22777685477075593,0.31635168702885963,1.6299272541178578,-0.477653586415272,0.04746777563218174,0.6315834915102236,1.1015558335215836,-1.6066036392915706,0.0,-0.36668194298759005,0.15372238247808312,1.1196670597358516,3.6066262622763023,1.0321724237978502,1.6422656484268217,0.2820415669077647,1.8052616994156612,-0.24941922571368735,-0.19531256208811243,0.47859703159414124,0.44943895878395423,3.4449307480560964,1.6166389287234573,0.13647865853592123,0.15196416570821825,0.5979745084354615,1.3162642410716074,1.753533919807726,0.34939761463577135,0.33843385441802987,0.6369327186930285,0.0,0.4123812004153571,1.1516399267413213,0.31031671399661676,1.697520859009316,1.2009382211229713,0.1045405717210457,0.5304190044576718,0.18124155824921218,0.5983353974735373,-0.6662249825416744,-2.682920159055069,-0.030368074393294364,1.6842503394497221,2.414850896872389,1.6451050870334605,0.21346895018616863,-1.9331301101183085,1.0711655594927372,1.4992784586141283,0.2897153161152133,0.06795786873841081,3.4646703604136686,0.17512924031102273,-0.1484781267579116,1.9118682864427416,1.9987750683883032,0.18535686493228454,1.0334167692653828,1.2220111334774852,0.4138827110648613,-0.24038473113918712,-0.17375375327040032,6.935770789503759,3.8679640421580785,0.0,1.4291330110754341,0.6874956251739839,-1.5101075081252358,-0.3299263848943301,-0.12558429638360735,0.31136506732809544,0.4894772376728085,0.7326040092074493,0.17841217934995157,4.242417136974555,0.26119905146693156,3.3460370563684005,0.2619450612548313,-0.42668248491635197,0.27434466679316927,0.7510846168326792
1995-09-01,-0.9341786941493346,0.6981938867117954,-0.2540078026646242,-0.8841790581461062,-0.20000006666665016,0.525792164092076,0.9850368069257431,0.28749420855991303,0.6964257334032276,0.11394607257146916,0.08552207495293729,0.5924215766053731,-0.06842285590256125,0.9910482652435881,0.8577821331975155,1.8402939742740543,1.1629078186556008,0.0,-0.1490387279702965,0.561660001756259,1.536169528719622,1.886848430438226,2.5001302205417186,0.2904445840789638,0.3926699438729919,-1.3004135054718535,0.019984597932865,0.778971806533324,0.3574505692520269,0.44742803949207044,2.45189997576738,-0.3296744822947506,2.3358048252245744,-1.153080623648517,0.5655057483346493,2.0301807706296415,1.5349381157214737,1.946671962422153,0.33722498353454533,0.6329015481140843,0.0,0.30816756476848006,1.1385457145189015,0.23210349912465844,2.931554749181098,0.45808600489678497,0.6249995404985498,1.0557675581032377,0.09049776850869051,0.8908166189252498,1.0638398205055744,-1.642534256189121,0.18201148398988565,1.5878828623357322,4.915487856102718,2.0474226984454447,0.1420598919782634,-1.5617711294772407,0.22805026987220423,6.062462181643458,0.28887839058917564,0.20359694850986543,1.6949183264104661,0.7843081502812765,0.592594326754714,-0.21403463300093684,0.8911040083048327,0.0,0.38920880622672627,1.739174271187105,0.13551405136134065,0.18034269991513696,0.08691461458889549,4.846218596782803,-0.826393105558676,0.0,1.6296656960295586,1.3163989647604346,-1.198563861660018,1.0442966344792026,0.6653763609294039,-0.41536923686935623,-0.8827914123565428,1.1611160927677666,0.2670228555880616,7.403383746405241,0.59818123751052,1.8944709225765077,0.19600948923361727,2.282753765553247,0.13689060490285065,0.7892021160503402
1995-10-01,-0.3133566761976958,0.378788331693114,-0.18327669366309252,0.6491613236508265,0.0,1.863185391993838,1.400391535915757,0.28667004820768227,0.4406680092949422,-0.11394607257146916,-0.10849756740078931,0.7714237886045971,0.0,-0.12599862061328793,0.8831029097299492,2.9418364351169846,1.736874167452207,-0.24814688967325083,-0.6083896489635698,0.05090657874733395,0.7219001708295814,-0.09714633429469544,1.2270092591813553,0.9525256027856699,0.18626643823989042,-5.673779910243537,-0.07992158027336771,0.387222168251089,0.10566636830482423,-0.14892035514675328,2.257129926405077,-1.3367953782303932,0.7506072943955999,0.5361943141385161,1.3928001733728212,1.8442324114658515,2.5983070233022154,2.274933251799194,0.6711912178828605,0.6289588902690824,0.15094342488541912,0.5115034152452402,0.9389733742538375,0.38565589092662833,2.6384775318219145,2.170067073311621,-0.3120114905120097,-0.16359070894815808,-0.1357773379340621,-0.4920152442605463,-2.1391189981317282,1.8059181538395919,0.13123559977383792,-1.0327114155850303,1.898782188129644,2.03669859107638,1.269538461559172,-1.2715761457270158,0.5301034753672607,7.268973336827944,0.19212301778930296,-2.4014876203874103,-2.501518863718344,-0.08684219460359799,0.0,0.853403533553676,0.1085710945663898,-0.27816429618763294,0.5107443297126757,0.13253812410671806,0.3426151548416634,0.8373254662995322,0.43345902291909155,3.7242627532938943,1.0910725106163532,0.09465216040309699,0.22018357519382192,0.4522378616141687,-2.656159047903417,0.49894292528773754,0.2221169661152267,1.2409673215712846,-0.5928871122277357,0.862074304390692,0.26631174194826635,6.124840047350834,-0.25963924750644907,1.492871661492634,0.3258465409609279,-2.625415437218015,0.2732203180342285,0.4833858581537199
1995-11-01,-0.05707436617354844,0.06299212806761822,0.2442991662478633,-0.05884083723763922,0.20000006666665016,1.7768081127152335,1.4594303480522708,0.19065782705807166,0.5012541823543604,0.3414782098141167,-0.07452120307940291,0.07153833036550594,-0.27416055554949637,1.7788852107257114,0.7784643656229218,2.3372756923680793,0.7315194163904692,0.0,0.07000350303378866,0.2033529588207017,0.9144071770269768,1.5455214747257973,1.55577900309265,1.45446739124111,0.2650207424407469,0.16576879055008042,-0.2802637014070797,0.19305025300564438,0.07917656787332916,0.0,3.6856585595437696,0.18496128201115347,0.3911559943280629,0.3051108392896573,1.3033191994291204,1.380783328778712,1.8947597229698854,1.5681877858549687,0.41716831135403254,0.6249901389737023,0.0,-0.3065928889728564,0.7448679780159395,0.5374376144239079,2.7629092700165003,1.3327607312962897,-0.31298804998654006,-0.290948617394271,-0.27210904056138574,-0.20016124096704502,0.269905696916517,3.942068664583287,0.13106359765062692,-1.0434877292578193,0.3698323033010542,2.4358933829705887,-0.15029309977956373,-0.9891521065242603,0.3769322216292448,7.241656765231408,0.4786988557224703,-0.06946856826788306,1.345181502240722,0.0,-0.14781968693107217,0.7829662574556195,1.0673483831531883,0.0,1.2308653498772415,-0.7978765731803783,0.07052927442012802,0.4160481484260625,-0.25985609049206104,9.973590644920849,-0.3484081288998908,0.18903597311688003,0.14652017273268925,0.4354732497187541,-4.214151741826289,1.3877210708609589,-0.03892729787766669,0.5125587848811008,-0.19841276350471837,0.0,0.08861320916593307,4.608710464581079,0.4021540089469866,1.9386713800194855,-0.06508133661107252,-0.315141358080151,0.2724758581660769,0.6967472517876072
1995-12-01,-0.08567267359040898,2.0567879928594213,0.020332552016721905,-0.6495446516028736,0.0,1.7800521850589668,1.5478233296692068,0.09519277253815517,0.8462800612807797,-0.22753213724264754,0.027778850611781536,0.2873190744430598,0.27416055554949637,1.4908266367448242,0.932631721989674,1.1426696940995296,-0.06075597982322378,0.3719831695065956,1.3208395015793073,-0.050803137623933736,0.21729887133501435,1.11586792090268,1.7850027699231497,0.5083320745611353,0.3225785345093435,0.824746943001653,-0.1002692458301091,0.19267828696989397,0.09229349986012991,0.5943553900848109,3.770791937511886,-0.9641210192386396,1.4268213120058881,-0.3051108392896573,0.4914014802428479,1.5293195934311665,1.5154462680995184,1.1897583573733606,0.787909933570452,-1.2539490292427846,0.0,-0.10241506401404976,1.107035513618282,0.15301405623864284,4.253960621542996,0.8787402766805563,0.0,1.203047696528703,-0.2728514490652145,0.6921764852275913,3.1832926573211573,1.2247409010758048,0.04029948875663436,0.06990563024968921,2.0997048943067753,3.206079404456963,1.28519826261293,0.39656182546845553,0.15037596818654464,5.594629247942473,0.19083975257609964,-0.5574927330916246,3.5711073444609553,-0.26097999679421946,0.0,-2.4662500724788927,0.6657972520109467,0.3707140482818616,0.5537304337185134,0.26666682469138614,-0.10274463732651284,0.8269391482505384,0.0,6.3172670502440464,-1.9026717307462526,-0.283688133519977,1.0921113278557382,0.11776830449905518,-2.2640503060737283,1.0142853635666693,-0.3198109941061844,1.118466158789655,-0.1988072225386439,0.0,-0.1773050109886043,3.6986459095578255,-0.038847523958907004,2.137002573619018,-0.06512371999995992,3.4408357708913595,0.8130304539745392,0.7426643363774263
1996-01-01,0.5413866892753916,6.218380772978183,0.9106550348095155,1.7034185741572117,0.29925209364547456,1.529861556186285,1.3308740558877208,-0.7640915876177878,1.083434216570911,0.22753213724264754,0.2851205124462908,0.27298273775961945,-0.27416055554949637,-0.4381790474869085,2.466141298765656,1.2615011334360826,-0.14770409740352264,0.24721344431144487,0.13802624689587262,-0.1016691440620221,-0.07705201391874361,4.438077933467799,2.331496116498055,0.14074597678801481,0.6097186106323704,-0.31878272664354057,0.3605323693156137,1.717599477101217,0.11853804483168418,-0.14825799602231626,3.365926405802666,0.22937433897221027,-0.05076941890909126,0.07636502852967908,1.1142176553241345,0.4590419156979664,0.21214816588770447,4.311411267227827,3.050858106542842,-0.6329015481140843,0.45146803545268455,0.4090079529869062,0.9132477313064769,0.4146481033098226,2.6004985537464442,1.648627361704591,-0.1045405717210457,1.1574738227565717,0.9968365290337289,0.9787140818769302,-0.392413845613504,0.4697264751824637,0.11073260951555142,0.41841065225742824,1.372981653248262,3.531829390729113,-1.1449176784861237,-0.499733326273577,0.44977587068331104,5.677651580207765,0.5703437513869147,-0.9831539865770011,1.0778675021980266,0.23459805893564223,-0.44477463982364185,-1.8377717037231012,0.372572062303389,0.0,1.2092253171923417,2.3685317741510836,0.46532744034539775,1.5757548102371732,0.25985609049206104,6.285219203218828,-1.02975738328146,0.18921481520370875,3.9053596198877383,1.5329886311310936,-1.6107983293664807,1.3550071935268804,-0.14464096095361256,1.1060947359423867,-0.39880411779562586,0.5706149576854891,0.0,7.978511260884566,-0.1555411849553323,2.002780295973672,0.5846076463747352,1.731526014507745,1.207240869438575,0.9619372363484129
1996-02-01,0.45364668061811386,0.11587486812216774,0.19819120469461993,-0.35005870052815524,0.49677201019342476,2.728954703912967,1.0249670543872824,0.19157093981387874,0.7514796502487542,0.11357222187431404,0.15999342863395327,0.5167557736748041,0.5475715255963465,-1.4457259913816856,3.949679362239955,1.0194000404463832,-2.429055448212747,0.6153993036842387,-0.266364287118126,0.5579418153662807,0.12605421999851707,1.7788914448606974,2.519434357274841,0.5050515786069187,0.27204413478330025,-0.09274048786722666,0.399077415835869,-0.1893939960071478,0.38100289142875,0.4441161999968024,3.7316519497692546,-0.1719814110749951,-0.15721963211117185,-0.07636502852967908,0.6350980894275438,2.8471674081312237,0.6579198911279338,2.2957263329664634,1.3134259331702758,0.31697056146016145,0.0,0.20386614289549243,1.0849974976159693,0.389497663231797,3.2316018582080552,1.5371780047853,-0.20943016997225783,0.4671785601599421,0.0,0.3932911676107764,-0.1967858949240231,0.45046405466910855,0.1105955090078048,3.554714660498526,2.002087755431825,2.307152430593451,0.7084090488773676,2.821216601065535,0.4477619421293433,2.053093627278857,0.6613155891716183,1.1228188137490491,1.7932239046730025,0.38145586160291955,0.1484781267579116,1.3737337480729916,0.6999822704724767,0.0,1.5227432375180427,0.6480904084081196,0.5862205700173817,1.7222010040419455,0.6037125905632656,6.882373880690862,-1.5355944217901651,0.8470638883509629,1.520416296043603,0.2387758451489752,3.2851698282437614,1.1912476452352383,0.11729183424744605,0.399202126953746,0.2992520936455634,0.5673774085907191,0.1773050109886043,4.41002387315097,0.981032780883595,1.485647285394398,0.32331810862107346,-1.2613273885746512,0.13324263179526064,0.8699910255093039
1996-03-01,0.47975352352311873,3.638832391403346,0.07069665453940388,0.7569177331445687,0.0,-0.2300740538312862,0.34947220465086914,-0.09573959563278223,0.9579636856812623,0.4530034006158701,0.1764198996635713,0.7233572522532317,0.3407158321613757,0.6390095230353943,2.079710435672899,0.5537363001995921,2.628838359396557,0.0,0.09873618495666037,0.5548605527587291,0.1408725336750738,1.3120591111614566,2.8482938133216784,0.4189365155277347,0.35428656457821006,1.137831967191838,0.0497745733976096,0.09474183560396199,0.6404832037889108,0.29498546464212794,3.8321569167069303,0.7075248382174326,2.697298855122021,0.457317870196583,1.0677719519180062,1.566611674440077,1.0642415664939175,1.864599283183832,-0.6744645016246054,0.9448898769230052,0.0,0.20347574705255056,1.073351547166812,0.3879719147199978,1.6041685443025422,0.08470987376512085,0.20943016997225783,1.5923999938341815,-0.406596469981757,0.6762337671959884,-0.3947373546629329,0.06256220878011476,0.10044065268433044,0.6693465418588396,2.252739615438948,2.1774829830842446,1.1467108650800917,1.4650768446074602,0.0,0.6165790695457307,-0.28288562004759044,0.5567168171350723,2.2877890493609776,0.9183068686730245,0.4441161999968024,0.7722046093907586,1.3391757631666223,0.2771364360382833,1.3260692210676162,0.3868476777921792,0.3531150030822161,1.5250224952854996,0.1718285699773503,6.759568090438783,0.10213760280937123,-0.4697049499869266,0.8196767204178723,0.49023239986816236,1.8168003682101252,1.5366776822287154,0.4600209696488555,-0.09965122897375167,-0.5994023940211424,0.2824860635555204,0.08853475567232039,5.4533087331848975,-0.579711768432567,1.8976849126440154,0.5151200909014442,2.5069432770859823,0.7957776460976618,0.8831836568722072
1996-04-01,-0.08450448330563631,0.4456831889823487,0.1694341644698838,0.057987824182070824,0.19801986668621652,-0.21411520985883392,1.2523384838369456,0.2869442427954283,0.843886864586274,0.22573447183429352,0.09685499377933837,1.0082902133139449,0.9478743954546509,0.5980608500092188,1.9508485651622998,0.757813276070074,0.41565698916050664,0.0,0.2562587643225811,0.25119385843650477,0.12272694797914596,0.2082534867851038,2.7694077581838172,0.7773498333378814,0.56606630543099,0.06113715291298227,0.1591096473487319,0.3780722839906048,0.11719514330490455,0.5873732012093846,3.4340528065329945,-2.787385310291768,1.0116938799422215,0.07601672733956732,1.1776785857143146,2.0513539833102445,1.4206759024088633,1.5901300394466134,0.2782867638792652,1.5552304488460234,0.44943895878395423,0.10155847689410358,1.4134568249946078,0.3864725080571674,1.3262090298616247,-0.7649846060403753,0.6256512194863006,0.35169356492184,0.09049776850869051,0.6735283921720736,0.7879226580529419,2.9633872675310258,0.22061788203151522,-0.9383446865797396,0.8027580941251333,2.8031022014635365,0.5098050257234199,2.730096661080217,0.44576596845198324,1.4298412734676358,0.3770032740541218,1.856361317493782,1.245164858671144,0.3042378297444692,0.29498546464212794,1.678147696200627,0.8064559836730378,0.18433184942896474,0.9072227172310932,0.51347994720361,0.8000985038245645,0.6146987782425839,0.2571675523488359,5.555069513454658,0.6541196373583524,0.18814680997056854,0.0,0.3732686840578481,-4.395730548814125,1.4604057568218032,0.2757683683386247,0.49726606693769604,-0.9058944688752124,0.5625893882168498,0.7054702979889083,6.488745659952055,1.2709587604949668,2.8047198777189752,0.3846061583115734,-0.323450416765958,0.658320801261425,0.7419878847220398
1996-05-01,-0.1409760340250088,-0.16689850883904178,-0.1694341644698838,0.7507976359876878,0.0,0.3785078163370592,1.2124433448533978,0.8559253395668875,0.8368249670518413,0.3376491479145649,-0.36585752038913455,0.806275212541463,1.3387080782456984,1.8713666549673214,1.5450997521022636,1.658247242400801,0.3019977272597174,0.12262144840544664,-0.049229558420549324,0.3506204613419328,0.2270962548939437,4.1647669105174145,-0.22787704505877748,0.9906520202793256,0.34431405548183136,-1.2402147383427042,0.208448803928718,0.37664827954779767,0.2080083953328149,0.438276815509564,2.3444561464244895,0.4092376363283634,0.840031428436383,-0.07601672733956732,0.630493737958826,2.010117932108635,1.424011227082378,2.0379001177376566,0.6725964546454577,1.2270228774223568,0.0,0.607291183045211,1.911435133131345,0.38498464639378227,1.1735256218421863,-1.6344449867897737,0.20768015776244653,0.6815796044366884,0.6761351024979767,0.5737163322339534,-0.3275469682471055,4.679846968989221,0.09011730497148207,0.7380107297621841,-1.1738354269261286,1.806334749176397,0.1368122953555151,2.9606885111508774,0.5175612292585008,0.7760666699071717,0.5628532683096488,1.3532006218577308,5.373306381978793,-0.24621636017361226,0.1471670611456588,1.2329129260979954,0.3722266287720988,-0.18433184942896474,0.7280493527294318,0.12795907056277755,0.37598445829605254,0.389213724590487,-0.08564905496042385,8.417417907386149,0.5922733095323984,0.4688241123455228,0.8130126083250921,0.7423833082172315,0.7188922874866499,0.5465861841916109,-0.10865623958933313,0.7905179507113225,0.8056438339125283,0.2801122279711521,0.17559267022653202,4.416688624466747,-0.11487652038733032,2.0825409021461017,0.19176492576979953,-0.3786858731495979,0.6540152672656951,0.8188059582448929
1996-06-01,0.5346831215562453,3.178349726365637,0.014130483704555274,3.3383580958221692,0.0,0.5242475964851945,1.1828362304880269,-0.4746093389256245,1.2422519998556147,0.0,0.19491961314441753,0.41952464489316554,0.530505222969424,-2.0936907333874544,1.1292915081866362,1.3548418112764082,-0.06894768867464762,0.12247127233857569,0.31465119372118266,-0.10005600575935247,0.342654865009262,0.4924105539779511,1.4345281863703985,0.1641587235952091,-0.08386264312321146,-2.8347695992882116,-0.0793507715932229,0.2815581400162692,-0.11695147847214926,0.14566644964641995,1.935895469946658,0.893025138346637,0.25965966396492846,1.5843409484725512,0.6398315616324979,2.4571260730506417,1.1484137698206887,0.860835204310284,-0.7520461331763872,1.5128775594858812,0.0,-0.10094327973622086,0.515028698996467,0.19193794650940177,0.3742986278836291,-1.7498259241054193,-0.311687312891884,2.5451446643256936,0.7162071518883373,0.0,0.5235614053946236,4.193172881384921,0.010001552651139889,-1.1428695823623158,-0.8835652306781405,1.6152501122438157,0.029292584303419744,0.6444065284701539,2.9071814821976627,-0.22357907671031185,0.18691594227036035,2.3249137502124206,2.734134560432455,-0.42142037228520834,0.1469507979360074,2.0997370568524687,0.1085435280380409,-0.0922934998600411,0.46350967310049285,0.6373507872092343,-0.04635904630276855,0.33241027838362136,0.08564905496042385,21.26783803191352,0.2158118958615063,0.09350164309056552,-1.0173027713051397,1.531488347158927,1.237826847084822,0.2108022823267497,-0.35788527386646507,0.0,0.6996530289838265,0.0,0.6993035490971966,2.5044036811079975,0.5857650774166778,1.2755424242232305,0.06383496752411233,0.7021362899155559,0.9085224954503257,0.7765281175027381
1996-07-01,0.9219264807128091,3.4979718896025247,0.6478815516004488,0.0,0.09886308269395627,1.1211426232989208,1.1041155283558979,0.2850358224358196,0.717583807006994,0.0,-0.13993351390455544,0.2906569772147538,-0.796816964917646,1.416193104114516,1.5046306008514865,1.1598867660596923,0.3184853133216592,0.12232146366688568,0.577555322845047,-0.15027196950825328,0.25647006477962364,-2.780664893203788,1.7094433359299277,1.0064004431490137,0.13332110784007867,1.91262660935263,0.10909951227846548,-0.09376465759629582,-0.18219682291551464,-0.5839432651559839,1.2638513227895665,1.7766782977024054,-1.759623227648266,0.37355291850875716,1.3593082936846468,2.398196468648317,1.2585754653600567,0.3371171784500415,0.6731292474970729,1.7857636630357554,0.44742803949207044,0.10094327973622086,0.3418740507522777,-0.09592292304265726,0.6929031290538123,-0.35366968783439034,-0.10411544264927741,1.3595956587495905,0.3561891651211013,0.475606893335101,-1.711694194069846,-0.9643276271804169,0.08002006822049879,-0.7465253536339311,-0.9100982195988649,1.411534666786185,-0.8726828929193076,2.64904020745933,0.5714301263438859,-0.6044401443697112,0.18656721829506395,2.015017803243069,3.76991626753167,0.24725487107533084,0.2932553421277184,2.5712813365886156,1.3891868572425192,0.27662534928900584,1.3217471597435804,0.25380724284698175,0.14798819966994614,0.3864205746830329,-0.08564905496042385,4.687645533016971,1.2568003189294963,0.0,0.4760294606301674,1.5980330340387816,0.38000546676815183,0.29784413753342065,-0.23018517818886863,0.19665689720409496,0.09955202415006248,0.27932979056126683,0.5212870188531671,2.1148584102294867,-1.4966700865066684,1.660554761477595,0.1912607719523507,2.1563460298073434,0.7721935885114828,0.5880068010333358
1996-08-01,0.5269716598190755,5.915295120497888,0.2523837114500438,2.4190294449518923,0.09876544012721311,1.0447736278423214,0.43915798194471556,0.18957351648980492,0.6109998641579573,0.0,0.2582681610097559,0.4263154118665291,0.1998002662672249,0.8322565178403352,1.1001295624873286,0.9555147831546762,-1.314897837413742,0.0,-0.19540797619974626,0.20029810226329658,0.16107120753008353,1.2727599845623772,1.9701476342746993,0.10819584501517987,0.282818368961113,-0.6998513967403586,-0.2779410884334865,-0.281822638384277,-0.1955799567304517,0.5839432651559839,1.0105288883779817,0.7146172555992703,-0.0746232340356201,0.5206408190574052,0.9782899387730914,2.6501940745506047,0.5815284698176271,0.3101485733311371,-0.039418626316489735,1.1730117823487873,0.0,0.7038843585240429,0.3407251842195258,0.09592292304265726,0.831328234170714,4.248580006187019,-0.1042137134518839,0.3455569217099441,0.5319161603748235,0.47152925823610303,0.39761483796389996,0.3411148077657078,0.08995518768140087,-0.5464494472078307,0.17842643313690232,1.3203731458991452,0.2851946664324423,3.4228130297567105,0.9216655104923532,-9.249066970715036,0.0,0.8330711428429005,1.2832505055917487,-0.1308234796657537,0.0,2.14455171394774,1.2923618289985228,0.18399269220079617,0.9561825839341509,0.7575793808459963,0.2923131422904568,0.4398027979712893,0.25674269481124057,12.009193034267618,3.335735972812248,0.09341429917988364,1.0124959934727507,1.4574824355219285,-1.1151190167116853,-0.5965995037751082,-0.4580437580409935,-0.6899978089998093,0.3972199860433623,0.9715551786094956,0.25962801256311785,5.0426186725916535,3.7315402517450025,2.1160619827511162,0.19091073115466983,-3.5655834437782197,0.5115028131383426,0.68514063621763
1996-09-01,-0.7775631342853195,-0.19656025984557957,-0.2102778602887767,-1.2571906495653096,0.0,0.15976996528532794,0.1498899616394489,0.18921481520379757,0.5063301956547583,0.11229684155820152,0.05822393405754411,0.4875259168700907,0.26578088735211836,-0.48441347884846664,1.19631907062141,0.9096260297544401,1.7008827914741786,0.0,0.3709492734710551,0.4990041913485399,0.5445311838705447,0.6767356537991098,2.356410351306515,0.45853081012756647,0.24370209625601547,-1.3508014595080553,0.12913581409241814,-0.09411765400626493,0.2997330712101842,0.4357305368955622,0.49295824452797454,-0.19053673595461618,2.3145312136714224,0.3702336698534481,0.33691881035080584,1.6781476962003605,1.331177060021238,1.4093520760307232,0.19719016803319,0.2911330818798685,0.0,0.2001928655605667,0.508897084772908,0.09583099914012294,1.1180114420646703,-0.08492569512537074,0.4162252039638936,0.5014290331500693,0.17667849536389113,0.19053262534347581,-1.7345331461774194,0.3399551692227831,0.029962246631232148,0.5464494472078307,1.177059864765173,1.586224592341079,0.9577868371053455,3.0014299135302958,0.0,-1.0889399799274724,0.37209345256901116,-1.4139053024176285,-0.745968706431066,0.8977760850529037,0.438276815509564,0.7232298561857586,1.155059955582649,0.2753558417182056,0.3325155466574081,-0.1258653407198551,-0.010430934539584769,0.2738977335432935,0.08542953309440549,-3.9512342272922663,0.6839971947776746,0.09332711829976859,-0.6738569973210762,-0.6200830743841479,2.0572705599571472,0.3864461927242768,0.5712526674582996,1.2776586578983284,-0.09915717222965803,0.13802624689596144,0.0,5.55620660547137,-0.5602953087716855,2.4771807424724734,0.31735181385492695,2.772348189802054,1.015250313104188,0.4093178597535302
1996-10-01,-0.22327794214334062,3.099521727356924,0.29425970616436814,-1.440468120254934,-0.09876544012721311,-0.07985307459361657,0.29990427272315046,0.6594465725282106,0.5037794029958409,0.22421607229423657,0.15930431305140047,0.713208702460344,-0.799471280170927,-0.24139274611059136,1.1287297179050526,1.2867632299290221,0.8779088986769601,0.0,-0.28296842806758704,0.1492255609039539,0.2275670931468632,1.048315538020983,1.5406467196688034,0.18819739389854817,0.13660581128389637,-4.453869599437477,0.13889450563553396,-0.18850146957722913,0.259909178152018,0.1448226176364642,0.6159690583206423,0.20463613675341108,0.7857442312094953,-0.22197567383122063,0.37445973124805576,1.5015297119996163,1.611285234223958,1.314479281840386,0.39321763703137336,0.5797008251425595,0.5934735519814716,0.0,0.842464460631831,0.09573925125190286,0.5342485364759231,0.0,0.20747491547616903,0.22013234816506966,-0.04414037916227187,0.0,-0.6752220117285823,0.4296299160731376,0.189576873452868,0.40788635748221225,1.7206295342231392,1.2404574886905717,0.16521700633687075,2.3403529055505468,0.42253583991729293,-0.01921045054413817,0.0,-3.490640856813876,-1.7180093277241237,0.23038167137166,0.4363643287772945,0.5803526030556228,1.1907503595200986,0.45724816748897723,0.7323732384676873,0.2515724597248248,-0.05512093360708903,0.0,-0.17093211064596048,4.259820330349484,-1.7465891288908075,0.0,0.20263431452329783,0.054667214700199196,0.6014042620094973,0.9422525047170005,0.039003221896471985,0.8750663520184165,-0.39761483796376673,0.5502077153983542,0.8605905092881283,6.27893842745687,-0.4003508412552925,1.5606689369586757,0.3163628499359028,-0.053106745804765154,0.8799701014424066,0.3777056707533752
1996-11-01,0.08378239489328365,4.976613937088503,0.15379787206741824,0.27862932486835135,0.0,0.5258557253465579,0.3196254014014688,0.37488328815182825,0.5012541823541827,0.44692957189109705,-0.18411025344775567,0.3938877289248133,0.0,-0.541050988175229,0.7985198405481952,1.0186494142400804,0.05090353889505295,-0.12232146366688568,0.7398787645967353,0.19860738694239544,0.6533322066706315,0.4951638121037938,2.1994013714068394,0.29502502289515675,0.005812781328717875,0.3437763296961993,-0.2978618717510706,0.28261912358349406,-0.09089139105249444,0.14461318499998654,2.8463865907773833,0.49924513919288316,-0.06348770974486939,-0.2967361227802279,1.1277833233524603,1.9188780650870818,12.370583587769879,0.8253121081359005,0.4307735031946258,0.8633158130963103,0.0,0.09995832306888275,0.6689015394085729,0.3820430287815313,0.4313594490185757,-0.08499788017060084,-0.31136380820946385,0.2041934169544124,0.5284028271674401,0.0,0.7424941299737142,1.1034871465914087,0.29859296130467783,0.47377415185172467,-0.2588060141753168,1.5037353122624442,0.29089519203910896,1.690427815764517,0.1404494612897711,3.844453082235777,0.4631782250037908,-0.4029555486001257,-1.7223285180822057,-0.11512449105737232,-0.14524330803151742,0.1651982754550474,1.2035658143975336,0.09119927672704975,0.461858427953743,0.25094116054247273,0.1846298223334486,0.3276900802312799,-0.17124011725968558,3.8049651764606285,0.19404025492280041,0.2794598931015635,0.806455983672727,-0.5823729247847353,0.5241963398157523,0.45052690073950075,-0.19909893421132807,1.1549695279273298,-0.2992520936455634,0.41067819526521276,-0.08572653761196314,5.0472332101845545,-0.07524454832061878,1.1972350380591745,0.18932944504017613,-0.1860960260581912,0.37476081483931445,0.6583825218137335
1996-12-01,0.0,1.0381496984565253,0.18144005926261642,0.44419839834235475,0.0,0.1588058139052162,0.4690894080022989,0.09350164309065434,0.0,0.0,0.07914849090511211,0.36206414011981103,0.0,0.6545557483247144,0.7395629440724694,1.0694741822749432,0.14408613756931032,0.3665164278406685,0.2905571051414313,-0.09926152586094972,1.1478359962976636,0.9398662494622734,1.2833678338068477,0.21401827323672684,0.2958826962044192,2.254911652090419,0.06957509584264443,0.09402915596430361,0.20763049244818532,0.2886004889134597,3.39015516756791,-0.05612853581737909,1.2333893001851948,0.37078277555258055,0.8628400187639773,1.0181906145118713,1.7446913603718528,0.9173288120778889,0.312156715111378,0.28613507614192457,0.0,-0.5007697092059615,0.664456960111881,0.09528313441995451,0.7876804273014404,-0.3407158321614645,0.10388889273329482,0.7063329145385655,-0.5284028271674401,0.37454876264346737,0.6702437959472896,1.4608197581062576,-0.009932964067527195,0.4043132192355081,1.6780340033224928,3.1516291190401446,-0.3394600999919284,4.1665828074683775,0.2803085227116586,3.2915054277719236,0.18467225931644293,-0.20208831397727778,-1.9995101836137952,-0.11525718031428767,0.0,-2.000622436178423,0.8706622315890922,0.8170721807051251,1.203290534566026,0.6246116496952947,0.04757955543697179,0.2722571787911132,0.0,-0.5877564721983308,-0.31897953680983804,0.18587365946247658,1.2637348095595247,0.2881846374887864,-2.284951362734078,0.8264547166251468,-0.15251571738197356,0.09564802259580674,0.4982571344463782,0.0,0.853976154813374,3.352528230176788,-0.6923927705466681,1.2145684502017584,0.0,1.400472090044813,0.9925497882176337,0.5013386102518366
1997-01-01,0.2787827724141323,1.91244432180806,0.6948363025378157,-1.9918976656308374,0.09876544012721311,0.0,1.1733732817610143,6.6872244483792365,1.291622526654601,0.22271796326220894,0.33344611517680534,0.5034684693548286,1.268452695834732,1.2359088627641235,1.6443016283766099,2.0404244497230106,0.0,0.850029738776481,0.31864073694078954,0.2479550762100935,2.7683198850251056,3.079221808862176,6.243900325528928,0.4000538739934445,0.2900372517645522,-0.18944516134871137,0.059612729812474896,1.8622512098002808,0.22013605523012458,-0.2886004889134597,2.492173908694495,-0.26704162039257184,-0.5439674456824584,-0.40282432996772144,1.0681848346859812,2.1475413725569936,0.7440801904059935,3.5874126778353332,1.6995054485632544,0.0,-0.44477463982364185,0.4008113861370788,0.330587873224264,0.28530587880633007,0.5842468468340467,-0.2563008664890454,-0.10388889273329482,0.9724110143463083,4.980736970373467,0.7503055634567879,0.0,0.4169840965536853,0.12912384141614552,0.20154524793492,1.3340112524216075,2.5390070257177655,0.5715685214122246,-1.7373656610516042,2.2878492051529253,5.853889563869608,0.4601940933368631,2.462155876908234,1.077062494417147,0.11525718031428767,0.7241161256559714,-1.669771354955385,2.14666000729693,-0.27161628287801776,0.47729112933136975,1.1145626214915882,0.6047820557250283,0.8662750437216538,-0.08572247545499678,-0.47470989811793096,-0.2372147969271765,0.18552881017468437,0.5930824633275655,1.6445056662580448,1.0726339936556917,1.2947238556733076,-0.01956226764932012,0.19102202561191994,0.09935420588789157,0.27285146532056714,-0.08507018803118882,5.708071785126867,-0.6972202928699822,1.9646180450733741,0.3147546771807619,3.4975598913907113,1.2270184253861505,0.960992289009531
1997-02-01,0.38900315027960986,2.0924913424245073,-0.12470720280681746,0.893306188547438,-0.09876544012721311,0.1743956050407114,0.49900086945195987,-0.5258557253466911,0.8845266514967864,0.22222303244632258,0.1751283641847401,0.8313857432956429,0.3454058502660118,-0.3468088661991331,3.059114602565449,0.6264002584928985,-1.5620649656991503,0.12085622069610835,-0.16402145603997553,0.04952016937487258,-0.12456742533970555,-1.5267472130788384,3.4090688895293653,0.23926636431292891,-0.06786138557544064,-1.4977813697031994,0.04962764179143875,1.3742772404028436,0.20674513114276039,0.14440435722331557,3.0056038855305722,0.11955414764845962,-0.35353884853268625,-0.31594930673568555,2.29838363903756,2.3793984665525514,0.44155823865064114,2.1668122109280485,0.725069258207256,0.0,0.592594326754714,0.0,1.148488026843264,0.094935616749936,0.904271937373835,0.5970166986505099,-0.2081225977787149,1.4148689198209663,-0.11757802207403856,0.5559420563678863,-0.200601872686601,-0.559647999732249,0.2973643370355994,-0.6058584671704281,0.09550619002807181,1.6664830031731803,0.1640847817596658,-0.4779514578986177,0.0,2.2356620163449303,0.5494519317640112,-1.0789707421380967,0.9481541581878972,0.20138096564057406,0.4319661144516651,-1.9314446982076294,1.0820431216874482,0.0,0.0921163801992364,0.36877730791862184,0.16981047553370487,1.8692133012151224,0.25696259271468236,4.026234744622714,-0.3948672455414304,0.462321674145727,2.913770393439119,0.5042196974578417,1.7158559322518085,0.6747865940648801,-0.03916056100683463,0.8551120989249039,-0.3980104756627245,0.5434795985955532,-0.08514261902190512,5.50363134615286,1.075483258078691,1.6233957007267819,0.31378193049960146,-0.41067819526521276,0.6078959295041653,0.5523394122948566
1997-03-01,0.11085841957045872,2.6395742765824792,-0.45862303146071426,-0.29688294938008397,0.09876544012721311,-0.23788767066590388,0.5087121891451218,-0.5286355923148633,0.0,0.11092660362059803,-0.14394012318037497,0.3137220741583402,0.8852689875378239,1.873904440183427,1.5446487343656834,1.0843954842140846,2.7408274567105373,0.0,0.4335893481704822,0.04949565904013298,0.1395425292575414,-0.955971889284335,1.4519311324462603,0.556071868469532,0.04965696632259764,-0.8080852053939935,0.25773479463371274,0.453927243341834,0.07741935870573258,0.1441961316901441,2.7998296880061613,0.9304344992273172,2.1767112170050673,-0.140742975422814,0.036641221783906275,0.8264509849893464,0.42465954407648887,1.8467932080124427,0.03802590248587201,0.2853186787677764,0.14760150281203366,0.0,0.8123516081497861,0.28421040663220154,0.3418806748787251,0.4242687738789108,0.10411544264927741,4.889999448171212,1.13357797462168,0.370103325314286,-0.2680966753256797,-1.0740284885829787,-0.18822468201298292,-0.47377415185172467,0.7084150432007608,1.2368585036347746,0.44264891367946646,2.2246886534416754,0.1974334303719516,0.8869966169985588,-0.1828154074061672,0.3937012959340791,3.864293118420692,0.7587181196274884,0.1435750426104221,0.09358915049073602,-0.4489982512812851,-0.3633064849879908,1.2656466598233607,0.48959706122064794,0.1312144545771332,2.4563555353307898,-0.08559106229926172,3.8885454894880933,0.2962965130656414,-0.462321674145727,1.2682478170388034,0.1875921761436139,0.8924740026248656,0.5198226497433733,0.40643906464943313,1.035303364990403,-0.19960086467154525,0.5405418566909681,0.42499001493312427,5.255847369068045,-1.5344920966189335,1.2680053157374527,0.25032152383133166,-1.555241300748511,0.6042490690618241,0.6057504449357128
1997-04-01,0.0,1.0033528989576102,-0.02786134794412476,0.49431637975185794,0.09866799024464967,0.5541934855461506,0.87608617083621,0.088300226487803,1.8420297851316825,0.0,0.09624207280900521,0.3299175644548846,0.4920251708045775,1.080530746935171,1.6184640493904112,1.32948949887699,0.8999310798046167,-0.12085622069610835,-0.038465237516316364,0.2964464073274442,0.8610299761094176,-0.2660392441931947,2.0214719257376057,0.6055040218952534,0.03640552510013606,0.7074309442536286,0.5233316389924525,-0.362976805057702,0.03868721435829059,0.4313450253719431,3.336796558693411,0.7077465013112239,0.8804307551571355,-0.06937810812006617,-0.06107616387258652,0.5471969877990812,1.2881359044977003,1.3855865564654568,0.4172122075901452,0.8510698403468187,0.0,0.6975714240331055,0.8058055977099521,0.09456231883495647,0.6318368529073748,1.596001957873039,1.9578218389018076,0.7460123124650053,-0.503589956802486,0.4607153956920129,0.33500868852822663,0.3179652917378206,0.019832093628036063,1.3477292943480101,-1.4092346908402664,1.0745649783929778,0.3641943837633832,0.6548689540839092,0.0,1.2190317557366548,-0.18315023434682942,1.2689286906490516,0.4476488326913497,0.11402509787323822,0.0,0.6526829696682501,2.3666416739270613,0.0,0.3856483285414214,0.24390255993576027,0.1604616645065171,0.2062919762014559,0.3418950492822148,-0.8404781614414603,-0.5934735519814716,0.462321674145727,0.5655057483345161,0.060222826270450724,-0.7755889749503364,1.1308783486970952,0.49798489541839075,1.9472103412819575,0.0,0.13468015503779185,0.0,6.407086806827755,0.6750328122496541,1.4100124378781942,0.12491877759739367,0.936044275956327,0.839824919869514,0.5955008836786063
1997-05-01,0.08306323868207954,7.953060933947009,0.15314144129296992,2.5317807984291285,0.1970443987297621,0.7237287725525565,0.4089667339043146,0.8787402766804675,1.146144351900924,0.1108036928347822,-0.3116688310373483,0.2307540501358396,0.39631058912643624,1.0732800966728462,1.5927157846706397,0.5114853845550993,-0.7577370865431199,0.24155362535971392,0.12495796310449947,0.6883003360901974,0.1863242301617607,0.06145652144677882,1.5187207793534885,0.5235614053945792,0.14552007297279346,0.9022617599637961,0.23608875830403164,1.0850016024065212,0.14172520571049674,0.42949242828811407,2.71792802495332,-0.2353593776474927,0.41802500598562276,0.01387947281594748,0.158720502156795,1.220354128072998,1.1227890470270285,1.299894237101773,0.3023649230702308,-0.5665971757901289,0.2945510229757531,-0.09936244445611919,0.4803908998318285,0.28316577994376146,0.7241161256558826,0.5816385321439022,0.2038695046597816,1.6316461842876606,0.19120403903301053,0.09187551138207795,0.0,1.545534529441328,0.11888122762711006,-0.6715941965437899,-0.7771270317221912,0.9085015037236133,0.6103976987322568,2.4836161873117213,0.29542118974315024,0.5156311778939493,0.45724816748906605,0.09694620245497276,1.4593702427919908,0.22766088375911764,0.14336920018482857,0.5560718684697097,-0.19720381583683277,0.2726035309238206,0.7518832414028509,0.0,0.6056890869719389,-0.3095977705128927,-0.3418950492822148,1.9896098862058231,-1.1976191046715101,0.18433184942896474,0.06263702052562437,-0.22769900006647248,-1.247536706472241,1.6239344447424475,0.007757950961195803,0.18348629001101457,0.2992520936455634,0.2688173661800519,-0.08485363258401435,4.58480244969659,0.13953195642386618,1.3320471197212136,-0.062439882923737144,0.31007776782492336,0.3577770319760809,0.5639230355378426
1997-06-01,0.0,-3.5983545836979935,0.16681036588463982,0.38387763071643377,0.19665689720405055,0.92065876167986,0.5384578139750129,0.4364913084700106,-0.19011412570248964,0.22123974072183472,0.10040821298851199,0.2380034443222101,0.9637232455416367,0.16622766756615448,1.2135641174813028,0.7766843147530178,-0.06688963460099728,0.12055190162945095,0.0,0.24466486043976943,0.43341117548649777,0.30671734504537085,1.3817145553141952,0.05220569160595545,-0.0033097546214833073,2.4643928283750505,0.1276396123682133,-0.3603607503298356,-0.025753283685947537,0.14275519911848278,1.5289530539904561,0.5184403137430404,0.3746115118546278,0.5769594783077814,0.048786438338010996,1.3387080782460092,0.18029499240244107,1.7437707899498278,-0.037753207432356106,0.8486624493794448,0.29368596733094776,0.19860246548852878,1.2698485622306244,0.0,0.3744783290222209,-1.082892714498307,0.0,-1.3150336708656507,1.053773833241678,0.1835316248399721,1.592601677098493,0.5163941908323366,0.07919490018650777,-0.20236094595249554,-1.285539546181802,0.8833540440371657,0.2563982222259398,2.2489449168047404,0.8810629682153515,-0.7420585752968556,-0.09128252573606943,0.6760045057718322,1.5066846198217743,-0.48440043428374935,0.2861232281032855,0.6448663526533505,-0.31430625083999075,0.09070295406417017,1.0802861623709248,1.210668540302029,-0.26352585214670654,0.7722046093909363,0.17109363985081671,4.021822461162783,0.600602406021089,0.18399269220061854,0.5619746291694927,0.3881161188870941,2.0969247684909043,0.0,0.13185388186141012,0.45724816748915487,0.49677201019342476,0.26809667532576853,0.3389833754509741,2.8352195447394535,1.6469037765470596,1.295329856227978,0.12484080278492016,1.6377029281322564,0.2378088588228522,0.46469018910348825
1997-07-01,0.0,2.361384810830369,0.802325075508481,0.0,-0.09828010619079564,1.26564430619438,0.21964776905853967,0.6079046076383321,1.4171233848838671,0.0,-0.10877279826146946,0.6010205019183701,-0.13313155473051452,-0.07235162240446513,0.8244132615819133,0.8607010027882112,1.1558899640299103,0.839844113740007,0.19193863858033566,-0.24466486043976943,1.8799366161364794,-0.3886677696275598,2.0374219195132603,-0.0899890048987384,0.18325312322922116,1.4500012384754069,0.13728736739233582,-1.2715884325302795,-0.12886599721486647,-0.14275519911848278,1.3590243141717195,0.22726499916370102,-1.8775114902138235,0.1124489589663824,0.450149795961563,1.321023173680702,0.6353306498273703,-0.13138652288504638,0.7895998054410658,0.8415207363830834,-0.14673516939494036,0.19823256311251036,0.9419333192488999,0.0,1.1056155321874872,-0.7566240383315659,-0.4081655297384579,-2.166942845056896,0.8146258292952346,0.1831787097287929,1.0478157425525936,2.124977799525851,0.23718036602442538,-0.06754475096384382,0.0542180352789412,0.8674166380126191,-0.5039231010803391,8.687406274906406,0.38910554929687535,-0.6008950277114788,0.09128252573606943,1.2434402198428174,2.804283872576585,0.32793926873360135,-0.14295928095950927,0.9140831470661137,0.6175358762205985,0.18115946983510156,0.826511973875288,0.12026459657610289,0.027852123521476813,-0.46260683887804355,-0.42826119219965264,5.049462870611876,1.2890609831076816,0.36697288889628865,-0.24937668784006384,0.7783693624175747,1.403490972733934,0.5840455571772818,-0.19007752248612064,-0.9165967014082899,0.2968829493801284,0.6671138817022637,0.75853713892573,6.071547486638584,-0.049887753591448813,1.3261655027635655,0.12468514482888438,4.854841389628373,1.0632219628586626,0.6509230314479535
1997-08-01,0.0,-2.9204916986116825,0.19270787105352127,-2.8170876966695957,0.0,0.6573439553022808,-0.01970277909522089,0.0,0.18744147943503542,0.11043658933971301,0.22005627835328667,0.40534285526687697,0.6739817940612625,0.4270862222915284,1.1428725231528158,1.1018616918049062,-1.6337781088973102,0.1194003554405576,0.19157093981387874,0.3911937987326475,0.613476717431638,0.4703004272220035,1.3355791181564491,0.27210901143606137,0.4402015026459871,2.464579720682414,0.16643123718846908,-0.09144948053894097,0.2575661436795329,0.4276556767259798,0.2713796418107428,0.9857017313136485,0.08378334948462296,0.13138378664665495,1.0385312517498857,1.174181787668127,0.7572542769130663,0.17514369756397308,0.9319875407718392,0.27895175089720503,-0.1469507979360074,0.2965903086407984,0.4676457058854666,0.09419182088414857,1.3463461852443626,0.2528446353358582,0.10220018361257743,-0.7091509812101382,-0.26003038953010815,0.7276541976373174,-0.9820046180975872,0.1995913792846249,0.1676618542325592,0.40458585195422003,0.8507189849680241,0.8852065173235335,0.1714286134111731,8.663441963412044,0.29083878959550447,-6.250984781208491,0.2733486895659887,-0.3809528416668151,-2.392024553744365,0.2700975414150264,-0.14316394714377623,4.6230454318262115,0.6488466794602576,0.0,0.24222862065945705,0.5991629668266718,0.47810719672014557,-0.2062919762014559,0.42826119219965264,6.0846762054102665,0.7850874475740177,0.36563112031116063,-0.18744147943534628,-0.6648960665252446,0.7541595597535533,0.1939197195274911,0.058223640624710526,1.0077959781351176,-0.3960401216097864,2.6248226074936376,0.5025136202673863,6.013101191189563,-0.11233852520122767,0.7647679250989636,0.18673670623332583,-1.8546163592485065,0.11743814621314463,0.41616501867464795
1997-09-01,0.0,4.540897524084064,-0.4272076582475748,1.951281422358253,-0.09837679101325492,-1.056914181093127,0.059763227877684955,0.0,0.560225554867122,0.0,-0.0019716448985462875,0.9247403657794528,0.2160298024987739,-0.2845127564831351,1.2445461895004506,-0.3988462223702527,1.5593394966349372,-0.2389562675736201,1.0376598413557758,0.2924013313307938,0.6294009211905482,0.8935883993302696,2.29518271782001,0.36166404701880595,0.49386919219669423,-0.28129413766126987,0.09779573363033478,0.0,0.17990238725138497,0.2840911001603885,-3.5621556998690185,-0.7520888725608188,1.6879100391233415,0.4764051580510298,0.598875906556362,0.3883500026399034,0.2907533154145714,1.3901111493273888,1.0703135528581154,0.5555464688260514,0.4402061400637258,0.29571325115549385,0.0,0.09413145901282505,1.4114822504319946,1.752235069220287,0.7124915788738306,1.5235122907054421,2.5596991717134365,0.4566877103829192,-0.9917436657346457,0.12809870094692144,0.29518480633843325,0.8710272824894894,1.9966204971105128,1.2378026225163374,0.578776699868655,-1.6973024579723717,0.28999536997900144,0.4152973610376254,0.27260353092390943,-0.28667004820759345,-2.7682355036863004,0.8904023210797973,0.5714301263439303,-0.08691873645871873,0.6297187084441269,0.0904568130429162,0.29282597790887266,0.3577821347882981,-0.0627347855920668,-0.10330579431143683,0.0,-2.818516914376046,0.778971806533324,0.18231545615128297,0.31220755925081,-0.34080690543252246,3.9772290656831633,0.5473992825880458,0.9269971770665464,0.6360766561809061,0.19821612039914172,0.3878479328569995,0.33361165220111566,7.055202353741086,0.6597397428040885,0.7962944319915621,0.2484557816706534,-3.000225030379866,0.4683782529559366,0.44499984527707437
1997-10-01,0.3040040350807516,3.5342024093686586,-0.013810425248550473,-0.19342365798316052,0.29484050842985,0.38423162617489126,0.22959836442431047,-4.15437556486653,0.46446901893224535,0.0,0.007459185198666063,1.21782770678589,-0.5973124887843184,-0.5656502671510744,0.9573718564957368,0.17381096565993737,1.1435277421568024,-0.11968618224704741,-0.04736418409008181,0.048652870429855,0.31945772940562556,-0.1618778176235125,1.8201787308611106,0.45024839683156515,-0.03677584458641192,0.0,0.23427784551168784,-0.4585060760649462,-0.05136766518498703,0.14174346809729954,0.5250052226936752,-1.1943943984604743,0.5694873709523485,0.24839241913152676,0.5121802632488404,-0.2587323564952726,0.4838496995934083,1.115413697360168,1.385392451569878,1.101951881372809,0.2923978691435458,0.29484136553419305,1.2364967651306458,0.28180750587951664,0.8721652714997585,1.6407258951240955,0.30377654919755415,0.13008457330436762,0.2227744511076324,0.0,0.5962256814418865,0.16107640397615697,0.25511820184824785,1.4569794156694904,1.9796724561439216,0.7960141214483407,0.4530874279334185,-1.224020035333151,-0.09657171199588532,1.3038441700075065,0.3623192369420103,-0.5758173299684088,-0.15392153042421697,0.09844596815051787,0.142348778485335,1.6386740114773257,0.40273516212310234,-0.4531045359601471,0.14609206396745122,0.3565066164497477,-0.054028312119758226,-0.05169294506424116,-0.7721986833857386,-3.887917855116463,-0.5836592444452116,0.0910332334147057,-0.7509422022132117,-0.3151087049711343,3.429555776396853,0.4965298506809379,0.06918682397714093,1.260142687800414,0.49382816405825203,0.8991711191964846,0.3325023844772179,7.998805937622766,-1.361584959919071,0.7714868399314678,0.24782534163101388,-0.4069181606726424,0.46619469441764316,0.3418382982525556
1997-11-01,0.0,1.1386716234093708,0.26208638989491106,0.7714599495329821,0.09808730555915801,0.12264297106794331,0.16958275993528282,0.6297816586990024,0.27764941482959493,-0.11043658933971301,-0.02953330822119682,0.13541847157760856,-0.3715924282539973,-0.7203887572147849,0.8133916817701259,1.6663173540856224,0.6360099717096723,0.0,0.3121898377766108,0.14580278124025625,0.16023647205050118,2.420844438681158,1.3698844358160045,0.26917916657112073,0.19840509748707547,-2.2793009528557118,-0.04876485461347002,0.7326040092072716,0.1668485274444187,0.0,0.8744617650493502,-0.8579552505036503,0.3651306571708979,0.20057869984677623,0.36762567344665875,0.7741974153615327,0.46123415920225064,1.2085463759153203,0.793353096764271,0.27360926670869645,0.2915453960124381,-0.09819174928105134,-0.30770099784653837,0.3745450007706985,0.5651277459432169,0.16260166184185465,-0.7103027819455043,2.371652661731982,0.71577220812582,0.08864843875144857,0.6583302249196343,3.2094792263313465,0.09795153279892332,-0.858374369139181,0.33147980703889246,1.1125023966438885,0.8160247880166338,2.502397120850297,0.09657171199588532,4.792132969269058,0.3610112224100348,0.19230775157419444,-0.6638707885293194,0.04216147908708834,0.14214643473779986,-0.945430333913011,0.7415497694751139,-0.09086779362190711,0.07296607401432453,0.7092228309492299,0.39641322502763643,0.10335918232828867,0.34393749118608596,7.656733068643362,0.0,0.09095043828395433,0.7509422022132117,-0.12094337293602209,2.5100678129914566,0.811517646594595,-0.1653450467246742,-0.1790510773788334,0.0,0.7643349312568049,0.49668976283379074,6.417895222933434,-0.2644671272589605,0.8390625963374809,-0.06189878038149743,0.8121872057348156,-0.3494421086448263,0.5607054087787068
1997-12-01,0.1929732537759854,2.9154485265717955,-0.08268554656130078,0.09601536983439019,0.0,3.003319366499735,0.4289679655268053,-0.6297816586990024,0.1846722593162209,-0.11055868659477497,0.048753754366615,0.13821809678189467,0.5457165729207958,0.6701859366836871,0.6280801408626857,0.8457487441539957,-0.2848888826026297,0.2392420943801099,-0.06614069310888482,-0.14580278124025625,0.1697483954904211,1.9380072149352223,1.8663061131922287,0.26845653706688566,0.2655638104375413,-2.037916233665449,0.029253807233420304,-0.09128252573598061,0.05128205240589878,0.1415428403331198,1.1611180043159752,0.1260151384904873,0.8261972833884634,0.07865139487313044,0.36627913579598825,0.12845216923587088,0.35179217344070146,1.0899299382618466,1.7094511307579996,1.6260212614118252,0.2906978791308745,-0.09828826025093385,-0.3086362415809951,0.0,-0.09093389732748314,1.2111573162945533,-0.2038695046597816,1.3579258126381166,-0.05278652809952433,2.498373307816504,0.13114755978111958,3.2162624279305163,-0.04896377327145984,0.0662910199947575,0.8518791524448677,1.3913316350514293,0.2705351712990023,5.1880764226879705,0.2891568279799195,4.479783343405952,0.4494389587838654,-0.19230775157419444,3.596227567655541,-0.3095977705128483,0.0,-1.2163486193195627,0.11321963354742337,0.09086779362190711,0.6398160549694332,0.4700361180331569,0.23536943361195384,0.8742663040155918,-0.2578460037353736,1.74775666527478,-0.09760859730540972,-0.09095043828395433,4.032311698434032,0.013445378171450528,0.2380212413264804,0.5216153969655135,-0.0500441500191684,0.8032171697265778,0.09847366625406195,0.0,0.4942349434433613,5.009698779500127,0.08823344619814932,0.7318667741803786,-0.12391262325053276,-1.0162689092200416,0.3494421086448263,0.6193864551091911
1998-01-01,0.1100955597133968,5.251638434849681,-0.04136842579507416,-1.3526776298202314,0.09799118863487166,1.387885853729287,0.7071433038112751,0.18034269991513696,0.6436803833477445,0.5515612260743374,-0.036790399030017795,0.6942337347264349,1.5093777366082861,0.5071214914119437,1.7730824641057907,1.5802708292251832,-1.8759806371329901,0.0,-0.3993662083728644,-0.09732942340043849,0.09316960362841797,2.39452107230278,3.9279974168449527,0.17857147602367007,0.23563183723886993,-1.8672877110945674,0.10723055475221344,0.3646312153020581,-0.30808753509088405,-0.425230973853008,6.803074204203474,-3.5318729701081963,-0.8484434493261972,-0.3318041201571198,1.2190984414217176,0.8945746558457479,0.7086708240043649,2.977949781022371,6.9228463185403655,3.174873883983853,-0.5822432751433126,0.4904311491562563,0.3086362415809951,0.27996649041401866,0.6890326444688899,-0.5077072003526695,-0.10209584146609885,2.5679014417690382,-0.09880693868371537,2.35143131931137,1.1726479209773544,2.5940200487744924,0.07834192432687459,0.7920833491444235,0.8808284414645762,2.1523190680735382,-0.22383892949804363,4.929127586853088,1.5282054810940249,8.44188213531285,0.9817124805416633,0.6714653525641268,-0.1939732789038029,-0.3388397989901648,0.425230973853008,0.783634832931579,-0.054132527588457435,0.3626477229172309,0.8874837282513148,1.396995944019963,0.1348580140969169,1.4235115821872313,0.6006046183834712,-0.802737829372413,0.6812678417506213,-0.3021605321565701,2.011548195661206,1.2293046308923472,-2.446459134369361,1.377823598718697,-0.9594532103062825,0.6202944124606535,0.19665689720409496,1.1356588932335043,0.16420364937448362,6.970031239308838,1.0153644111577265,1.3849508536365018,0.1858114036320302,0.915105521735704,0.810672400975232,0.9109040950930295
1998-02-01,0.19238985874316938,-5.039023188206571,0.20668509525352263,1.4486008985662657,0.1956947786960761,0.8323038482328293,0.4592717990492101,0.0,0.2745997148859036,0.10995090056082901,0.12269512341340771,-0.12980223777088185,0.8173406907004299,-0.06790904215669968,3.220848642085894,1.004132518035794,-0.13297874300022272,0.2386583164349254,-0.2565687728530719,0.43721046005575914,-0.06430868388815902,-2.549740350653451,4.4430291594221405,0.2672607381476677,-0.23401725939491413,0.831605624165821,-0.019493938222225893,3.135052988407594,0.37215314045981884,0.2836881335198882,1.6680230704614996,1.959369390040111,-0.4769705089626264,-0.24114285966794213,0.5692725219750283,2.388548498935572,0.3379196209824187,1.6456268636543037,11.913670172332802,-0.52218453201891,0.43699996711179523,-0.19587922451917983,-0.15419905042577398,0.2792127998525018,0.06322540065188953,-0.19398648178245992,-0.10220018361257743,1.0275662578203004,-0.5575482384301722,1.7068311692914229,-0.3893521146207668,-1.4903535395875078,-0.03916329034225896,0.13140606358685858,0.5597813937584295,1.735575094986297,0.06533812712037346,2.338482940482045,0.4728141195943891,2.537491657629376,1.498485509517522,-1.1538589556493228,0.36381604536757095,0.5640968279276848,0.4234304138788225,0.7775417142797725,0.35869630381033524,-0.27186242389927173,1.2279728802943701,1.3777485440304105,-0.04493246696801734,2.048535288186537,0.0,-3.2987525825255215,-0.9746665852294889,-0.0995520241501957,0.4573041243186804,0.2586294090586527,1.7532351466198026,0.9286550252677994,-0.1322642119785833,1.66451499587561,0.4899568841158164,0.7500035156547291,0.2458010250268483,4.321199712745427,-0.6129999804704411,0.5826216453865385,0.18546678509627768,-0.5073577600701817,0.23041155848146921,0.5635756228899741
1998-03-01,0.08233370961807651,3.0331765736034466,-0.16531666945844847,0.5736153395524468,0.0,0.20337020373704107,0.3391162398929115,0.2699056969164282,0.8193036271572307,0.10983014131928925,-0.07383770532758405,0.39486344163091047,0.5657922199872267,0.22700752256747947,2.582830386800694,1.0471299867298,0.6218152108667496,-0.1192579609943678,-0.11424220587521461,0.19370232121165287,-0.16095287556443516,0.1358300393176748,2.7028672387917396,0.1777778245996675,0.04636313989303531,0.10346612407778899,0.2141452471033034,1.4879924434185732,0.16637874190656987,0.28288562004776807,-0.03886548462808115,0.014213630895909546,2.4705292608401486,0.3683245416296721,0.6581629901234454,1.7241806434507456,-0.007237740433074791,1.2854869029329308,5.1585580071856985,-0.5249256186654616,0.5797117684326558,0.39139893301305406,-0.15443719115522114,0.27842144397727253,0.7556031272362596,0.3875973844691849,0.4081655297384579,0.0928936434660077,0.517826291532586,-0.16937191154964282,0.6480903955902839,-1.722615384861248,0.04894459838427068,0.7196629032040214,1.6254338185774486,1.164597096689901,0.24231139535446644,2.433722721102427,0.6582064195641113,2.1482511626533363,0.523561405394446,0.4823936030851961,1.4889950018892595,0.8262773710148608,0.5617992304223662,0.1719690879526503,1.7551560266518607,0.1813237124181022,1.3111706238783327,0.9080652635746311,0.26929246083362557,2.1043105814718466,-0.6006046183834712,-1.4511708827973369,-1.0832208329360604,-0.4992521603120359,2.9869406521965125,0.43616246782098855,1.832719106003644,0.767354635887596,0.15170330883798044,0.2603038346161046,-0.09779951879780313,0.991334016865153,0.0,4.212101232868459,0.6129999804704411,0.3924721833848732,0.1851380551406656,1.914416149764353,0.6880911792186417,0.6614806160518122
1998-04-01,0.21923949318054525,1.6349138001529706,0.4402293400233681,3.28205736032956,0.48756800634839337,0.275342540450918,0.239397794737517,0.6269613013595965,1.2612779815700303,-0.10983014131928925,0.040603256120075315,0.39329298855443895,1.1878101725953272,1.3603713375342608,2.860837740855704,0.8001097768144394,1.2239853796042865,0.1192579609943678,-0.11437286797670865,0.24160492700309177,-0.11819697287518416,0.019389239032996386,4.275116695266101,0.7961121215869227,0.24768280266851406,-0.10346612407778899,0.4559262271665254,0.17361115471761224,0.20439455250746974,0.5633817718256218,5.9163563279022835,0.9407007870894546,1.6106915811541889,0.0,0.7224387822558409,1.6949558313771984,0.47089121704435577,1.036078301013621,4.587571430445259,0.7863744746812174,0.4325889947121908,0.09761668601755424,1.2288990206047679,0.09263515070516704,0.3488843723138402,0.4823936030852849,0.2034946512364577,-0.0928936434660077,-0.03973773149841264,0.33847284989683146,0.3868417787556311,-0.654270763246334,-0.21553850370503724,0.5201572196073201,-0.33054759284145696,0.9312541137955321,-0.11176307394142881,4.520507989293687,0.653902376705684,1.32631528764513,0.2607563407081237,2.001019600688636,2.333295978602079,0.25073143097831263,0.0,0.7702220362090451,0.44721288259204073,-0.09062075835393202,0.6074377204452475,0.4509590505974437,0.7117316297198251,1.918524072134753,0.8569086053664243,1.4598193950175808,-0.0990589481695281,0.0,0.5685076491938723,1.2190477350521256,2.764168783530696,0.8676425563866275,0.29107319100845075,0.4323396271707747,0.8767713253310383,0.7371040744590829,0.32679767646168756,4.5584549662975204,0.33617662240308377,0.6035342718579528,0.18479592745697104,1.1904902506319814,0.45609457400135334,0.858921092342536
1998-05-01,-0.10956655631195744,-0.5420067469338985,0.49294901470551267,1.8282044837447664,0.0,0.3178734073781442,0.4988562476750058,0.7117467768862795,0.4466287013442205,0.3291292052383099,-0.20669092996499216,0.18203426170373405,1.878247251677223,0.5656014088199157,1.5392579542248708,0.7546547188980846,0.15500716952319138,0.11911590577708964,-0.03815337703665378,0.48146568600966333,0.4398440819585847,-0.11639186570997495,1.7467693040397858,0.7898242024239721,0.1305043430327224,1.3367808317993557,-0.04840606408107462,-0.26052989117637537,0.025519969514498086,0.42046312820316345,-0.27200552730159977,-0.4657078696447936,0.37038927165866653,0.22034753564419418,0.5128508590912073,1.1933315835013225,0.6527568170883846,1.1408677042946014,5.094847705672967,1.5544370627554205,0.4307257197580405,0.38947000998179604,0.4569607011908339,0.18501326005972984,0.818218723486952,-0.7729507082267162,0.3043929993722827,-0.559181326577507,0.15885626851375179,-0.508147605419218,-0.9049796243752795,3.168406624665465,0.3329107368727158,-0.2597404057685715,-1.0460346424900457,0.7934053022782717,0.7982221703162651,8.499595680317684,0.5571045049457268,0.58981404230809,0.26007817000568423,3.7949949616566947,1.1045528450538633,-0.09743197931317837,-0.14015419252890737,1.3548048037308469,0.14862761935336977,0.18115946983510156,0.5968509632784169,1.3408022094434813,0.6211492183050282,2.625561039040525,-0.42754410424263867,9.178910063116774,0.0990589481695281,-0.20040086867147977,0.39034096175174504,0.5262657112362845,0.4280038750910098,0.8601975570127873,0.17037106226682752,1.626052087177987,0.19379851026788408,0.6101300196174719,1.6181582851240606,3.4419831657647837,-0.3112358565923401,0.5647239926496184,0.18444050313579652,1.078970742137919,0.4540237925454438,0.7646170744258702
1998-06-01,-0.10967293686858781,-2.9997077617993195,-0.09565571184237953,1.7953803616596709,0.09722898189385987,0.23054765254988396,0.019741608264878252,-0.1774623358367755,0.17809443709948525,0.10946944992840102,0.11888441662284421,0.34096063562145673,1.109537926571047,0.15893093372136846,1.2224317015861352,0.8007487545758085,0.42300559292218765,0.11898693414931216,0.08582463693738163,-0.04803133442701224,0.5231421742560194,-0.5840001024719932,2.8591663844355075,0.2618945189627464,0.06479412763926717,0.8138396902969802,0.20314556849960752,1.1240931161367484,0.07652085566602906,-0.13995803544224472,0.3980872828674098,5.26255983569528,0.28375984962156764,0.2930382637409856,0.14766856775501047,1.76371414861074,0.45265789152169056,0.28798814319483945,4.5350372406220085,2.5381897663296904,0.4288784272217683,0.19419091384382803,0.45489623702499316,0.0923784260044691,1.7733762955473686,-1.268928690649318,-0.406063581490379,0.6520749700435147,-0.5970166986503322,-0.4254196113091524,1.3544264207794754,2.2269565451021656,-0.04888717068034509,-0.6523180339122803,-0.28000161884089714,1.1750229272274648,-0.259187407895034,6.432347779132863,1.4706147389694113,-1.0209653434543497,0.6902529562772486,1.6216571589246165,3.4765957843212014,-0.418644206192198,0.2801122279711521,1.585348180397883,0.468407318521491,0.2711253355376364,0.5245008573543153,1.4325313845811927,0.12833006007300085,0.0,0.0,4.796804358444051,-0.29747171167411324,-0.10035123772409449,1.2301075851731458,0.09067945436447289,2.123818334387062,0.0,-0.20914000314693482,0.33898337545115176,-0.6799443388923354,0.4854378464799858,1.35514230030922,2.404707952452312,1.4360236867835496,0.9457991512495934,0.12277161557667782,0.0,0.33917016412403633,0.6624583994110779
1998-07-01,0.0,-1.4454684952840857,0.24580096857924616,-1.8860011200134252,0.0,0.23001735270824497,-0.12000803845153563,-0.534284441049504,0.44385336960264254,0.0,-0.1345035673566919,0.4264050150029064,-1.7508371623645935,0.6030699881069523,0.4691839122977548,1.6843043405388336,-0.4800855471771115,0.3560755793766468,0.6271400258210491,-0.14427409099475597,0.626295768317009,-1.6138905694055516,0.7961491875140503,0.08714597501411347,0.36845586121474483,0.907721815111584,-0.25156189769734993,0.42900108695089756,-0.33201409633365486,-0.28050509276091873,-1.4419725488767465,-0.8761344627185252,-1.9650594077767813,-0.29304050274161497,0.3060012587779326,1.9619786869652156,0.4449274346418619,-0.19189221728930228,8.207924992677196,2.9631832907224265,-0.14275519911848278,-0.2914279670008124,-0.15139754141832995,0.0,1.1420785150936918,0.0,-0.6122842843741871,0.09280743125525959,0.6763503005899452,0.0,-0.3208215651452129,-1.0147155333655622,0.2051742241259369,-0.13097578820637779,-0.3721537566932387,0.9596331199211772,-0.45520074884830564,3.8402289482438956,0.09119927672696093,-0.8951639864988703,-0.2582868418255835,0.17857147602340362,2.8182145075303477,0.19558542138762292,0.0,1.886074768969337,0.8593932720292852,0.0902120043138055,0.6244230670541917,0.21857932199784713,0.20781245578049834,0.41560900276178536,-0.34334706736576237,5.6998628032705945,2.063955329654732,0.10035123772409449,0.8539582298154436,0.44572277532708426,-0.16807231064119854,0.0,-0.22121685783682565,0.4221196643623415,-0.6845992507990228,0.12099215027125965,0.9456335242035152,3.3019127091034495,-0.653556799455135,1.264524038371917,0.12262107168705683,1.356609952671839,2.342564940919223,0.38758134828839336
1998-08-01,0.0,-1.4666691097399376,-0.38262472041372675,0.6326275052877861,0.19417481829115957,0.028715003786761173,-0.5110336295935269,0.08924587830190234,0.6181035131433088,0.0,0.284392749363338,0.3383586384314796,-1.2038099259601864,-0.4660973233097998,0.039011424244383974,2.001871413068601,0.6585121962980445,-0.2372427863216231,0.3781795185139991,0.14427409099475597,0.23253366360012073,2.1784788500170293,1.2855246491265238,0.3478264376326923,0.2674160919386104,1.8896633891289039,0.14520503722588174,0.25652002095455373,0.06393453321802411,0.28050509276091873,-0.21029242366230605,1.2043879813790959,0.013473958249932139,0.658137658929725,0.13570057493450527,0.11422045787763402,0.0333699635626683,-0.36563365755135635,6.113378489808019,0.48542868097198877,0.14275519911848278,-0.48756171215140753,0.45350671805106657,0.09229316702334955,1.0355691842896864,0.7827828620248667,-0.10240949874216199,-0.7448824012987743,0.4746844356218638,0.33884643526382874,1.9726957332662387,-3.231800598242618,0.07805911940907961,0.06550933742293097,0.6282542305554362,0.9567401968599842,0.03723701402167379,3.4013177125220118,0.2730998511231597,-1.2751252499289656,0.08616975974815588,0.4450385627476017,-0.4286698059291272,0.013955760262707173,-0.2801122279711521,4.293187114486541,0.8708191253469888,0.0,0.28006439290262364,0.4357305368957398,0.01705893652381718,1.3730192811902686,-0.6902511185330695,-0.06788923667198077,1.926841886587649,-0.10035123772409449,0.17936376847678126,-1.2256565352129378,3.622694539431226,0.07509864721941817,-0.5142002598245377,-0.1686341040436634,0.5870858349784847,0.3621005766951235,-0.23557136924567956,3.8771861264396357,-0.4960942829775661,0.7801488408900603,0.12247089654247034,-4.126322113738912,1.0964865283931147,0.36562757433610227
1998-09-01,0.0,-0.21645030095758244,-0.04107951153944356,-1.4519311324453277,0.0,-0.057438255456254694,-0.2203792911610769,0.5338090967616616,0.08798944694397015,-0.21905886680064768,-0.07974946311657405,0.5206810124174233,-1.5100151675859763,-0.45618473463022724,0.29203009687170933,-0.3913410489832181,1.5677452582672835,-0.23781972720433586,0.0,0.38368884657646873,0.6524278640985592,1.9037206020084518,4.943743242587084,0.6920442844571273,0.07397333159957498,2.7212563524884104,0.2994484105595774,0.08536065392403813,-0.03835581457236614,0.4192878260036004,-2.685795184033113,0.15370738482509694,1.8733434753491096,0.21842018148410247,-0.1696545110879022,0.3418806748786807,-0.2911030146962368,0.5575258748406586,3.6897158724418233,1.6807235123316389,0.4270469123452969,0.09771206930904164,1.3483369890757935,0.0,0.11062418691851761,1.1628037995119023,0.8163643652344454,-1.2223941585715714,0.1577287393248028,0.425619843117353,-2.0369876683346,-0.7808530852059015,-0.087827894775927,0.6527438319963608,1.1503121422368423,1.6088715769216666,0.3808820620182729,-1.864370995764597,1.8910964285698828,13.410043173976671,0.1721170820774276,-1.1612457424091005,-2.1838089681847084,0.8199615115733749,0.8379937306751017,1.0065899934715183,0.11241745527907909,0.5395696543853745,-0.5540559335820205,0.3255564459764493,-0.11948801549266364,1.1299555253933224,0.5181421973243339,-0.4959823489368187,0.38095284166672627,-0.10045204260045182,0.30643711352627,-1.0494652269469995,2.3971582448032436,0.09004765408642257,0.40144569283704357,1.0075651988741718,3.0742094297729228,-0.24125464053836865,0.3923112132471651,6.501999471114472,0.6073771383567461,0.655405163480749,0.1223210887896009,0.2004008686716574,1.7297717662697387,0.5571194852561736
1998-10-01,0.10967293686858781,0.5761629190425666,0.013695045627937219,-0.7339482488046833,0.6766579708873621,0.986215382777722,0.01993608314703188,0.08869180182271563,0.5263170044275789,0.43763891443493463,-0.01996920544966585,0.794008449624517,-0.8648807591501217,0.7988559564928721,0.3493046131143096,0.3123635950182724,-0.3676180916231786,-0.11911590577708964,0.21680736210942797,0.04786119848665393,2.1684721660567785,-0.53476063265947,6.2698594215562675,0.1722653311445832,0.008847719018767464,-0.09592326874585666,0.019283417763471533,1.2717424472709737,-0.05116398167377412,0.0,1.3843959569051378,0.12679770793555534,0.0548764589463957,0.14534664656169483,0.011319259732545106,0.5672164952466918,0.06401443922174899,0.8970552644415708,-0.2619714361838721,3.0483144052712685,0.0,0.4870866959993503,3.077174737413557,0.18433118559428863,-0.3151755239017895,0.48053912749370653,0.708814370710531,-0.7597377473941069,0.15748034750684425,0.3362856629370192,0.25690052942435315,1.7539245873608333,0.07806674222576859,0.5191445793249372,1.6731497516846883,1.4228116639768196,0.33324107483929666,-0.6386531960018704,0.5338090967614839,4.136727843124444,0.08594757727165003,-3.1951599806602893,0.00311395519023705,0.22120844081880975,0.0,1.6807118316381597,0.490345858379726,0.17921151749806796,-0.3366659540493977,0.32450001433277365,0.3566398742212762,0.8503072042246096,0.0,0.5087152758094682,-1.1472401162236245,-0.2012073113421664,0.3052281044648275,0.06591523539682953,3.3954839485277333,0.29958065250488275,0.21371885931200651,0.9147672936788531,-0.18939399600710338,-0.12084593615675487,1.3224619028304296,5.875754439136549,0.7877933406709836,0.6932729829937312,0.2442086694188994,-0.3007521063956631,0.427825275854099,0.5197364090473405
1998-11-01,0.10956655631195744,0.25103115208779947,-0.013695045627937219,-0.36900410874531886,0.0,0.02844141088580443,-0.12032857669601604,0.26560440581171463,0.5235614053943127,0.0,-0.16235392154797523,0.096652573090239,0.12074499220666723,0.4749991727944547,0.17421952336076352,1.309584328485025,-0.44936682903422565,0.0,0.25391465186759277,0.1912023213395564,1.8104644224561817,1.2181345905160512,2.04163124949428,-0.3448279278915667,-0.09006468937622358,-4.716001565673844,-0.251040689370452,-0.08428150519970146,-0.06399181123217801,0.1393728448602971,-0.4131764104479352,0.18656721829515277,-0.07926755563101295,-0.0726458072998426,2.6140898693770342,1.2366655637211732,0.28770742157395723,0.2656506286745408,0.08066730598526028,1.1481102249118358,-0.28449521322313487,0.19419091384382803,1.2903288725633288,0.09203833173163645,0.09380463741597289,-0.963398588113229,-0.10095211185818798,-0.5736153395524468,-0.0787091736818013,-0.3362856629370192,0.7667847199194888,1.5764862840104588,0.05851008806345703,-0.58422756242269,-0.08601951080819958,1.7554528205829367,0.018480872349702082,1.3761287158475355,0.35429620763443026,7.449658979606388,0.6849341845575729,-0.09280743125543722,1.6001329887767923,0.0,0.13898542890542487,1.4291330110756562,0.474044667056317,0.0,0.03440564286485426,1.5005640617870242,0.4909625966313058,0.04455335337678612,-0.3451399658056964,12.13508588577219,0.0,0.2012073113421664,0.4489591010608418,2.189868530763839,3.0680563916299253,0.3732135769473288,-0.2526204121159559,0.24803650583309356,-0.09483168088606497,-0.36341651142199893,-0.3095977705126707,4.203208367986622,1.0246491209171538,0.3196503394668593,0.0,0.6006024060211779,0.0,0.542514674411813
1998-12-01,0.08208588896136959,1.316510741930399,-0.08220968355470148,-2.8118066108771878,0.09629273733935406,-0.15652795796423646,0.32969864065957033,-0.35429620763443026,0.34752424203015053,-0.328049497562688,-0.021321952346831097,0.5076527612882131,0.12098168569574241,2.038143649433888,0.9048020249308397,0.748270823138153,-0.402933899977409,0.11911590577708964,0.7672193322140863,-0.14337777009334474,1.321737475551732,1.4088708663302363,0.7549919019283813,0.08631852068132773,0.27634960857545465,-2.032590301403703,-0.058020050046891924,-0.16877641137202914,0.10236725142167558,0.27816429618772176,0.4752286422994967,-0.30668735285837023,0.4888161549852832,0.21778593000121305,0.483996104856077,0.6681539333482256,-0.19332575738237878,0.2649467954339624,1.4014201678127503,-2.0762014554694286,-0.14255169912216203,-0.19419091384382803,0.0,0.09195369907510909,1.0429568402163358,-0.38797332855908806,-0.40483067734085054,0.19157093981387874,0.15735644474288435,-0.16937191154964282,0.6345160102700476,1.2315532655058803,-0.08777087868541145,0.4546938655542121,1.8001892137224917,2.410663992369022,0.43332018201089895,3.121586026884282,0.2649008171577094,5.671649878794005,0.17050302510828175,-0.2789402087576498,0.872621860661793,-0.27658709376394697,0.13879252748481008,-2.342381367403057,0.23618229424315906,-0.0895656127945621,0.6172859107079987,-0.21299262578242661,0.3522359701624289,-0.2676183577600355,-0.5199227264679251,-4.267240366929581,-0.5785937067043001,-0.2012073113421664,0.16023495865802317,-0.05803643561259619,1.8263765538156118,0.6683159967071362,-0.15966576582693293,0.16501653909579694,-0.18993358036527574,-0.2430134853292465,-0.38835000263972574,3.232960882114999,-1.6519188733741252,0.09233998557491851,-0.06099266433903239,-0.1998002662672249,0.0,0.21030383510065587
1999-01-01,-0.08208588896136959,-0.21231430480743718,0.3421091578536206,-0.4764182427118513,-0.2891568279800083,0.14230826366361526,0.6977548934326894,0.2658397666611023,0.7775417142799057,0.21881919528015104,0.204739766978701,-0.33335486799561664,1.383273461372525,-2.067434741413443,2.1987220724004164,1.7805343512947491,-0.42835530157425694,-0.11911590577708964,-0.16791048721156443,-0.09568574973286559,-0.5286004429237323,1.4812342658388822,3.1379271202267134,0.4304784951628893,0.3667435941506092,3.0335996609137883,-0.2130330515488943,0.5894753911350747,-0.2817624814913877,-0.27816429618772176,5.9334998047663845,0.24675726949303645,-1.0147789445117184,-0.43604720253309637,0.10967318493455558,1.760221464812739,0.05234437195444919,2.4826235156708343,2.919208608458712,-2.1202231747136757,-0.8596041469798088,0.5813987430043799,-0.42825787498355083,0.09186922192121472,0.3704643455648249,0.19417481829115957,-0.50841403798918,1.425202270720316,2.790878811707742,-0.08480139086222138,-1.8513136466308922,2.6855185914293145,-1.682380795158256,-0.19461569554852787,0.8824255576803441,2.493911462044185,-0.07362415204656969,1.66470174390132,1.0526412986988198,10.149440035294433,0.8481815055910502,-2.4506410187824734,1.9047048610927764,0.05537865294513722,0.41522551007675546,-2.32028970796625,-0.18055978423410224,0.0895656127945621,0.013674278703135201,1.9007964045174575,-0.3296602058301623,0.31215186996340627,-0.12009891447242182,-9.223558954444,-0.2905571051415201,0.2012073113421664,1.2116960164368695,0.180447300364861,8.684827484427382,1.001466213350799,0.03896370277001182,0.32921840434769756,2.069688177115614,0.2430134853292465,0.1555210266806828,4.691031653947442,-0.6809063757167166,0.6523398561975036,0.2437477682046385,-0.3004509020299473,0.7442777220814101,0.551659389982225
1999-02-01,0.19144277404885557,-3.8556149072930257,0.21834218627860835,0.19083975257601082,0.09647854101002551,0.38322380304585124,1.0446319539302529,-0.8888947417246662,0.9421911241618286,0.10923030228253694,0.3374130784248308,0.07194704845456812,0.20643569353104851,0.19962858870776756,1.6732025480889146,0.7256810155323645,-1.374488656650641,0.11911590577708964,0.056001494836621646,0.763002882838304,-0.2703651574315291,-2.3241726652790895,2.6375908186215824,0.17167386190570788,0.05913392831944364,0.09955202415028452,0.24204070773432562,0.41893651552760147,0.307337929201168,0.1391788672822969,-1.5596085266114112,0.0332989247523674,-0.4839038965258169,-0.6576567364563246,-0.49447933290633905,0.8686265255959391,0.9417572965476406,1.318704976503371,1.2663312087014322,-1.1976108015288034,0.5738896669018168,-0.09667308583858336,-0.7178776706351364,0.1834994072292595,-1.1070379673881359,-0.5836592444451227,-0.408572410014596,2.974196919873817,0.03821899530578321,0.42327424075905284,0.3858525687529202,-0.3714916095353793,1.8286133757944079,-0.8477390189042922,0.9218316966043361,1.334942520402116,0.40426368912171995,-1.2346559801530876,0.2614380574070818,2.92915535650633,0.16877641137194033,-0.28667004820759345,0.443116812550981,0.49703263996141445,0.1380262468957838,-0.7067167223092863,0.3746448728852325,0.08948546458444895,0.31399343203784014,0.0,0.03246499656865964,0.355555930133411,-0.19978952976229536,1.014287971503114,-0.19417481829098193,0.2008032803245463,1.916590785397343,-0.23851743781619916,8.867608274992334,0.3803000577929261,-0.007801293370501838,0.8183351723384469,0.278940208757783,0.12128564252105178,0.15527953430609642,3.1238465686401096,1.0626567315786595,0.17490530423991402,0.12165144688678353,0.9980122756725329,0.0,0.32562172061417355
1999-03-01,0.0,0.8707598245217163,0.08175041474860478,-0.09537435153097462,0.1926782869699828,-0.42589502195653495,1.093840981278671,-0.6269613013595965,0.9333966790477266,0.4357319787031244,0.10448446670636713,0.6336805444922433,-0.19806915056461705,-0.5783336749395573,0.9358841839173238,-0.37414468099918885,1.573572935027645,0.0,0.27023265757701864,0.47393556975494633,0.5200531772904249,0.8056249661714254,12.653435370928712,0.2569594561630417,0.43998912053133665,3.0379602326249255,0.2414694067181422,-0.6711434587986176,0.33188695258612455,0.554786443771782,-0.22859250131133102,0.053255226927806376,2.1907889416472592,0.0,-0.4637305428515148,0.32379952737762174,0.03949743376687742,1.1757349276770412,-0.1908304265728411,-0.24126460832096797,0.28571448007799205,0.4824104797132911,-0.2886084081654694,0.1831495537898853,0.48319510788585873,0.5836592444451227,0.10229468551736787,1.5447831045515503,-0.49798992016860666,0.16718472458983058,0.5760015925328155,-1.6826255668346946,0.11683512586051492,0.06546645078344682,0.7910655777944697,0.924775193673133,0.3660996217856649,-0.05741159710925814,0.17391308731249389,2.437964531028314,-0.16877641137194033,0.19120464716255725,0.7479377985415425,0.8639066414153795,0.6872879287762146,1.175101653551902,0.3456463565206125,0.17873105740955353,0.6114980326620945,-0.31430093971964723,0.42649452605791893,0.17730501098838225,-0.1000524524245705,2.192409020204611,-0.2919710103335582,-0.30135633052656985,0.22181469974218437,-0.2132128089254337,8.464264315408032,0.32064061672603117,0.3772438143263557,0.0814663996177245,0.27816429618763294,-0.24271856576119077,0.4643971194449481,3.9741189261415677,-1.9234941852387166,0.21612643491826233,0.3034970934021608,0.6927291432566207,0.0,0.5749981306038081
1999-04-01,0.0,2.9463384744059073,0.3806481395243644,1.7967386420767006,-0.09629273733935406,-0.15661710327465883,0.5583816011397236,-0.2699056969164282,1.0919890114021502,0.5420085316578671,0.16668509938320142,0.37517675986515897,0.12553878767480597,0.6315537081275302,0.782317055425219,0.12354290701548365,0.2780538037727709,0.47506251352595896,-0.4570263982635936,0.2832760783696209,0.2590158849969715,-1.0881908507042404,5.392610788544028,0.2563008664886901,0.3691211409275752,1.9121041446782172,0.7304910948291443,-0.08421053129232803,0.27996964075107655,0.4140792666031068,1.433196071643783,0.006654909662229258,1.0348785209963296,0.21969983205414323,0.2210922855068631,0.3227544490865153,0.2674249929063066,1.1442944397070498,-0.6708505051850722,0.24126460832096797,0.5689915777678856,0.5758190087016501,0.2886084081654694,0.2740832048292674,-0.2201152260214112,1.1571970983811575,0.5099895988568193,0.6292155590891024,-0.26917916657120955,0.25267882432951083,0.0,1.8998444166044237,0.4756592235207968,0.2614380574070374,0.5756268589169,0.9135317201965698,-0.49455179102135816,0.7219475727093805,0.43346405104425223,-0.8119124438502379,0.08442381252802278,0.2861232281032855,0.596105070162789,0.21822158141606707,0.27359798188753004,0.6984894521949503,0.26648304306493564,0.08924587830190234,0.5875814696758574,-0.10498688628368669,0.6342958440329838,0.35366968783452357,-0.10015265762310932,0.8783809071943871,-0.19512201312608113,0.20100509280247536,0.020636860941802837,-0.5642953193516931,9.399178805106034,0.3776310277027406,0.22100243216351956,0.4874095758245822,0.219283557693295,-0.243309122464197,-0.6974069336073807,4.752435797722265,0.711657913313779,0.859864743979033,0.7246368590104524,0.5899722127186813,0.2116372714581427,0.5694418017090954
1999-05-01,0.1910769708836746,2.067439400659543,0.1762391464309232,0.9328425854634226,0.09629273733935406,0.08545791717917695,0.29983413204739406,0.628650476282111,0.3336116522008492,0.21598351384186643,-0.2245949585086393,0.11811024665808745,0.34595506686363464,1.4955289582945674,0.48810495787248165,0.8092071129959244,0.2772828078827061,0.0,-0.08417115297048028,0.1884104018488486,-0.0497586714751197,0.9574840820257613,0.8711590853903939,0.3407158321614201,-0.0031599439105356453,1.036278703554272,0.2486875587718096,0.2524191495907324,0.0127072876464851,0.2751033371890088,-2.6953616851538964,-0.013310262231991388,-0.05204465331543062,0.14619885644995279,0.7590378007729104,0.7490671729156961,0.2017133237985469,0.6556273434279447,-0.28886432253369954,0.9592217973485084,0.4246290881450676,0.3820302665323627,0.5747165074262206,0.18231480676069722,0.9027692613420957,-0.963398588113229,0.0,1.4235115821869204,-0.6180011944135089,-0.1683918366958359,1.8337535653733639,2.0894310374959257,0.2804528049497712,0.5208345107138079,-0.3438662313485441,0.5997733952238349,0.6588603629027467,0.8605695057640084,0.1728608900615658,0.25388501271388364,0.3369843121550531,0.7590169266675773,0.9093091332163183,0.02724424482183352,-0.13670542115331585,1.4587590732176636,-0.07344166308258515,0.0,0.4702729526905536,0.10498688628368669,0.11856703632107113,-0.4422828970003234,0.49974769164595756,3.487199594382906,-0.29339874347886763,0.2006018726865122,0.8439576351274791,-0.6591207338630944,18.714718581178325,0.6070309841027743,0.18960682221802472,1.4481347194710725,0.7977250280644999,-0.48840145924238243,0.4654779544981391,2.898425590043585,0.2733260491528,0.15629501803813284,0.0,0.4889985294192378,-0.10576264782118372,0.6036065009062728
1999-06-01,-0.1910769708836746,0.2157851618985518,-0.189807824466115,1.199829806680075,0.0,0.3694760491361748,0.18950683395089207,1.1571112637185799,0.33250238447748437,0.21551803024655314,0.11722396795779133,0.13927470662036256,0.5979017353492821,-0.0758249012979384,0.2701728801631553,1.3810640098861349,0.13835361432157356,0.11841066091866637,-0.318620829948113,0.2819584203080261,-0.5489857576969737,-0.63730300050997,1.7748663358689853,0.33955890011405643,0.021389559952389448,3.7705616005478504,-0.05733256847655355,-0.4210532536343514,-0.0127072876464851,-0.13745706631667076,0.4997387160221578,0.07318452806615028,0.0035142952534705785,0.21889829973815722,0.6227146358474211,1.1658849603703558,0.2959211395187733,0.49331959883236465,-0.3284038648617482,0.23838900418029496,0.28208763416417426,0.8543029952995607,0.28611766818746887,0.0,1.0471299867294004,0.1934236579830717,-0.305693573778143,-0.08837826470093901,0.8487705275951107,-0.589944562120337,1.9237329209283338,-0.7835776795256155,-0.048296882445519884,0.19461569554852787,0.3663473794707439,0.6548970350688688,-0.03648969206713204,0.48484432429343194,1.3722342255101605,-1.2670649057547223,-0.08413967681928369,0.8470638883509629,0.667951071622852,-0.38209653474536864,0.13670542115331585,0.8349194610921984,-0.16084192709477918,0.17825316662838375,0.18080160280629087,0.6276171229234961,0.15323212916085183,0.04431641995861213,-0.199605709753925,9.460801366431193,0.0,-0.1002506349624177,0.27957267364047134,-0.07860090795714925,8.189253583072231,0.0,0.1467897323405687,0.1596169532822156,0.4530019071748992,-0.12247398958962208,0.30911925696734954,3.201018783704246,0.08681094362996689,0.0657354173215996,0.0,-0.5870858349784847,0.5276982018695087,0.47854615551454693
1999-07-01,0.0,2.4776170548473697,0.14916796692405754,-0.6442728222197935,0.19230775157410562,0.19838464774828424,1.083839368957884,1.1438752088423598,0.16583751727763385,0.21505454874013452,0.02532089620750355,0.06955633918135362,0.22695587809300477,0.03191748547575202,0.30527801168358515,0.24906613124513477,0.2859821484631375,0.4722581216840105,-0.13149245813099952,-0.1878794124350769,-0.2505387891670985,-1.9749977309518663,3.0055057657846884,0.08470987376516526,0.43241443236849975,1.3447087431214921,-0.17220821483379112,-0.42283361095201144,-0.26722672897845356,-0.4135085147802364,-1.2607999915087653,1.2491487894028097,-1.9652855023675642,0.14566644964650877,1.2554277441363837,0.8394592843027571,0.4581330784766635,0.7005142861682412,-1.069955140899559,0.9478849604201312,-0.28208763416417426,0.2831534741660313,0.2853013700049978,0.27285049565790587,1.0362787035548493,-0.9708814126961229,-0.40900020933820613,0.3530453799385658,0.11518526902269954,-0.3412514800512412,-0.6783868137996585,-2.8406254159732747,-1.254226897536892,0.0,0.8480652845294756,0.6587262915377146,-0.10041536285818609,2.4916727625399204,0.3401363823490655,-2.3292282963363053,0.08413967681928369,0.5607491328943226,-1.2294642645370057,-0.10943913540986117,-0.27359798188753004,1.4259153416671388,0.678372679867234,0.08900757151923955,0.2605821138441655,0.10422095784443641,-0.022283642604659093,2.537318970279978,0.0,1.3959456882949084,1.8438173970753091,0.20040086867147977,1.4072894099601108,0.5749770822532696,2.3905520853552797,1.6151266612839166,-0.43714175817921586,0.23894873973806519,0.0,0.24479816386397957,0.1542020351817719,3.747651856969325,-0.6342121612328278,0.38532533841348915,0.30038316248885977,-1.582624526078824,0.1052063029114425,0.24757662884755696
1999-08-01,0.0819289560817893,-0.263291186496728,-0.1220324516941318,-0.3700281742855971,0.09601536983430137,0.5224155898297944,0.5583290423210929,0.7843177461025697,2.0500922995932758,0.21459305643354298,0.4936884801496788,0.19705815840742602,1.1327721369299937,-0.8556946572194413,0.50080096283871,0.5929215765994922,-0.9399030360754956,-0.11785244645201587,0.29092977209286275,0.5158180338821872,0.2805613062798695,0.8022965671001359,0.53205765312212,0.338123737186935,0.4250675987319319,0.08900757151919514,0.06701088927041354,-0.85106896679088,0.16551025485576076,0.2758622439078984,0.5088194110964839,0.0394011037407882,-0.09047088105713641,0.14545457109944593,0.9100218039519437,0.7287903157590758,0.3685960187064463,0.36582696063667264,-0.9234754941399359,0.4705801565240364,0.5633817718256218,0.37630259127587884,0.42644493233732206,0.09079861444760695,1.53455696746585,1.2603172153325737,0.3069043678721073,0.5272419946570128,1.3341154612339423,1.017040046295481,-0.06190034242852249,-0.16114672076361636,1.6206967239801529,0.38809880537078456,-0.1528917630653659,0.5612799889185727,0.5828265291519585,0.9233638241682662,0.4235499766855,-6.380764837655395,-0.08413967681928369,-0.18656721829497513,-3.5729222508968483,0.5460019024384977,-0.41180566089176196,1.4793169177832688,0.4648627457966015,0.17777782459997837,0.17334493306551124,0.3120127336242895,-0.15604061901539623,0.6458580039411022,-0.19998932426892324,-0.8167960915642869,1.0521378741533916,0.0,0.6209764378573901,-0.019547157579680174,6.29378312680049,0.8892784194183712,0.0,0.07952286701371492,-0.794105137281198,0.48780584534311444,-0.07707129475926777,4.119977239041583,1.4736196328492213,0.3675423747925066,0.23967274438341235,0.2986562697749662,-0.42149094834735834,0.30959055725756784
1999-09-01,0.0,2.4123736939976936,0.21683310718838555,-0.8376037802182879,0.0,0.5897236972878694,0.3097209279014024,1.0362787035546717,0.6472514505616367,0.32102860652942766,0.18870979645342345,0.22637707221440095,0.09512848994308598,-0.08279077621891062,0.33840802520028745,0.654704641596604,2.056248354456436,-0.2361223891047537,-0.07499765983842721,0.46663749381732345,0.39944131400497795,1.6604155052034386,1.7359720534224188,0.2528446353358138,0.19224489586404658,-1.073355564310896,0.33433064150631964,-0.08550663197350872,0.16523677099256062,0.2751033371890088,-0.08895503269759075,0.045948341744850296,1.915917873946249,0.21778593000121305,0.54206435541575,0.723517368077875,0.5074524278139592,0.5375851605677884,-0.6932759285480206,0.7017580577695082,0.28050509276091873,0.9345740920026824,0.2832808206336246,0.18132304536768729,0.0,0.2886004889135485,0.30596534612588044,0.34995661262673394,-0.3413619851923677,0.2522651657599795,0.985836696425757,-0.11890607821913868,0.24998123089163826,0.5151331417130756,0.7898616738379882,0.9616214811236201,0.4439418389679872,-0.4812904794653683,0.1689189590845075,8.798504380697736,0.0,-0.093414299179706,-0.7313811944633208,0.4617691214905406,0.9582551080996815,0.6586192852856776,0.38121217030129273,0.0,0.45857921057734785,0.5178675478451744,-0.02232341963699369,-0.04292766754052657,-0.10015265762310932,-2.4962510756929124,0.09510224207023299,0.0,0.6198457848716643,0.26031512812689783,3.451750488271088,0.7420392251644259,0.7069906616845145,2.045704698952111,0.45454623716740805,0.0,0.6915125519932896,5.813712151944905,0.049158167390395135,0.024454860525491284,0.4776149348633574,1.283968256303858,0.42149094834735834,0.5333099445916996
1999-10-01,0.40866829307022456,1.8893334983999033,0.1352874388294012,1.115253195047483,1.0501289820663118,0.7114489100597865,1.1832364837604192,0.3430535096789811,0.48270407483168576,0.10678092243292525,-0.0009733793720378969,0.35406948667180416,-1.3294894492990927,-0.6606085120894001,0.3372666865810725,1.459490515709616,0.8243270263552205,-0.11828328612724093,0.009377784036512793,0.18605768740629358,3.447941936006682,-0.675931976438271,4.089917537485288,0.08413967681915047,-0.03763826559124439,-1.5405832559926669,0.20958296737134674,0.0,0.06347997420057538,0.0,2.644468959771862,-0.0525141143747021,0.2766285897596532,0.07249003579481439,0.7392577758218444,0.9226103373293437,0.8996568006941263,0.5863094063486507,0.05962869153051109,1.8476204760223158,0.13995803544224472,0.7414476593585295,0.7047241235319746,0.36166272014224177,1.0101095986502884,0.09601536983421255,0.2034946512364577,0.26166608911672995,-0.15209128407063233,0.7529539484314896,2.3031321040821062,1.3882958169341375,0.2876558618856606,0.06420545966943081,1.9698860305496613,0.6313616706810965,0.1806358872671332,1.0224513408662261,0.0,1.1610650266151712,0.0,-1.5066198354643845,-0.7429068546382478,0.08126778179908811,0.40788635748212343,0.36403389309729306,0.9153072446511423,0.0,-0.11942676578700073,0.41237171838632847,0.2744014676276052,0.5139197606570889,0.20020511004767982,0.25045289891121314,-0.28557849013584047,-0.10015023370906206,-0.8030178250533648,0.563856447079214,2.469261259036948,0.473144527979219,0.11542354568847557,-1.4908083088285284,2.463730438538514,0.1215805620891075,0.610688920817859,6.134370020463509,0.624657552007335,0.3254946319111163,0.17851383864364578,0.6845992507990672,0.21010395183211905,0.5340614109534348
1999-11-01,0.08152816262469997,2.2972347483804167,0.21605814720038197,-1.2087548381381374,0.0,0.06947822137322035,0.9455314761422695,-0.3430535096789811,0.08022463326380347,-0.10678092243292525,-0.09544799520746494,0.16742755575647195,-1.1230944814049515,-0.09327163483652257,0.4773401846755121,0.9300641268773724,0.27006189253278023,0.23641417289175237,0.056248243725498526,0.18569881888943485,1.4244301834026363,0.7133501246765483,6.1850372742251025,0.33585254071342163,0.1606563001350203,-3.43740298323576,-0.0095146216181341,1.0212854725295095,0.038068650926081915,0.13726838119723084,2.2201517412984817,0.0525141143747021,0.2552915802342959,0.6500564603094006,0.3361347702704798,1.0152371464018373,-0.06036089921632737,0.36042728697309734,0.09927044669306717,0.22858097944711275,0.13976242666382532,0.0,-0.14054544073225372,0.1803285008734612,1.0000083334585241,0.19175461292730844,-0.6116601809749156,0.5212870188536112,-1.2636584004511953,-0.16844316592399267,0.23937773249889105,0.7764273434638369,0.08614121802139607,-0.3858525687529202,0.8808556675038215,0.8853703119093392,0.8893738720073152,3.6162059430926874,0.33698431215487545,7.616719100249547,0.25220694327110493,-0.18993358036523134,0.09201607863289496,0.12177797323911221,0.40622940088788084,-0.07270083926158577,0.08524193521819434,0.17746233583686433,0.2718203682467113,0.2055499182095133,0.5811048142885689,0.341151716800292,-0.20020511004767982,5.244566197651235,0.0,0.10015023370906206,0.35609308843564946,-0.446935355487188,0.34782643763247023,0.4709164086233564,-0.27339126777690126,0.23687338355498078,2.0799874110676075,0.12143292324013899,0.5313105477771529,4.115993549739461,-0.29347049675942927,0.0,0.05944795007106762,-3.672869410800317,0.20964067238851136,0.44856014084878126
1999-12-01,0.6768695330920949,6.819410964100525,0.3097816000487974,-0.9398565423639482,0.09492169673324113,0.5955283856283522,0.5979063801782925,-0.34423441909732233,0.24028846163086648,0.10678092243292525,0.3370310839327928,0.26394342746094424,0.0811033672093231,1.6212958656098841,0.5276881872770645,1.2995658683968347,0.3941365352147841,0.35357027734983504,0.5141399500418586,0.09272691629726992,0.29382514859723763,1.4853596520012502,5.4265344057519815,0.2511512412660899,0.449990655622301,-1.4279157417472987,0.3894622209777765,0.42247633603080814,0.44306674164849014,0.27397277411207455,1.3439036786128344,0.0,0.6368908463967315,0.28756310254625106,0.26182137803161254,1.0050335853502013,0.279658960458562,0.8019784580314049,1.7313016279445481,-1.611093143474518,1.2491487894028985,0.2766040609305076,0.0,0.0900627434792689,0.49627893421284597,1.3320843975660246,-0.30721866757934535,0.0,0.1540239041502467,-0.16711024191744528,0.29841860403285736,1.0259470289244899,0.38192998621511265,0.32164710908348937,2.1604496600021506,0.996789928226427,0.40166073547771575,-1.734443745154035,0.5870037819795115,2.409948103618076,1.00251466193777,0.18993358036523134,1.1400824599825832,-0.3386389961517189,0.13504390978713587,-1.8349138668198428,-0.10768610543929746,0.4422828970001902,0.436018395729576,0.102616735531047,0.24860301188942557,0.46719133607417973,0.30014198189203256,-3.722464125321201,-0.9578617297067993,0.10005003335828988,0.03282330118681287,-0.38375278809645863,-1.7513582492702628,0.825654397975395,0.22724506811107048,0.5505322595356521,1.7186244705411635,0.36341651142199893,0.603775419091912,5.777162857575213,-0.6018565118345087,0.8574716831972751,0.0,-1.2207679579927522,0.31363925718319585,0.45358603737052594
2000-01-01,-0.2972539486343351,6.911023341661515,0.1880992403296311,-0.7582974724455127,0.18957351648998255,0.5233450865144817,0.6181386942919254,-0.3454234868086381,0.8761505668574365,-0.21367598841433022,0.12342871106794107,0.17511535836503,0.37208345292913947,-0.7710556909024113,1.2898963161623644,1.7638564405495494,0.22042272569215982,0.23501252447495347,-0.3268739777126939,-0.1391226379446664,0.3118358302992785,2.4935316856415923,13.392133218883151,0.1670844164817442,0.3283987374211428,0.9542057133206328,0.018954380987956654,-0.5919679020299995,0.0,-0.6863444924983142,8.794250462233544,0.006562325690762094,-1.1256177582152915,-0.28756310254625106,0.4472415669013685,0.495153418303218,0.397026452557947,1.4510130277143762,1.2983530181092107,0.0,-0.2762432695909922,0.8253167168003728,-0.5641786827997208,0.17985550729493482,0.0,-1.4279157417473876,-0.10260959866537078,0.7768705450618363,1.5273301861832067,0.44288693550988967,-1.2593869600588725,-0.8929738117412267,-0.8614169420325446,0.19249284095836927,1.7797081062261633,1.3338142284480714,-0.017817371984829578,-2.578930319179751,0.33389012655149486,11.587384058936845,0.025333482409539698,-0.28503582243564196,-0.8370287345082161,-0.20373521478447287,0.5383593083472249,-1.3423020332139046,0.2018164156236235,0.08822232596905621,0.06589786070438919,0.689623441692877,-0.19607746039120855,1.2631746905900965,0.09985265791794262,-1.6625608243662438,-0.19267828697016043,0.399202126953746,0.4684426999007396,0.6560382075374349,1.924818830491093,0.791699483922681,-0.8189304328375613,-4.278470368810483,-1.0706740394425207,0.2415460111603096,0.45045121211035877,4.74205101962335,-0.3208294953336299,0.3778595161901599,0.2966405877979028,4.99105578857737,1.1416895990650655,0.6345299217520989
2000-02-01,0.6743000079764805,-3.761643320133512,0.3751403569962619,-0.28585059959640446,0.09465216040309699,0.4112411553093942,0.13004870170050253,-0.6073771383567461,0.7111843487716207,0.6396631011486242,0.3750969324356923,0.5555227109890204,-0.012618751623261204,-1.034914361416206,2.277309711359754,1.4399122854380497,-1.165099116701107,0.11729947038787714,0.09350164309056552,0.6085274344859393,0.04716313816626183,-2.1439774708231774,9.548737480789127,0.25010434045888985,0.14129274705911854,1.0392157767612709,0.7419995853248373,0.507615303186082,0.12623076657218846,0.2751033371890088,2.1279197041669917,0.006561895077616953,-0.21221235575854536,-0.2883924132905058,0.7815389126404781,1.4992574507028067,0.6346081315564245,1.185211156970034,0.07697237460018158,-0.23226972544203583,0.8264509849893464,-0.27434943696378333,-0.2832808206336246,0.35874347382298666,0.4938281640582076,0.19157093981396756,-0.30849238390162625,1.0265274059594987,-0.8371433973176856,0.3053374047371271,0.18088639240261273,1.2216916982389137,1.2988489256098745,-0.3853569315990235,0.9188426054405063,0.8831142783440882,-0.16942355472702175,-1.805386555642574,0.4987541511037641,3.230335635571624,0.10025063496250652,-0.28585059959640446,1.2121728787091612,0.6099646156723537,0.4018759594917931,-0.376081676812845,-0.017922752982579837,-0.17652255245685922,0.47974330503119944,0.26525214491313065,-0.22830672859814882,1.4125702263647621,-0.7010401864523175,-0.010786294527243001,-0.2792012324674076,0.49677201019342476,0.7000637294428014,0.49727248972342153,1.5477523068911925,0.9736853887343244,0.47208696072695844,0.847739018904381,0.0,0.4813487031547936,-0.8273834337399144,3.6366417359902314,1.472238590094932,0.336457899714393,0.5906682453760581,-1.6691600093252212,-0.31007330786789744,0.40409125183675665
2000-03-01,0.29527273540548293,1.9838810207447377,0.3870459084918565,-0.19102202561187553,0.09456265480070059,0.6137080291713559,0.21969579353928737,-0.7863736460214987,0.94044580279804,0.7411386505492779,-0.034123650135686745,0.725322203432377,1.4236039308787696,1.5672666973933325,1.6953790595044538,0.674894096961598,1.890016446151943,0.0,0.15875242629999065,0.7052954456366223,-0.04716313816626183,0.05508124622863875,7.309500610276176,0.24948037887848606,0.3956629426697944,2.6890818274949435,0.5956784260185088,0.08435259884391755,0.4656732346931314,0.2743485945750912,2.6196807137593314,0.0,2.41815166378343,0.2163722445311933,1.0737249552479344,0.9412485575042595,0.7779377151071909,0.8797602359785994,-0.46278734022635604,0.9259149632833807,0.6835296605857799,0.7299470193528723,-0.42644493233732206,0.2682155489567073,0.49140148024311436,0.8575564702395511,0.2057571996513019,0.0,0.07639419775662404,0.5015648984596055,1.0188880472619566,0.7682600820672736,0.25586310291192405,0.7053572046661571,1.5128881596301103,0.5528679450785834,0.2050551246745691,-0.6024712850696279,0.33112613036578864,1.1327146577380987,-0.10025063496250652,0.0,1.0692719165894982,0.8879380282267313,0.1336005542742491,0.22581868835933605,0.8744590388748197,0.7042282625413065,0.5426800725547132,0.0,0.1508910199029323,2.0417205763228363,-0.40283002300780524,0.23316170518410395,0.5085784447956598,-0.2977669693924767,-0.7869309859514839,0.08371165046625606,2.360986563913192,0.8829357555352857,0.4775498156522673,18.137413843791485,-0.2155173247984088,0.0,-0.22684319746257842,2.8781336134638735,-1.732123644479433,0.6139146249819039,0.8211121668077581,-2.303557040182369,1.029860460158094,0.7959019747787304
2000-04-01,-0.08044863391027945,1.4146380322834773,0.18632188306604291,0.0,0.09447331831609063,0.9607001701485984,0.41932672696400886,-0.2635047638004373,1.240325978342005,-0.3169584933403691,0.08737965726481889,0.47974189077679696,0.7045192811703238,0.006425894661177267,0.993722247579143,-0.3493764694668222,0.40783477594041884,0.0,0.2888425022383956,0.10034788280677276,0.06602216698201602,-1.8152007939296055,9.722474303124962,0.16597514183622764,0.41489525094622337,2.3509220135386144,0.2413044846646173,0.6722714394877372,0.0,0.4101167744214429,4.317502999610845,0.08526547592948575,0.48183396005514467,0.0720201687593125,0.9504900624277113,1.2287202201546776,1.8238398398100486,0.8721074556962805,0.5589272564339165,0.917447905633173,0.6788892333686292,0.6343347873112748,0.5681856526497775,0.08924555511358179,0.9756174945363405,0.18957351648998255,0.20534478291569513,1.8550278979714285,1.741149209223103,-0.40264485322873966,0.11918952543306105,1.133385943367271,0.3778530851075601,0.9539023046757578,-0.9049835519916893,0.5673452577847016,-0.44630976521302657,1.692221451036735,-0.08267879759946695,-2.4925323283126133,0.0,0.28585059959640446,1.9760448923836105,0.16059960625298686,0.26666682469151937,0.5249355886143725,0.562558237613775,-0.0877577941358787,0.5073181612456956,0.26455041884245745,1.1593035799499773,0.8452455233185496,-0.10096156747030349,-0.8587777057199819,-0.04973845513251973,0.09935420588789157,2.1343683922439016,0.07721014410080329,0.16652793190656823,0.5681372314599642,-0.08840384315851324,0.47281411959452235,0.5379249119736418,-0.3607941376199797,0.9792921953242661,2.2976334477033955,0.826807943266239,0.4362143570843191,0.058406527690024745,-0.7117467768863683,1.323177764707495,0.5674299640944087
2000-05-01,0.08044863391027945,0.27759202194292953,0.29208428441114265,2.5485098005829876,0.0,-1.2602646643223636,0.009926895513423517,0.7884403524148098,0.6144412572339775,0.42238846647260075,-0.04916581616329907,0.21155002785802068,0.7307262311628371,0.9348903831169153,0.5095639442568078,-0.07859950386794878,0.3873227646917776,-0.11729947038787714,0.13017203139833455,0.40040068563333975,0.07540056907653359,-0.4496073516174093,5.012704375073129,0.24844733276614406,0.1660929020967039,-1.2590094360071635,0.3008172379384888,0.16736405580290992,0.2007025259767481,0.27247973261852465,5.519814002719459,0.006555872425062503,0.29060488311642985,0.0,-0.817081453180446,0.9884185991481331,0.9623180341201465,0.4331986018875522,0.8420937312178634,0.4555730176193151,0.8086297431357359,0.36069398066933545,0.70571878312089,0.35618786962805515,0.4842624475787538,-0.5698021114637797,0.1025144833198155,2.6382404008062466,0.3371421061943991,-0.5051747788914263,0.2973537724731301,0.8376970367717451,0.12250644169977676,-1.0817795599534108,0.10095912013512454,0.37313504615501536,0.8108032122708053,0.312907686860564,0.08267879759946695,-1.3575341620082781,0.10025063496250652,3.5517752056009044,3.1059203198203544,0.3204275104773835,0.13306721857047066,0.0,-0.10606798183623312,0.0,0.01946093224018952,0.26385239581800946,0.5617408113046451,0.4000005333347101,-0.20221366696926424,1.1495468165542366,-0.44740691617288775,-0.2983592466888396,0.5528908974240299,0.6027591189442738,3.9156715201194903,0.41996508179025227,0.47569946549872455,0.4034975212178882,0.7482664522672877,0.12040940648052612,0.5233656806109543,2.193875923978972,0.6248106084522753,0.4579557944441426,0.11668317475770351,4.391923393483488,0.403627485750091,0.5491269446922535
2000-06-01,0.77426236150826,0.6247832384388641,0.37052370157688586,1.0199439368894225,0.0,0.19073575264769715,0.2300224395380912,0.2614380574071262,0.5345564466418651,0.630256198081014,0.3715302073701743,0.22892208079321463,1.3286471794864418,-1.1247927943636604,-0.016401621063621974,1.3454948530865263,-0.5294018792861621,0.4683871064648848,0.45427232434072096,0.29925517361766296,0.9750686666953889,-1.342048306282706,5.179061243268412,0.08267879759942254,0.3022406138857292,0.5415175687778273,0.24000142446087835,0.6666691358189425,0.2503130218117988,0.13596195160401336,4.259830968558109,0.013110455607101557,-0.38554326282085327,-0.0720201687593125,0.5012541823543604,0.9891073392712002,0.5269841177889756,0.574720138127649,0.49431003271083185,0.45350695872516944,0.6688988150796327,0.35939765356589604,0.42105823581701785,0.2663107826823996,0.9615458699440804,-1.0531452052341628,-0.20512408198518628,2.3322327694350165,-0.11225445519276178,0.5051747788914263,-1.0746372075482569,3.4405668753245244,0.6476737443620983,-0.1921230177894806,0.302267232658604,0.590574771036545,-0.4090348936093946,0.14308945530863149,0.0,-3.3570483058085188,0.0,3.5186309125045057,4.22282801326066,-0.1066951288200002,0.5305052229693352,-0.1497006267594969,1.0425237932407683,0.263042676877312,0.06484243516009514,0.3944778291017137,0.4990929117424159,-0.600602406021089,0.10116582877639502,3.2373585790596238,-1.0706172712997564,0.0995520241501957,0.1154879611936721,1.1125706801931479,9.020626788614639,0.6426757338893196,-0.01914148296204843,5.4844030037845215,-0.2132196969841349,0.24038473113945358,-0.22396425935040654,0.6758361199274088,-0.13443326192028593,0.4950699671874226,0.5234097074733768,2.2212405271083924,0.6024246773400854,0.6447731807680627
2000-07-01,0.07975086702458611,0.1181179193998183,0.19793059481036934,-1.2065111551843977,0.09438415047062776,0.7187933571983329,1.5974807682806347,0.7802380284184451,1.4366976797540953,0.31364474506716533,0.07405946189349422,0.1327269991868718,0.1182158961149149,1.0079564975624677,-0.032791206460380806,1.3067501892227273,-0.028440062759838014,0.4662034655687819,0.1294139577919573,-0.39920186567812266,0.4561329760924604,-1.3988922188994835,2.3474003958713574,0.330033302865651,0.605588199578655,0.2696630847597081,-0.3201385136697432,0.8271345750675785,-0.16263217445837697,-0.408441684222538,3.624461393902756,0.05242464078141218,-1.7593788966817847,0.5747142255567717,0.23441890162065881,0.6483023652478437,1.5151533834197206,0.997880190545164,1.2813599300787182,0.6764679691151354,0.26631174194839957,0.5366754527976969,0.2797150382998659,0.17714732815719003,0.9523881511257049,-0.1926782869699828,-0.30849238390162625,0.5548963901233606,0.22438304103920004,0.40264485322873966,1.0152371464017484,0.23881068278961415,-1.0818030808581902,-0.0641231185805502,-0.5042875033862249,0.3893353110508979,0.08016032493349812,-0.7829871660466114,0.24762703532630326,0.21721824484814967,0.10015023370897325,-0.7117467768863683,-0.47751021876272226,-0.25385810947451404,-0.3976148379639888,1.117330059812538,0.5629146712555322,0.0,0.5172313852208177,0.5235614053945348,0.328188635754767,0.24067400305631814,-0.3038050407394799,5.195346126353284,1.3862990928972252,0.49627893421284597,5.008337382930694,-0.12652623943907315,4.572224933809554,0.8293508461916232,-0.4757907471287126,-11.429484439159276,1.2725516371504764,0.0,0.0,2.2203344796269064,-0.5518439413739529,0.3755579095335637,0.23175767463117225,1.0451401547708628,0.8968541722887746,0.35315554861817333
2000-08-01,0.0,2.7472723213022743,-0.03955212887047921,-0.09341429917961719,-0.09438415047062776,0.39112599595458875,1.3013552900833503,1.2870190520533953,0.22497197340132224,-0.10443898311480737,-0.2590573278356878,0.2580972207158361,0.3806370642653434,0.8682319712079334,0.31119342801515515,0.6591295631773519,-0.22781215358032014,-0.2328362974594711,-0.22195514522174165,-0.1000466854214288,1.1359036111287413,1.4179199042391843,1.3486292783333464,0.16460909066688956,0.4186275922194227,-0.7207238404949745,0.40000695327888636,-1.493803710886521,0.18762904997915442,0.0,4.79109173955683,0.04584902651130207,0.15572383044393234,0.2861232281031967,-0.4489345362594044,0.45140042222313603,0.5503219852751595,0.5657590469948293,0.5042371596597928,-0.45046981020639976,0.5305052229693352,-0.5366754527976969,-0.7007732741168837,0.08845612347734289,0.9434032233357481,0.8641436395340207,0.30849238390162625,0.3944778291017581,0.5959049291246465,0.49904678318108964,-0.41679131487786236,-0.4009102937376774,1.3247625518538086,0.2562461363700308,0.5042875033862249,0.5479726573856869,0.10678057608313196,0.006550289853146651,0.32921840434774197,-3.00283179147387,0.0,-0.6269613013595965,2.27955520637253,0.4404999447512381,0.0,1.8349138668198428,-0.05658447560059621,-0.08760403538810024,0.4632318648279288,0.39087997650515405,0.039109361013078825,0.6389798098772381,0.10137093428559396,1.1125542714178316,0.4145534486619695,0.5923018303122696,0.46535224864663327,0.4295376448197885,4.104543324311605,0.2696488270387043,0.06921342207037995,0.28449521322313487,0.3156236181437233,0.7177064300364577,0.07471050029979054,2.1489108677044566,0.30695585523430324,0.5218690038593099,0.0,-1.3320843975661134,0.3960559801154506,0.3837037593090575
2000-09-01,0.29190355322716854,-0.006576153095094739,0.6965011895245787,-0.8446788841969699,0.09438415047062776,1.8273266041167524,0.2295681732721544,1.017820491575705,0.2991774856823337,0.41710307289326565,0.49991890080089973,0.606432167969384,-0.811458533766185,-0.01425078481878117,0.42428983807969445,0.37962497275483287,1.2184330193011128,0.2328362974594711,0.06478782215610934,0.6982469431372706,3.775393194432075,0.6825965070398787,3.6144666300504724,0.16433857437299082,0.25819285705583894,-2.8429241520516957,0.8447202340323479,-0.7553539900909456,0.5110637486888336,0.6798122713821186,3.4434853164855284,-0.019647008806078503,2.0613883816911205,1.9802627296179764,0.1430615408520186,0.2148074377164022,1.1469339475516982,1.1220428875907462,-0.055887698795054064,0.22548855870110351,0.3960401216096976,0.17920487408935593,-0.5641786827997208,0.1766778578778272,0.9345862418239648,0.38167985267012483,-0.10273518425032435,0.6279455484843766,0.2595959180821339,1.2891284811990644,-1.806189980501216,-1.419898205966641,0.5213207400911912,1.0817795599534108,1.9518726977410417,0.7278529235966058,0.3196593025627692,-0.4398208422577543,0.1642036493744392,9.091668758975002,0.0,-0.7213737323692015,1.3806506482514802,1.2047540963385117,0.9253205480483473,0.7246408520765968,0.9705448800589878,0.43725474126095065,0.5568905414755854,0.2597404057685715,-0.09035262798517962,1.462187678802529,-0.10137093428559396,-3.0239712882313974,2.1530902992005885,0.0,-0.20642320340753528,0.18262544828298033,8.47747399579144,1.3843228774377714,0.7047129986476719,-0.7843177461027029,-0.4210532536342182,0.3569307775120656,1.1878387622628939,3.028686375294054,1.387896639132613,0.38768754458913257,0.5194685399989574,-1.7391742711869718,0.49284754271567977,0.6525665391446337
2000-10-01,0.18531051396299958,0.9484059833504865,-0.24913065274176915,0.7511772411063156,0.2826191235835829,1.3260878365921158,0.13976712412113734,1.1745101458282114,0.8181525741302043,0.20790093924718533,-0.10725073076143232,0.6027767248736104,-0.22251515652502718,-0.8307285607470405,0.14644576495479456,0.6283821861704286,0.6083597779174887,-0.11634414357217793,0.16640477168881063,0.1986161867242764,0.2649242100512428,-0.0945268999395843,2.661212804376367,0.08206812114313067,0.25526851878501233,-2.448333216546583,0.08903035883074395,0.2524191495907324,-0.12440907302559978,0.0,4.060110248061477,-0.05241090266716597,1.1341048144840826,0.13995803544224472,0.3058729954073858,0.5170809916136498,4.032174542145972,0.5563165755478217,1.1489972949208394,1.1198247874671274,0.6566011770890334,1.0685796269117365,0.5641786827997208,0.35242201231540093,0.0,-1.0531452052341628,0.0,0.0,-0.6688988150796327,-0.09833086348951525,1.4475524173785281,0.7766347307816002,0.3151957814312212,1.8188020971370733,1.4114512381123934,0.6862323814826876,0.48640378895790093,-1.6517240620438578,2.190756986612641,4.874479314789371,0.3996009313381954,-0.4535155165390492,0.6072653685882834,0.17092897462553935,0.0,2.2135855632225976,0.4474280394922481,-0.3496507058728504,0.2315696237094933,0.6464146619890698,0.40660705325406,0.5867413664444321,-0.1014737992326431,-5.484682337528479,-0.09732821961661031,0.09837679101325492,-0.4809273596350305,-0.006291880330522304,20.123032388349714,0.5763704716749807,0.21730718454975317,-0.7183938942130208,-0.31695747612792147,-0.4761913760245484,0.9548364868695369,3.0517338689747042,0.024177949827652867,0.6863868385365013,0.17255824440072232,-1.9685675071029252,0.29454680984128956,0.6064979213189414
2000-11-01,0.3695807452393396,0.5316314706528491,0.3276705491929377,0.838384044389695,0.09402915596412598,-2.5762703650215713,0.319571212707892,0.7478223467247247,0.22197567383130945,0.31103011889932475,0.4756066304753226,0.3376485933709539,-0.6813873219552846,0.16079645808737553,0.340868438406261,0.8249578062102803,0.5118909218491119,0.11634414357217793,-0.12015344113853743,0.09915385798899834,0.47510207262768667,1.389954759208667,2.1413162890016046,0.16393446294307168,0.24861773084561278,-2.1195398467739324,-0.02966798003187776,0.3355707846973033,0.22382501261679622,0.2706361597743623,0.9898385911522034,0.03276003305296982,0.4609365470978233,0.4187026354217416,0.6595326022603487,1.0643345679578697,2.3820649752989365,0.6910948516609672,1.317982229362169,0.2224786944334145,0.3919012200735317,0.265370230731099,0.0,0.26350382464963573,0.0,-0.6760045057720099,-0.3087998407979242,0.7794271726818902,-0.22396425935049535,-0.5936188695605082,0.9535233151000355,0.5582491722054606,0.2865242478394592,-0.49844339956681694,1.16191037207094,0.8513950384804847,0.6507233654740041,-0.4558565244769941,0.16038495819747922,7.682659639271527,0.199203253124125,0.09086779362172948,-1.377548568924425,-0.01313801486491073,0.5249355886143725,-0.212089156913553,0.8931492461817125,-0.17528488274143328,0.060036023416287776,1.1531197599188303,0.7869508865557151,0.38925701155121395,-0.20324116893304378,2.7365418456928747,-1.1831861144441014,0.19646371741641744,-0.12496639285091149,0.21998060472121495,1.1016636206501396,1.127512137810882,0.05710644649798979,0.0,1.366285047711635,0.11926059851248283,0.0,3.6446370633783864,0.9264338654718429,0.04610419629860196,0.05745330851256725,0.2977669693923879,0.19588365351843606,0.4257216451450911
2000-12-01,0.1842860340194541,1.5262860619869034,-0.2620531363346501,0.5550430530649741,-0.37664827954770885,0.22725763406867827,0.588024768481965,-0.33167526259951785,0.22148403295534358,0.1034664628092763,-0.07509774775451561,0.11272765729195555,0.20580074952833982,0.7181421459591775,0.4527242838051393,1.1610769020637068,0.13915304439411358,0.810653204167,0.28628176730185473,-0.09915385798899834,1.0998714228388717,1.334094272398545,2.430703932536238,0.1636661576470022,0.34549739080382835,-2.6641930946421866,-0.14845955484741324,2.317984577899246,-0.04969561538477052,0.0,3.8265127242086194,0.026200301453283004,0.31143568066180904,0.416956823672443,1.1263192278709422,0.5840544042112317,1.0122906977077406,0.27510614896062435,1.927123373856654,-0.892873049578613,0.0,0.0,0.0,0.08769370674137633,-0.46620131058139336,0.5797117684327446,0.10304264114662232,0.15515906914189692,0.11204482964899398,0.3950932142338104,-0.17809443709948525,4.027288178753707,0.2028398669486009,-1.1306653115702225,1.1726203255308487,1.0767889563365163,-0.5096671841029909,-0.39046771032342775,0.3200002730670448,2.735354958159908,0.3972199860433179,0.18148825308221816,0.40044075414624736,-0.5930043074417135,-0.13097578820637779,-1.4255408904723765,-0.44771421124361055,0.08768084735333304,0.15992007406211428,0.7614249985245181,0.371248552004122,-0.38925701155121395,0.0,-0.8303679486409088,0.1619819738277073,0.1960784941941185,-0.02003536033408082,0.4697637901958096,-0.6996530289835601,0.04606525993162691,-0.09901161027254801,0.28797716086113034,2.168386455965088,0.0,2.5975486403260195,2.4360924647478743,-1.204833851617515,0.19187234866859804,-0.05745330851256725,-0.7960241038388105,0.29310790881473814,0.3560147661103784
2001-01-01,0.10866178762256595,-0.5719791517376116,-0.10502178985092314,0.36832454162949446,0.6582064195641557,0.22674234455992703,0.5686267129731526,-1.192568872941635,0.44150182091153845,-0.41449658170860104,-0.07173927961812154,0.33613387073945233,1.730139130648567,0.9942769595541634,1.0430852662260737,1.3796999610174332,-1.7865133983470116,-0.3466255197619006,0.2354770296677522,-0.1986161867242764,2.4694729980603736,1.2256624669038985,6.734234636994962,0.48939738788620346,0.03524178615617046,3.0058003356774776,-0.06935829458045717,1.8646669167266872,-0.4234128368062251,-0.6779686985379563,7.115462437831033,3.2094519053970316,-1.6092340708723896,-0.9356094924023672,1.36070034062179,0.898797576345034,0.8313823278283117,1.4996841863881283,0.320571608067155,-0.22444918081663268,-0.7853443505569935,0.1765160134997057,-0.70571878312089,0.43724001832234904,0.0,0.09629273733926524,0.0,0.9259325412796837,0.8808682781395127,1.0831841824885835,2.9276095524799928,3.8070347374483227,-1.409908935398807,-0.18969338600003383,2.673791490375077,0.5528369975165148,-0.49456958532356765,0.3568666885365612,0.5575482384303498,4.349162028033016,0.29688294938008397,-1.002286294865229,1.848675359010299,0.8554372096659435,0.7832938221187469,-1.884113705585655,-0.16460401709901262,0.0,0.18957351648998255,0.7556711022561835,0.3672160466643426,1.4711841031891382,-0.1017836343186751,-2.2876687831647313,0.31478722500981604,0.2933987434787788,2.1479499835281857,1.789798512231222,3.450317607966946,0.3677601447977352,-0.2976124176935713,0.6449323679908137,1.621109462808512,0.11911853701533914,-0.35676099202732736,2.475323996334833,0.38712847767863323,0.3291617011098147,0.6302052489091992,1.3889112160667239,1.2603203625729087,0.6973273155637477
2001-02-01,0.39369864769494,4.264076225614755,0.4324777521633294,0.09186955170727984,0.5607491328945002,-0.02664890089043581,0.45906208504455925,-1.1176737727023323,0.14673516939502917,0.5178561020685812,-0.135313141819271,-0.3079599778820885,0.54278334883886,-0.37104702130159595,1.881935219032016,1.1484733897936472,-0.2172989659432467,0.5770352749445706,0.14988761237360038,0.779224722016636,0.13542109560047422,-1.2440701982028735,2.871010588243106,0.0,0.3277674706504641,-0.43135526080808617,0.6126524377476628,0.16051367812295325,0.2741776393541784,0.27173929765007543,2.838449345799754,0.02536622500755037,-0.09917202966418515,-0.19109503235457126,0.7273474173138617,1.2904866571592066,0.7809135420533408,1.344101887900706,0.8498390286376445,-0.45046981020639976,0.9156375285986229,0.17620498340673585,0.0,0.3484442449582126,0.9302392662315473,0.8624873781760023,-0.3094368578928197,-0.6163347707668798,0.14988761237360038,0.48639358114730413,0.11534026653539087,1.6063320766658506,1.2624237491998258,-0.31695747612783265,2.2161571802854496,-0.06619301687873502,0.2740817771645254,1.5671688818834184,0.47543671172718405,2.2876814653755684,0.19743343037177397,-0.550965581096996,2.0164773682151083,0.8741656554057897,0.7772059847702906,-1.1773498763751,-0.07930214531377544,0.08760403538810024,0.2389487397381096,0.2506266976059379,0.1230005263263223,0.6512185435260776,-0.20387859411323817,-1.3885087080226288,-0.12480186070593646,-0.1955034835802394,0.26734308632341275,-0.1781600839853681,-0.29112102074582147,1.1406100390506602,0.3623545294582087,3.5091319811269006,0.30105391528709724,0.5934735519813827,0.4279607102362082,1.783451661963964,-1.889263335230762,0.289987993204166,0.3989779991995235,-1.3889112160667239,0.28859638391973697,0.4323120653073994
2001-03-01,0.19626960045435737,2.0984386362610685,0.22206335793226728,2.4491020008295727,0.0,-0.226802845537577,0.37908878045156413,-0.0825252780485286,0.8759180089880747,0.3094391113926065,0.16025651278512854,0.47493737785204715,0.567987904233469,0.5407899343598643,1.4619116632494045,1.6935260701832267,0.9413606181437828,0.0,0.41849403445617384,0.5161301780225003,-0.4238012784917533,1.1167164104088023,2.170465282017453,0.08133388004281095,0.42048935842551316,-2.129165603809202,0.540346017889437,-0.24086723809118027,0.447039115275949,0.27100287588650573,4.065199815143705,0.01268069999160737,1.9416432772091596,-0.17868543363102063,0.5371893564709573,0.8543096566799413,0.5534067502834805,0.9302487859616626,0.8951535929879295,0.45046981020639976,0.6489315439750065,0.5267806833279653,0.14154010032116915,0.08690536164408513,0.46189458562939656,1.2328273732995498,-0.10336215198769594,-0.6201570263281386,0.11974854240062172,0.8726500907222601,0.3452247387229157,-2.1942949076872775,0.2763548588857745,-0.19065782705816048,-0.917437627604123,0.6315844573638429,0.5985933366591922,3.395669032181514,-0.1582278811127935,-1.2190317557370989,-0.19743343037177397,1.7344113457973265,0.7382354011525205,0.9309609518001416,0.25773210143000824,-0.1481481752440672,0.474872281375438,0.08752735788544186,0.5058781804581081,0.0,0.4378299989933332,1.8161679674302267,0.0,0.5733388841591136,-0.1801746196410825,0.1955034835802394,0.352323814470612,0.20270899781920093,-1.1730339785488653,1.0679202040622116,0.7359179284105011,1.0291686036548509,0.4997511650468134,0.0,-0.35650661644957005,5.894471495992626,-0.27106965834287067,0.3726948599966917,0.22726707106466293,4.397386530964731,0.6701908873393503,0.5508020808656163
2001-04-01,0.48900179777158215,0.8928429787977255,0.8574733534424617,-1.171712368775335,0.37209345256892234,0.20014684111471226,0.5781763390242389,0.4868418951241793,0.4350985834327137,0.7183225067293186,0.27606727749223126,0.45540493692115547,0.3942342472014637,0.6447095034501693,1.1360318920899282,1.246819220910922,0.709553905909921,0.45924521920710504,-0.41849403445617384,0.3853569315990235,0.618148375871197,-0.419593792659434,1.7071578727938963,0.32467560988700406,0.5179316422625035,-1.1883813011052347,0.45946243973649104,0.8006447893739832,0.4820477785086652,0.6743113884890128,2.2389085226518723,0.006339747046224531,0.9365043013521479,0.06385288512715803,0.4276833890756837,0.6121442074307648,0.49411858374406314,0.790508241612109,0.47065934431556045,0.6718956903211559,0.9014871096215238,1.2184626316307678,0.9852369186167387,0.433475526665017,0.45977092486291227,0.9380931833764983,0.10336215198769594,1.46664149592306,0.10964366909549383,0.3840763169267625,1.1989866727934562,1.7147453285967895,0.3122585670119804,0.19065782705816048,-1.9544596072970766,0.5031538204100627,0.5077486177664348,2.781548567714953,0.1582278811127935,-0.9034969057911901,0.09876544012730193,1.882619474778302,6.1439053349631845,0.5518848635051476,0.3853569315990235,1.3986241974739855,0.3350086885281378,0.1748252193529254,-0.4164194000771282,0.0,0.5629359184650795,0.8586948413870754,0.0,-0.5016578527555993,-0.20624991863682496,0.2925404329104708,1.367105931673951,0.13491140821040304,-0.3940891799876223,0.6561311937499426,0.8655091856107688,0.6124551298113623,-0.19960086467136762,0.7075501216199598,0.21405644991103756,9.834764878081703,0.8232521767736145,0.8090475494073157,0.3964787594175512,-2.811624857630868,0.4759579276326864,0.619764778842917
2001-05-01,0.19493052444508052,-1.1395707540951427,0.6318968199457764,1.70790668291394,0.4631782250038796,-0.17343743924662647,0.4091104991473138,1.7934619742564273,1.3654542009392312,0.8146710818075498,0.5412827145388377,0.4335157682061386,1.2124440140131476,0.6449611084534901,0.4265006317619058,0.6839148970350095,0.34362699241077266,0.343058177145128,0.35881629248217806,0.51151006667709,0.2613498937332981,2.4558836308707477,0.1630158282550198,0.08100445967422765,0.37748562802564223,-0.47876259804442434,0.6610242961630597,-0.47961722634903836,0.614630084869372,0.6697948684127653,1.727646880721645,0.057039644097978126,0.4217204721556733,0.063812139233832,0.3002278173971362,1.1825061258291303,0.32819458149493386,0.9144507424221793,1.1240937144523677,0.6673846240882408,0.6389798098771493,1.459897982436642,0.41927970164090667,0.25917846852010484,0.9132483563274008,-2.170920556676048,0.10324528820992995,0.6872879287760814,0.14932061905392757,-0.09587365104959389,-0.22727282510013325,2.9086499882374106,0.5578184943534126,0.38022859497388595,-0.5655057483344716,0.22920474524621426,0.9559471424417154,4.980861479156129,0.236873383555114,-0.49627893421284597,0.09866799024447204,0.4430667416484013,2.8840156090962576,0.3322262191978176,0.51151006667709,0.6557400546158831,-0.45351551653927125,0.08729812863448316,0.02980181813132532,0.2500001302084165,0.8326518221309698,-0.6713937939347936,-0.2042951082522393,3.544816694877584,-0.2965464652290528,-0.39024439769317354,0.00898033151415234,0.15920645087126317,-0.1976285228212138,1.1526653408067133,0.6758967720993603,0.06781960246389218,0.0,0.3519065215196626,0.14245016653853249,4.930104696119875,-0.024476808346385326,0.6305853790732563,0.4512287355956879,2.3324672566408466,0.3791625527963749,0.5793237013347696
2001-06-01,0.1945512844860886,-0.8415218126295532,0.1798128215574124,1.766830413331455,0.0,0.7317268063927074,0.5188874585167369,0.12500379663382688,0.28510354308397545,0.10136880822075867,0.18931113147919731,0.055545689622160666,0.6088781165081159,0.2574557049983106,0.04560076572066585,0.27729653817072375,0.7481677165679379,0.11408761817923718,0.21864449179416212,-0.12763243596047857,-0.5657126582831573,-0.12494423758395712,0.47732787526575393,0.16181233304122244,0.336397405397193,-0.419707293402638,-0.009685935093006748,-0.16038495819765686,0.06125574464128647,0.13342230131359045,0.5309286125628532,0.5308069335173471,-0.10681202656721567,0.165721243867889,0.7322510799472326,0.6441812546717163,0.8670543153685095,0.25974304898426226,1.6543518807845992,1.3216331677533777,0.508260306346564,1.5228562595298811,0.2785593620777682,0.25850846985271403,1.3544225107755548,0.5708864220319576,-0.2066074401976259,0.15209128407067674,0.16896093071885332,0.2873600423905387,1.1312337828726982,2.0692853938833355,0.3004849555805933,0.0,-0.6638241541294665,0.2362510447079913,0.11237413120124273,6.42906653661659,0.7855499940308874,-3.2872745000575243,-0.09866799024447204,1.4047641013251955,-1.5523311124178818,-0.38343605260475755,0.0,0.6514681021192459,0.009880934744677106,-0.7005282588408157,-0.059612520394214386,0.7462721201590305,0.2604984747248906,-0.6006024060211335,0.0,4.025577237758604,1.4817319953188246,-0.588236990306612,-0.8057445419824116,0.13451545898686135,0.5917177028088361,0.395923971992751,-0.14525674932386323,1.0789045990818646,0.3988041177954482,-0.3519065215196626,1.3432510204074877,3.0852265516183586,-0.06121824494833561,-0.4424951908297725,0.16867724197755507,1.7143276986438138,0.47191481364552423,0.3969299279191309
2001-07-01,0.0971403928069492,-1.1413898760583852,-0.07701749685526948,0.08752735788535304,0.0,1.185940899188065,1.3211265599992306,0.7437590431227825,0.42613700849662983,-0.3044152155138313,-0.15146873007276795,-0.19321365805158308,-0.32999362174024327,1.3951782669213486,0.10628378209247558,0.6054825481304427,-1.9795265585906385,0.11395760664596466,-0.009928021849958668,-0.25575461511175845,-0.23736871097761458,-1.6204891876178351,0.24286593601248185,0.32284128121191635,0.24514525441947654,-1.7992294063593484,-0.7489199475618769,-0.3215436853973408,-0.20842280578685646,-0.6688988150796327,0.24159593048902472,0.3711513083301199,-1.7615428676678313,0.229007733672848,0.8697784820982157,0.5354859709179038,0.08004646977033403,0.12961896261671768,2.092306540458555,1.304341524968411,-0.2538072428471594,0.7779477399494805,0.41638302542583716,0.086021199302877,1.3363227812168255,1.1320875624483584,-0.3107188409043893,0.15186031771876607,0.4359895927320778,0.19110604702285983,-0.05625879191981653,-0.9053504174384219,-0.9867577282091311,-0.12658229538295984,0.3798675033215737,-0.26015809023887115,0.48263473846041904,3.3668437209873225,1.4757549378964896,0.7682496172015885,0.0,1.2992820282484274,2.0246332494695096,-0.14096241201322357,-1.283714676068115,0.7189103572470934,0.5222973193808489,0.08783487609065332,0.16880993036139103,0.617667189172888,0.1125241776950503,0.41330135856885164,-0.2047133277125468,4.088676515392731,1.2762736632732974,0.588236990306612,1.022693446311207,-0.03055581042490374,2.236359608685934,0.21928230407990412,-0.5119037227595769,0.7350517559340908,0.2980628138139707,0.0,0.21045255049165768,2.3659422878817615,-0.3066546407978876,0.8681389652911875,-0.2813003640932621,5.689607747075343,-0.09420496799803502,0.3488907717539677
2001-08-01,-0.19436220467587972,-1.2927236090293004,-0.012842018375991415,0.1748252193529254,0.0,-0.6571189370315977,0.6973303158115396,-0.20020026706735194,0.28308582245246683,0.0,-0.5562713993039203,0.7995470410302019,-0.052026431707830056,1.624172198205276,0.25766434263347904,0.7913060387604531,0.5522548785613424,-0.22804522482520184,0.13890269124878785,0.0,0.7357015974869707,0.5069719350251134,0.43366514437108705,0.08054772888170803,0.24161609883135426,-0.23998106674114617,0.3119191044752334,-0.24183808642819216,0.0,0.4018759594917931,-1.8879040261661206,0.42606580744450895,0.024654386760403213,-0.07627765434676803,1.238962271093591,0.6976271416769375,-0.007914766402272733,-0.2594061540682091,-0.19897293257109538,0.6458587865050713,0.2538072428471594,0.3165514128381286,0.2766199731664365,0.0,0.8810629682153959,0.654513790490796,0.3107188409043893,0.22735894598739925,0.04942420898315092,0.3826521464906918,-0.6209446990745882,-2.1333593659249583,1.150270439251333,0.25300456253694037,0.4728141195947,0.5907256432820418,0.8475715308482457,5.18619242731071,0.15408323541556967,-0.17021280705304953,-0.09876544012730193,-0.4312210218178514,2.036266878002113,0.3712004262295565,-0.1292825002304987,1.351852675502041,0.7442259183844779,0.0877577941358787,-0.29809243059197854,0.12307693861330904,-0.19281255400489528,0.9701568629584933,-0.10249804088511283,1.9609478102692979,1.6347038330376762,0.0,-0.7165305286088941,0.3356014987417666,0.19212301778934737,-0.043818009902807376,0.2469415392439167,0.0,0.4948055617367775,0.0,0.7678920804156331,2.896587881631296,0.6611999110230471,-0.298507684345406,0.0,-0.986112876577927,-0.1886765920203981,0.27945656369309246
2001-09-01,0.2914083264913714,2.5955328941819733,0.28215706773924154,-2.744749550110903,0.0,-0.26406141565109564,0.2795058912691051,-0.200601872686601,0.4231318019763286,0.20304640729307266,0.12736546157068318,0.7306107866791756,-0.5680558285372506,-1.2486709947879149,0.36266532159610065,0.6063624568005022,1.4548743852696333,0.0,-0.7164209746779449,0.38338705107223703,0.9058184891002963,0.612173319784759,2.02228339138113,0.1609010805700528,-0.013157663978535794,1.5578367770066492,0.7176226650674522,0.24183808642819216,0.18392501046591292,0.26702285558783956,-1.1243208335812938,0.23730729927566863,1.892037281559844,0.1524971702317579,0.3190693397598032,0.7481912891152742,0.6564903248090559,0.518141133302219,0.6287099759722192,-0.21480582278732285,0.5056900788973806,0.6572243531065336,0.2758568974055464,0.0,0.43763745997984493,0.09315324381118373,-0.10346909988552255,-0.30326027790419374,0.15799351563394737,-0.09515676870419654,0.16973129958799404,1.6946353809757841,0.11793891361362441,0.0,1.0323883341634144,0.9265845249598392,0.3064353776880857,4.117245276836856,0.15384618419060914,5.146363762959583,0.09876544012730193,0.0863930939263291,1.7215049755030964,1.2190627160403977,0.5161301780225003,1.542807600168583,0.13649217289177784,0.8733679968753627,0.05968961577949017,0.24570036930509076,-0.034979621505293323,0.7030556248686981,0.0,-5.920895504014156,0.029222024567587823,-0.1956947786960761,0.4310852900463402,0.0,-0.19212301778934737,0.872732812084287,0.837284563294638,0.7957601673314052,0.2957123889745894,0.23474189183056993,-0.2785517121426828,5.721679196302887,0.4262321498896604,0.298507684345406,0.4496935649965117,-3.4833952675632496,0.2828815600184331,0.3904480221687378
2001-10-01,0.096939048887279,-1.0249770083774479,-0.1538110365208567,1.5145055628889459,0.0,0.07929166531486231,0.8265577964651438,-0.4024150299726692,0.49140148024302555,-0.5083911393510832,-0.15171466145496026,0.1355941969683805,0.19412364730344578,0.25470602492205785,0.19588055096773083,-0.009253404488340777,1.2524732908136826,-0.11423017702032467,0.5675892758253198,0.12746974320005933,0.25016690832111443,0.5192026702425245,1.1667370942539002,0.24086723809113586,-0.10465093778666557,-0.47131856694777596,-0.22249580171580519,0.7220247973488192,0.06123323931461755,-0.13342230131359045,2.9459528730401807,0.13090230948229475,0.3162896763090117,-0.1524971702317579,0.7467597476560783,0.14468694460672005,0.722060702531957,0.2580498587750668,0.6739554221782296,0.6430639281538308,0.25188930194834924,0.6427496088144302,0.0,0.17182072696151351,0.8695706967555505,-0.2797204621062477,0.0,0.15174509740312203,0.2660493267577557,0.0,-0.6806605972688118,0.06133297180110908,0.1720991415132822,0.2523660645397108,1.114217655324401,0.45092142729368234,-0.7164820824147711,2.763019615761264,0.30698412442884404,1.9231361927886326,-0.09876544012730193,-1.83011643824047,0.7893849422260235,-0.10102286501298963,0.0,0.48594333737463913,0.5053460705762625,0.0,0.039773292758482626,0.1226241723244037,0.3866856016762732,0.4415018209117605,0.10249804088511283,-3.6262109737985604,1.2766070030096444,-0.1960784941941185,0.5645069254344381,-0.9240909063042757,0.8616616260877841,0.46236175419087644,-0.27088790757989756,0.32970685983779724,-1.3875346493619212,-0.47003611803324574,0.20898649194585062,5.8953158902008695,1.5075965451407214,0.2976192673044942,-0.3370704428808047,-1.1257154524635382,-0.09420496799803502,0.2567772775287498
2001-11-01,-0.096939048887279,-0.16906237096088184,0.11538368290739953,0.1766784911886532,1.2856008101534755,-0.22482321180472553,0.7076964363323501,-0.10085729548849898,0.2797204621059368,-0.9216684970204447,0.13387906598634203,-0.009127832544297831,0.1002202149542164,-0.8722304969156269,0.10532677583938721,0.8875025625231459,-0.18186783225102587,-0.2288280001248033,-0.3979708764658696,-0.2551021791605379,-0.09999167569207934,2.6607154990513138,1.585953365160897,0.08016032493367575,-0.07470236503772654,0.8176279453742552,-0.4464699714932685,0.07990411931304564,-0.26970716361445213,0.0,-0.27608796781888323,0.06227425783511542,0.10617662552547813,0.11439467405729431,0.6950586343666743,0.5005988985541165,0.4768721332561121,0.12878434042216114,1.7055765613910534,0.8510785759087369,0.0,0.3434443574789725,-0.5524768705719829,0.17152600965237852,0.0,-0.09341429917961719,-0.5189370539107507,-0.2277040832050936,0.2653433820608342,-0.5727779213355433,1.3567195102563545,1.191901151818886,0.14471075214173013,0.06299212806712973,0.735973883208052,0.37600184488129074,1.4109881347380338,3.514051877022828,0.45871640069057307,2.97128973185119,0.7874056430906329,0.3511856111540368,-2.98496354191391,-0.12642226715398053,0.0,0.27662534928900584,0.338704538251422,-0.4357305368955622,-0.4983067915319772,0.2447981638641572,0.6625578675098609,0.5491501993674763,-0.10249804088511283,1.866693587499313,-1.0795370030630913,-0.19646371741641744,0.46086372019744637,0.8814404867699466,0.5703437513869591,0.4171767540644744,0.037158670626791235,0.13157896635198618,-2.4243611609991333,-0.23584916592911398,0.1390820808343296,4.13906969283393,-1.1921388702892166,0.0742666205689968,-0.16897560349340424,-0.4728141195946556,0.4701398825633252,0.24780524587455183
2001-12-01,0.19378421698235115,0.05068829903644989,-0.21804732633636803,-3.411461877740507,0.0,0.06617695959851844,0.6480963451785726,-0.40444948965054905,0.13956736389753033,0.2055505866522367,-0.03695225710904637,-0.3092760193633026,0.2670743732676506,0.9759334194560765,0.34526318243628396,1.0855624826895838,0.5083987346249152,0.9122112743389366,0.3284402056736191,0.2551021791605379,0.2414756159011766,1.587061084068342,0.6693465418589284,0.3998405966696872,0.36203479326717414,-1.7188369940964066,-0.03892853858973311,-0.15987213636963205,0.12268434859885602,0.13342230131359045,0.6033172176808765,2.6902494555040235,0.9373192302912337,0.01270244523778885,0.5801388341494018,0.3344484722846097,0.40975754221630467,0.0,1.5977318583758393,-0.6376224766594607,0.5018831111942568,0.4620080796249315,-0.13861045391285742,0.08565280144496867,0.4319661144515763,0.7448824012990407,-0.10411544264927741,-0.3730353379906681,-0.13749756634897636,0.19128593667048222,-0.3374581380144903,0.4500276267890513,-0.18997337191075658,1.3758816171428379,1.0032003879787421,0.1383863491611237,0.23604799360148476,2.717804746166097,0.5325231298753508,1.983283923291923,0.09799118863487166,-0.2632735175800427,-0.3967854291464956,-0.3040671289922692,0.25706955031008505,-1.1809793389210732,-0.6104965906348792,-0.3499566126264675,-0.08995952428358933,0.24420036555508062,0.19598677590000335,1.4498260479424818,0.2049230474784558,1.7768837923142655,-0.31746112976964724,-0.19685045726713923,0.4510314451197317,-1.0906970870081523,-0.8567401285298093,0.10043762950644464,0.0891035830741238,1.3063543060822802,0.2042901629798699,-0.23640672948817,0.692523543331447,3.173437725716921,-1.759791228388341,0.29651615498353934,-0.3953724650732404,3.355393992290434,0.5612656990066967,0.2825326856580038
2002-01-01,0.2899999027235367,-1.7018960568340624,0.6016837344541948,0.3646312153019693,0.1823154561514606,-0.013231888871345632,0.5188903159893954,0.10126583143863499,0.348068572780047,0.20512894275883653,0.12365380357568512,-0.08105886617455482,1.4299857656933312,0.16215964639112457,0.791106642376338,1.1127934379314919,-1.4686695001259409,0.11344049643424725,-0.2088825546882056,0.12730746467974896,0.5639424466538312,-0.01711596067499599,1.785171374180372,0.47770791482766306,-0.13751720880268437,-0.6534563671093618,0.4175856164605918,0.7174203747999819,0.46483264124708157,-0.26702285558783956,5.986682734520388,1.9504323997953321,-0.26858046442965744,-0.06352836755176838,1.3044654756689589,0.3333336419758748,0.7892921894885774,1.278802839992732,2.1017011496268,-0.4273429833080211,-0.12523483164654792,0.9392445184035036,1.1034639279167813,0.42716699084293097,0.4301081899389825,-0.009276868135899008,-0.2085463983246605,-0.2520143378179629,0.2650048172077035,0.5717007539375096,-2.5101146733306656,2.059535213378938,-0.8273874729503028,0.18616201466992166,1.530871859906613,0.9188904527179353,0.6491468026473157,1.7760725513677578,1.2815855771895812,5.438518629680011,0.1956947786960761,-0.4403353658268827,3.596755635721971,0.720655498936118,0.12828738128893846,-1.691372244206235,0.0583033735299221,0.7856871495220297,-0.5213567052885004,0.3651860418771413,0.15984117968681488,0.9042950958277451,0.20448804585022629,13.985704788983,-0.7742133010825825,-0.19723872272052745,1.291919035904865,1.2246800546761527,-0.19138761822841133,1.5934324903770225,-0.2452348950591876,3.1302459894162915,2.4194728587057845,0.23640672948817,1.5748356968140698,5.18279847560108,0.39374973967865046,0.8843093736334406,0.22612423390766523,0.9113690379213502,1.6651798090725478,0.7775679155391646
2002-02-01,0.09647143134561276,-1.1876096944369863,0.16577532308668097,2.338236023489948,-0.1823154561514606,0.21150040931026126,0.35938161826805093,0.20222453807683394,0.13888891121567326,0.6128741749768629,-0.003079692765428632,0.009148155303950745,0.026744937622069642,0.29038195576189807,1.255825403831512,0.4476283212887733,-0.22079125804745914,0.3395635141682618,0.019912385569575974,0.7604599385219402,0.04134110605007457,-1.1708122724807701,1.0615613238179833,0.1587301920572326,0.08625397837835891,-0.8951065016705062,0.154926395686239,-0.31821824784623587,0.12196610854546819,0.26702285558783956,-1.1589379499410413,-0.05350295880104383,-1.0642885344178232,-0.3437523278027932,0.8752593660849683,1.04578345638342,0.36354514154433026,1.0113798218903014,1.1266266458560104,-0.2143712213077631,0.6246116496952503,-0.2687766715162354,0.9556329454830426,0.3404246415243506,0.0,0.277932363457456,-0.5232921870532259,0.12990488205910644,-0.16677298219667236,0.47543297970005227,0.2884340044086109,1.2526259819180652,1.2159886150849175,0.6796442596415986,1.8592833076616522,-0.06430583129910517,-0.40948871201980097,1.788209236823457,0.8948605576014401,2.8905784093612663,0.29282597790887266,0.5281702419176248,1.546203971159521,0.5402362532997529,0.12812301560485295,-0.9282465793917893,0.3394271793933257,-0.0869943508539528,-0.04021717327509222,-0.12158056208892987,-0.17263694596456602,0.0,0.10209538352121683,-0.3642387425301319,0.7629496202262054,0.29571238897441177,0.9137041236520371,0.3159752279524142,0.6682602434364249,0.9132483563272231,0.2415252841021065,0.8142857395275094,-0.09965122897401812,0.11799411398474291,-0.408441684222538,1.7382485653949065,1.2084370431630909,0.6581376589298138,0.3944812012538712,0.32000027306713363,1.2000558433954644,0.338853244036017
2002-03-01,0.1926899032029361,-0.24229343481509957,0.2672373803211947,-0.08892841848835431,0.1823154561514606,-0.3041726870752548,0.5981134028404167,-0.5063301956547583,1.3099118702858625,0.7103046074272257,0.016138229633178014,0.5269945225985673,0.011826867584918688,0.02883210386643853,0.7022867391941467,0.7800374698938572,0.6151605498393664,0.2257287324730406,0.417246780579994,0.6293286975789236,1.1343208916925196,-0.6602977943422239,1.123710820380719,0.2376238741885306,0.8228794837135567,0.6527609358942588,0.5307636280401873,0.31821824784623587,0.437850371124604,0.26631174194839957,-0.9518853845266406,0.03567181964116983,2.4981607743514544,0.05100089362111149,0.6447591065497527,0.6016639510381339,0.4705155294348007,0.7518740126080559,0.30647627193958193,0.428258105366508,0.8679533719723409,0.4030585900402617,0.2713780374511643,0.2545728470174424,0.42826617920006527,0.3325023844771735,0.20963941957869991,0.167862087333015,0.12755729541957805,0.5672489017562121,1.145487897476638,0.44958432644706114,0.08113430020344481,1.1022769290748968,7.435856731854473,0.5102065914921461,-0.020018016281397877,3.6372264378275343,0.5183277061856728,-0.41782790591957664,0.679944338892291,0.35057003476275383,0.21771707546940355,0.885679088367386,0.38338705107223703,0.0,1.34630363127215,0.34752424203023935,0.5415718782971091,0.3642991278500318,0.43040095413484636,1.3289232118681493,-0.10209538352121683,0.08771245673795391,0.1874076115409018,-0.09847366625388432,0.6526392873871689,0.5686645693510961,0.5692614993288547,0.6551915819751564,0.8536426090094196,1.2399414905038597,-0.399600931338151,0.23557136924594602,-0.4101167744215317,1.182846689444661,-1.6638504710508428,0.8708327891784773,0.560853056382804,-0.15987213636980968,0.9981353520976288,0.511542545096711
2002-04-01,0.38424379339243586,0.4553969186768203,0.025411530381447278,0.7092228309491411,0.0,-0.02649357546289366,0.7969807855085609,0.0,1.2253386805765043,0.6048297625818932,0.8590694959073275,0.37140125068964025,0.30739640892631925,0.1777871024826183,0.9143084501415544,0.1741569328095327,0.9927673868586062,-0.11280067442420716,0.17828847828864625,0.3757048877711888,0.6760910370213313,-1.6878037787352085,1.4819126594622034,0.0,1.3490909670967888,-0.5288616389269585,0.4130132661227748,0.3963540662456744,0.37550767883889336,0.5305052229693352,0.5403610708725637,0.11881424792257178,0.767273692557513,-0.16584809567863346,0.5430199839100425,0.7365537015084911,0.5756945254189905,0.8701200585909064,-0.19910147451938087,0.21345609924927622,0.8604847193518061,0.0,1.612932100305553,0.25390101151838707,0.42643987864594557,0.7990123786983716,0.313652767474526,0.37286502126794296,0.0,0.5640634076774731,0.6810469002527242,-1.165313844172866,0.38678354274761517,-0.36607728496802494,6.921000317817505,0.5447777608398319,0.2299656065202882,5.233022176775393,0.22132063626489895,-1.831037071378372,-0.09685230781295573,0.6105557562484876,2.1304143966391464,0.47082232928552514,0.12746974320005933,0.5008955016536198,0.333762766327661,0.0,0.7274933674627171,0.12113871862977632,0.8085116044529883,0.49382816405825203,-0.10219972473102246,-0.11296115211063551,-0.005889868398689657,0.09847366625388432,0.33381813788904147,0.36730434189662375,1.8744691286149529,1.3661980246363115,0.43326589227161705,1.2247550522677564,0.10005003335851193,0.5865119452397316,-0.06851661795961306,2.034553058685873,1.01872620819341,1.577093619299541,0.5577250303501202,-0.642056780292144,1.6900913571685106,0.5498621445538502
2002-05-01,0.2872106224003801,2.2900481519775084,0.15233372479546148,1.6645149958754324,0.0,0.03973773149841264,0.20955321535409688,-0.3050332817623236,0.2702704347885554,0.200803943768868,0.09596828079123654,0.09069426505687872,0.15665333917489477,-0.09792917479014562,0.5905574332082608,0.6232931124553698,0.054362599871016215,0.11280067442420716,-0.38669425014159486,0.0,-0.3578403297944899,-0.19522590280782737,0.4861370755143035,0.39478930075826923,0.3593110057834359,0.2671678555331791,0.22020432026819137,-0.47581374464176207,0.12083133417934988,0.2642009462838324,-0.7295716648858974,0.04155165821213558,-0.01146397337521421,0.0,0.3544845966539256,0.48622462080336604,0.2714510741823162,0.49383318838387424,0.8092261619303986,0.6376224766594607,0.6101300196177384,0.0,0.9290115379350539,0.2532833297559378,0.0,-1.0390420360384844,0.3126618409739379,1.5001600545196503,1.3247807232027675,0.3732865789616291,-0.11318620336835394,4.497686160664127,0.2958250045233868,1.0942358420944487,1.6579128802912457,0.2024803029967437,-0.06993356596520783,5.175291803686566,0.14727543162749157,-1.0718216220023447,0.09685230781295573,1.9802627296179764,0.5675145549509875,0.02471882350985055,0.25445306349940466,0.7820871716179845,-0.8509062287558766,-0.17361115471752342,0.1389164740166926,0.12099215027134846,0.6577164004315961,-0.16433857437307964,0.0,1.0437196808064098,-0.16559558871822588,0.29484050842967235,0.8124530883471426,-0.01803263912565356,1.8399783118844937,0.3010813824984915,0.256143657464758,0.7277169773894698,-0.10005003335851193,0.11689072049829718,0.4103972928381161,0.5776016965902908,-0.48965699499685655,1.2018525719240447,0.0,5.482970701060896,0.48707489886976596,0.4591247016719628
2002-06-01,0.09556238765542346,-2.092835662203374,-0.2794688363947806,1.4661754666289717,0.18198367169857121,0.1058901488750763,0.41887924587484804,0.20345886977874983,0.40404095370036863,0.20040152945934864,-0.13120352731457174,-0.12697977250386572,1.0821440274356497,0.3223084208510585,0.4299265538430852,0.6369076105316118,0.43384015985985513,0.0,-0.6078440318471046,0.0,0.11399724384100196,-1.431407513812477,0.38542601381754693,0.15748034750684425,0.004201038128126555,1.7819656314085552,-0.21062328929710716,0.0794596783960877,-0.012076565439489428,0.0,-0.39831053926113746,0.03322889995445166,-0.17935875609813579,1.4324894760469498,0.5733707764743912,1.119591653399521,0.3176572157457702,-0.49383318838387424,0.3036841843494731,0.843896312205672,0.12158056208892987,0.42542047800657734,1.312353889496709,0.08428119561596503,0.8474626990971235,-0.24987287999822527,-0.10411544264927741,1.2491797503486168,-0.04839568404957362,-0.09320162111867702,-0.05664117965080706,2.721926716070522,0.15203809071788754,-1.3390340059584283,-0.900906994236772,0.48638973737444857,0.04995753713332718,3.995978007535639,0.0,-3.137798468660913,0.09675859487359162,1.8581615712134791,0.28464407339012787,-0.334220772832694,0.0,1.1267724846343086,0.7175347695269618,0.08684325339540777,-0.22832193370474485,0.12084593615675487,0.32224317101983146,1.954459607297121,-0.2047133277125468,3.7045583802378435,-0.8193371347143596,0.0,2.9051154948076974,0.6471351003966674,4.282545571310914,-0.232574152306686,-0.14627926495718313,0.9022617599637073,0.10005003335851193,-0.2339182353172653,0.7480483709248809,0.5819997006240918,0.3063164804003371,1.7415974855810923,0.05560048500763415,0.4562745558418513,0.8499466087219965,0.3772634822990494
2002-07-01,-0.09556238765542346,-1.5716938588898,0.3302080138668728,-0.5150225976316314,0.2723560467041253,0.4092685097498716,1.1832085351298094,0.20304575503828914,3.1748698314580714,0.5988061510459275,-0.5284414020795047,0.44246604747115725,-1.1088470822762986,0.262009818083353,0.014302606008342877,1.454266200857024,-0.7241161256560602,0.11267357785493815,-0.03998800413187453,-0.2503130218117988,0.39797006840109894,-0.5783497053472253,-0.07159477663964964,0.15723273679499883,-0.6959128612077592,1.6873377575219894,-0.1822695500096394,-0.15898254540998025,0.0,-0.2642009462838324,0.31248350441033246,0.06464603556493032,-1.7341497737898948,0.1132146796820166,0.8321337378901283,0.8020047038438172,0.6148514488316881,-0.12384028897844956,0.6949669306033801,1.0449343709244552,-0.4872116824000017,0.08662953206735047,0.6497744227873525,0.16834959050600062,1.673679235552461,-0.19477815368214024,-0.41752862170758576,-0.5185965097271872,0.12578009495323172,-0.28008495784295206,-0.11337869695271507,-0.8235268893444392,-0.7085509654624289,-1.3572077545544126,-3.7653314713268493,0.28665325967072164,0.34900568905049667,5.040901513903551,0.7830556083546547,-0.2226346003082469,0.0,-0.41928782600351155,4.963874016964187,-0.13648491479099079,-0.1271455988196557,1.1834457647002417,1.080886601857367,0.17346058122083008,0.029810702262889066,0.48192864359499765,0.17133807786029465,2.547908530098475,0.30691305244356926,0.7392684599190069,0.9894663842673346,0.0,1.1812821616046243,0.17305688341107128,5.769199295570981,0.5327517552475847,-0.35563994217779893,0.5374751666739286,-0.2002002670671743,-0.11716462968909269,-0.203458869778661,1.431198819204882,0.01223316412310993,4.786892965010914,0.11110831345106931,0.1516300517964808,1.576074592259502,0.37563508482078145
2002-08-01,0.19103354079046397,0.6416328117202497,-0.03805516893722327,1.197619104671599,0.6326275052876973,0.22372846076255115,0.6477151903244938,0.202634314523209,1.2293910905719407,0.3972212841053313,-0.033218114898936335,0.37625543816579565,-0.06659254681720128,0.3880497188780474,0.10002598706595478,1.1784480035611722,0.985318706049032,-0.11267357785493815,0.6279611963705634,0.12523483164654792,0.8876752929513732,0.4340755594919976,0.4377156481717215,0.15698590351220787,0.2859850424043131,3.1110648856972123,0.0,-0.5584378293900016,0.229205721914294,0.2642009462838324,1.8058836531352096,0.611178032329196,0.223581973522613,0.012571500425107018,-0.02617230113086677,0.6324131749466666,1.2483205738369918,-0.2481416222863686,0.30067106388385056,0.6217643863513089,0.6086446056402295,-0.5120500100739278,-0.25941064055974294,0.1680666509208173,0.4140792666030624,0.4076722036389313,0.31331490825570185,-0.10404281556857242,0.12562208735182878,0.6538119833400025,-0.28401041527477133,-2.7793799261913055,0.9852299010453258,-0.06213109861263888,-1.6581509004393702,0.3794895717632585,0.36762920832247303,5.036855761474168,0.48379388024697434,0.37078277555253614,-0.09675859487359162,-0.9286685568204334,-0.8508309930085112,0.33467648220479873,-0.38240964384028686,2.054866822738788,0.3107200842748181,0.34602110648949136,0.09930487409919309,0.35992840296454887,0.07370830674320317,2.33110788684483,0.20408663867019783,4.433462764761131,1.0058931938671023,-0.09818361122553299,1.1377665373458523,-0.37633328965105406,4.434422605311994,0.08171047710510138,0.058757379224605444,0.7712883088628608,0.10015023370866238,0.11716462968909269,1.1474982476875617,2.160779881927466,-0.03670398279416176,5.631686314174011,0.3325992682650103,5.454557574005392,0.5368734003160291,0.6014270233905512
2002-09-01,0.0,4.047311801825648,0.27866744939073484,-2.4097551579060905,0.0,0.4590473009545626,0.7172263883226115,-0.202634314523209,0.6410278360916344,0.0,0.15149176381443752,0.8401260735935168,0.09145106359564892,0.4333204493333298,0.35645851361865155,0.396342845366604,1.1092340228182174,0.0,0.21836236964487554,0.4993768180487024,1.3961693143207832,0.844645150950285,0.5777023576923668,0.46948443042054144,0.3734998652150878,1.4270016154332321,0.3641953925177077,-0.2402884616309997,0.18058152141344763,0.2635047638005261,1.5230190153327605,4.749881045688831,1.870477133092674,1.137441173784648,-0.2621004470920951,0.1574803475065778,1.6668744457930096,0.6192033441694278,0.5986196708084535,0.2064069507223376,0.4842624475787538,0.4815433135791025,0.25941064055974294,0.167784660794279,0.41237171838615083,0.534859261058962,0.0,-0.33515839663476044,0.057926242206729484,0.5587148630267436,-0.05689900580252427,-0.784020202178759,0.29369250715465256,0.372208866437429,-0.07964954622607934,0.5996857794563937,-0.5170539509729011,6.40806526599218,0.3853569315989347,5.472927951663831,0.09675859487359162,-1.280427224598668,-0.3556541650123979,1.0830875108421623,0.6365393867075575,0.6083154953405945,0.18784639692932537,-0.08639309392641792,0.4752954783866947,0.0,-0.058703659983105894,1.0695289116747553,0.10188733896425717,-1.603960235792723,1.024701775534087,-0.09828010619088445,3.574351970587708,-0.3537279985553532,4.848968339794091,0.7594286566488861,0.7569538066214854,0.4128581505763229,0.9960241705056383,0.3506724809208883,0.602209916309171,3.418239670152534,-0.07344840579914802,3.0639651689051917,0.16587917090102877,-3.950769837551249,0.8757978970657998,0.6320310853015402
2002-10-01,0.19064377409296895,-0.474621474092185,-0.11390879870658566,-0.4364913084700994,0.0,0.535074686078918,1.301720342303625,0.5058179727351231,0.38265352813682263,0.29688391619275833,0.5823436528888948,0.86728578033064,0.6013222786703132,-1.0277555220842949,0.5677038351865171,0.6561647896712319,0.381798466009009,-0.11280067442420716,-0.0495859582728464,0.24875634718020123,2.866152226309948,-0.1791152189419165,0.644850076975878,0.07803355838831294,0.9860050119081087,0.622333832679578,0.257968967893607,-0.16051367812295325,0.15624064232371282,0.1314924581309107,1.6270145977979045,1.5822109263712747,0.5171168247033897,0.012427763639966116,0.27954940892307434,0.5492363748027529,0.48308821272802227,0.4926168332110237,0.4911723963721748,0.4115154022022338,0.48192864359490883,0.5588917316927677,0.645579597023449,0.2511503249121638,0.8196767204180055,-0.5718517704976556,-0.20877433653465616,0.2458926018207741,0.15016226998341153,-0.28043867622331575,0.22740203091089484,0.7682739064623689,0.36367526546099427,0.43249990186016163,0.07964954622607934,0.43979590046161476,0.23897253232672,3.518712113413791,0.9569451016151476,-0.28070193869838,-0.09675859487359162,-0.34423441909741115,-3.4881422731948053,-0.2451282021649348,0.37998779097749846,0.20195227328292376,0.15939246729312906,-0.187441479434991,0.7185423897255738,0.0,0.6426550712148149,0.4548908526369466,0.0,-2.5584007246211904,-1.191798330689764,0.0,1.30632374622337,0.1320449144503577,0.5245422293064017,0.4582835895233117,0.3236999892010317,0.9373237928108402,-0.19841276350471837,0.5817352065914605,-0.13351136829697907,3.2338371506549723,0.5617306259303234,0.9609683560260152,0.16560446752045266,-4.268940869505311,1.4802069074542068,0.2868219397076152
2002-11-01,-0.09527645574261001,3.030866711524549,-0.07600282289530469,0.34934533345607477,0.7181359408663823,0.5451726898312081,2.975502196393176,0.7038741981477692,0.6977510071979331,0.2960051239450756,-0.1844870287333933,-0.08854331227139411,0.7047138555167365,1.0552820639392557,0.7613027519462356,1.0276549528718704,0.15054242382639416,-0.33917961744069913,-0.09924574057977864,0.0,0.476191376024504,2.3913990537029584,0.6844533565233846,0.38925701155112513,0.15392540928989007,0.8364435114830204,-0.3153764826952177,0.48077015681053936,0.0,0.0,0.4243430936964554,1.765920809564836,0.02150683146027177,0.06211566135494451,0.45260761397765137,0.6240269860083636,1.599585751228494,0.0,1.7660584268338386,0.40982889082354923,0.1201201345634395,-0.23913991420601022,-0.904990237583192,0.3338889118734478,1.217053562025372,-0.29643375111438885,0.0,0.46035127334191905,-0.3337105995419698,0.09405931867059181,-0.3982935564077472,2.020333721874179,0.08850226912491266,0.8594282487334404,-0.4788516731796921,0.8055031893120734,-0.6585535674602738,2.460202395832045,-0.09528347552727467,2.1551060003610623,0.28999536997904585,0.5159082810028082,3.25235252055851,-0.2949492122281683,0.3785493479481872,-0.47185797019944076,-0.0843525988436511,0.0999500333084491,-0.40292914815216463,0.0,0.7224207599026755,1.2030220276540327,0.1017836343186751,0.6195847242688401,0.42821626280931113,0.19646371741641744,0.5896155246409407,-0.19813281375862246,0.9669097272023919,0.0,-0.24358633101524418,-0.11668612759203612,-0.3980104756627689,-0.4651171175731328,0.20020026706744076,2.8702367262245065,-0.03653857905581148,0.41753714104801887,0.0,-1.2539349252734588,1.1882865398089137,0.45759012402126037
2002-12-01,0.28558294657070604,0.0,0.05067496630930535,-0.7877502443094819,-0.08948546458427131,0.23273866207755844,2.0780348393815817,-0.200601872686601,0.25252538671929337,-0.39486852827232966,-0.06134733444635998,-0.4426114205379861,1.0773903227736525,0.3336387971882182,0.28052443094912505,0.7555978988953882,0.5911173416786042,0.9019269102441996,0.287541718120643,0.0,1.7996613125602412,0.6977178138830809,0.349192847186508,0.23282897595908736,0.3319913908417682,0.9775593934633342,-0.009569107685525324,1.5073668985725597,0.16798660057917303,0.262467342277084,2.3877075232146883,1.3247872440603103,0.691126940971909,0.012418503586175689,0.5628938872200173,0.6974069336074251,1.73263333477367,0.1227593893784018,1.160263941963846,-1.0277512437481207,0.7177064300363689,0.09710902474684424,-0.12995201882759488,0.08329832798388281,0.40241502997249157,0.47202642134083206,0.0,1.2441725626355815,0.03992627709576979,0.46018064521140545,0.511800946574148,2.478369827533955,-0.11506565393553103,-0.24479816386397957,0.07996801705631995,0.43436488974668563,0.11006054440336754,1.1523467282323008,-0.09537435153097462,1.5017347066954123,0.19286409064056542,-1.8174450922098018,-0.3820695000028351,-0.3452105511823511,0.7528266420790963,-0.6779686985378675,-0.24408573890846164,-0.20000006666665016,-0.029546462026086573,0.23923456386203412,0.13794828100630596,1.483706743046831,0.10166429577918024,0.5168130886068489,0.05083734016642083,0.0,0.24523026826477334,0.2700838901329661,-0.5939141436962725,0.5766023350332716,0.1273240077421356,0.2914604220081607,-0.2995508979796391,0.11648224962925724,0.730657518243838,1.6306547584803877,-0.4272728224043121,1.3010236736015202,-0.22086695690326508,3.411183450686295,0.12296274680707597,0.3889450429136658
2003-01-01,0.1899322993265784,4.141437896625755,0.44233942246707514,0.2632735175800427,1.2455677046919078,0.3995623025444317,2.2253071724307016,-0.10045204260054064,0.5658613024152714,0.88627159778083,0.07987117733501137,0.09781768788981182,0.2927426548511747,-0.6998275899154471,1.155762163702878,0.6458816719864036,-0.35248538434355936,0.0,0.00990049998339515,0.1241465088065219,3.235761508460211,-0.6277265599322845,2.453318652387182,0.46403795565019834,-0.41238957658604747,1.6576150860196481,0.12436328299330057,2.0265697459580956,0.19163977598246618,-0.5256253888826556,7.260726754412827,0.6292270921618659,-0.512485271405172,0.16130036377681733,1.184664897774823,0.8458335702738573,2.2764217763416195,1.219539767013611,0.9471986102477903,-0.20680890076270053,-0.3582093382505036,0.35829131778073453,0.12995201882759488,0.41545401621077005,-0.40241502997249157,-0.22658315032719756,-0.3139707416933035,1.7622559824386652,0.2015147595987976,0.6471048718617034,0.2832060799718761,4.137585773020502,-0.7556630558327448,-0.552996800946115,0.31923410989729284,0.40343907878694907,-0.8838948667204249,3.8647573271775038,0.6657181029179782,4.698184541264716,0.1924928409584581,-0.9653431700642479,2.151493718459907,0.3452105511823511,2.347235618514265,-1.163201620249943,0.1596619263801724,0.20000006666665016,0.22630009165727216,0.2386635977730478,0.147589098377221,3.899410993454566,0.0,1.7093993074650538,-0.5958246447709925,0.2939737540926579,0.8013665906629441,1.1857022160356223,0.8895536790565206,0.971333563366894,0.3230189369525682,2.8688140653388317,0.697561373642408,0.8115986578179246,-0.13245035048905507,2.5552353044227427,0.694912884842136,1.8223075813945222,0.44126021096078105,-1.5361285161486826,0.8078513581796898,0.7778907515097614
2003-02-01,0.0948246913607953,-1.920473098292641,0.6911737733986456,0.7856871495219409,0.0,-0.21891709212971122,1.5580311403515346,0.0,0.8739131773437769,0.7812564843479031,0.09840742724422924,0.8031065926976666,0.6588561595695985,-0.025923288006968193,1.1151713525359597,0.8103617284794584,0.10587613482417879,0.5595981610375667,-0.019801980262723617,0.9876623495912007,3.901051872265837,0.2096803144606696,0.762392511065979,0.30816665374078234,0.2119464996896525,0.9577121934913446,0.6575543871192302,0.7686432924156605,0.6916316623470031,0.2631580466055716,8.895248161317948,1.5053149101232677,0.09617903103213976,0.024792364079040397,0.6888660995183926,1.293285427857871,5.831775954768892,0.7246319252196542,0.18552022969959836,0.20680890076270053,0.9523881511255716,-0.13668675878775183,0.38885798524512794,0.16569952244864794,-0.40404095370045745,0.8078635668869794,-0.31495962357430685,1.1364977048865743,0.365877550462379,0.5476395553114521,0.5077584957062342,-1.1155447874976243,1.356108847218973,0.552996800946115,0.3976148379640332,0.2773887870063163,0.483092726966472,1.8750888073462146,0.18939399600697016,2.804517776472082,0.19212301778939178,0.8779687652045176,-1.4493007302566419,0.6134988567516153,0.12202564052294917,0.343524899832115,0.46812181731574753,0.0,0.4706352446215867,0.23809535057415232,-0.0159818020229352,1.824612022780503,-0.10166429577918024,-1.092852070526229,-0.219930858889672,-0.19588644853332227,-0.6310608283414787,0.24846203032824477,1.1738946248512239,0.5019162564339652,0.8803087704970736,0.11305823702842943,0.3964326301910237,-0.1155401630555275,0.31177432072961864,1.5288315148274112,-1.3946886211468446,1.3466866367946473,0.7675541678509923,-2.3493641241388197,-0.10978123425093855,0.565980196896893
2003-03-01,0.2839610927852121,1.6295249526602884,0.2751348937329645,-0.5231049417552036,0.2649008171577094,0.06443714379811283,1.222643993493877,0.7010544486216297,0.4341092088658183,0.29140473164055436,0.4016862557697287,1.1609239395637516,0.15819122410549724,0.1344119616324413,1.0351440560278036,0.6446742084683432,2.068407292398522,0.1115424410603083,0.17807681793327035,0.734397425575839,1.7572947433835306,-0.929423612864344,0.5638084527530118,0.6899222460271748,0.690891239955782,1.3461828498178452,0.2750732616489948,-0.4604766386748338,0.40322635279386176,0.3934431304834618,2.4615645287885624,1.293503665765794,2.2457638095287002,0.11148963681932855,0.43130854633579574,0.377216592142382,4.4777280140149145,0.8388391182324817,-0.18552022969959836,0.6179223529245714,0.7083854888405128,1.0338351336516283,0.258405159974906,0.3305776227452206,0.40404095370045745,0.613984895737385,0.31495962357430685,2.630346279189988,0.05764796470177913,1.179216434143271,0.2248455135009486,-2.3348974179416615,0.2813177729033889,-0.552996800946115,0.0,0.6292536205727117,0.7601556907669504,-0.5707224881432715,-0.09465216040309699,-0.6937902316773936,-0.19212301778939178,-0.08745081449319514,-1.1536572628415787,0.9496053827230178,-0.734397425575839,0.6153865574377804,0.028017744754871288,0.09985023295895346,1.108960781147239,0.11883542693800209,0.070046565368731,1.2439690475639864,0.0,-0.7147133037199271,-0.3860315291351668,0.29368596733085894,0.4034258563828885,0.28909427491470296,4.00339379145227,0.7089434970487751,0.5123405964419625,0.22573373016498977,-0.2971770389157413,0.0,0.48407338321787563,1.945002861518219,-0.3208294953336299,1.2332565650328142,0.5989520627609934,-1.43657698020343,0.5840886345247931,0.48400988099210573
2003-04-01,-0.09455568091132349,0.37889903017314097,-0.2500924750048483,0.08737440485955261,0.2642009462839212,0.3087216241548951,0.9652634603109167,0.0997506317125918,1.3522025331973442,-0.6812700236369373,0.1985723186467503,-0.0959143492562653,0.7925728531255949,-0.17925405363605762,1.1451879376955354,0.956610815007819,0.628580878811924,-0.33500126999044255,-0.6346079800469973,-0.12202564052294917,0.28875922436344403,0.26392203231893063,0.9686923347354437,0.3812433134655624,0.8102806923872663,1.3485444572889804,-0.12322010251297755,0.6899222460272192,-0.1421295987217519,0.5221943981151611,0.1555547970297333,2.1531564369912104,0.09182372772187364,-0.06192334088508389,0.44626016046036554,0.5257240797970297,2.381037439093081,0.11926180908226058,0.28527511556109,1.2245065025135116,0.23501773449536856,0.15242199721705596,-0.258405159974906,0.2472180266553714,1.6000341346441793,-0.3659565925850039,0.3139707416933035,1.736309618848031,0.02881152480904703,-0.18008001566665044,-0.2811359737545871,-0.8016255491745117,-0.061472670934215046,0.36900410874531886,-1.3583908434813274,0.1705776427377792,0.039848575940659714,5.312611698134262,0.1892148152039752,-2.2400936689167317,0.19212301778939178,-0.17513139327345328,4.436003207496553,0.09688749698213428,-0.7398307481444988,3.219593980048696,0.33560206757350386,0.0,-0.04838163527551842,0.23724803536300243,0.7660173291869299,1.0929070532189833,-0.1017836343186751,-15.217778306253527,-0.655603851977915,0.19531256208829006,2.3164739744420793,-0.04124804866822984,2.4914783543286134,0.49589035456865105,-0.35441930314874526,0.6181531344215507,0.19821612039896408,0.34622077284716113,0.6357777704230294,0.9837325029545152,1.0817560927134373,0.9456996700597742,-0.21738590137641012,3.631022405659401,0.2302581442228835,0.3182065170856429
2003-05-01,0.0,1.4818895830257528,-0.2758247975732431,3.1803281977704323,0.0,0.012842740658580709,0.6082303335464445,0.49726606693774045,0.6086446056401407,0.09760891082821743,-0.16037316550603364,-0.38334463797253804,0.6284664623825265,-0.05152927409701746,0.48108195136977727,0.5254536448701774,-0.3956313752552454,-0.22397130278051236,-0.08956561279438446,-0.12217472503222027,1.1874840965467204,1.94890455874841,0.1743679604827797,0.37979536727585916,-0.09273256532180696,0.33086431446451847,-0.12336012137428298,0.457317870196583,-0.11859583932736228,0.0,1.0157170616416078,0.6168489576506175,0.41566666919701234,0.33393142155446753,0.2517202201776314,0.14970062675923046,2.220817001064912,0.23809776307741615,0.2844636111170029,0.20264268348300085,-0.11743982559417887,-0.15735062511543774,-0.38885798524512794,0.24660836600967073,1.5748356968139365,1.0350528603278342,0.20877433653465616,4.392508080167312,0.02880322616052311,-0.180404888906871,0.617459160731304,2.3534703553266034,0.03513551741187726,0.24524843684199382,-1.132698194467574,-0.32319270917140486,0.3281462696961057,-8.374244016077625,0.659446572528033,-1.828920998331185,0.09592326874594548,0.0,0.9040744652149435,-0.07265682082771008,-0.620734457433425,0.39525743158232984,-0.28892326357046194,-0.19980026626740255,-0.03872216892526481,0.11841327612165387,0.5615853728805575,-1.0929070532189833,0.1017836343186751,17.354126746346132,-0.5963640259479597,-0.5870858349784847,0.39262218004196825,-0.12974760017883114,0.20484814264740692,0.48048920440040277,-0.1184232087743986,0.27972046210607004,0.09896091851677724,0.45977092486291227,0.24246619747998466,0.9541464745510986,-0.04891769695198889,0.372460613480019,-0.16335011055419457,2.7524673390089127,0.0,0.41018585762362686
2003-06-01,0.18902203850839072,0.3133979882098181,0.28834365561962727,1.927164795871139,0.0,0.2052598539775019,-0.1502200569327261,0.19821612039923053,1.326119494138478,0.0,0.001983159634644238,0.0,0.3268273414379408,-0.2333920857304328,-0.05333758460448479,0.6681539333482256,-0.6050671065937152,0.33576313454286577,-0.0497933585949184,0.0,5.008157004400804,0.1549720499566476,-0.2076154048917367,0.22718676943167537,0.06682859098008365,2.0565509128663617,-0.11402089464835896,-0.15220703090692567,0.1896858897146636,-0.13029317804162943,0.6004092229279667,1.1177781100657036,-0.18385658399679983,-0.04940101372543637,0.26780499728165097,0.298730617973586,1.9807626118673927,0.23751617784988355,0.18444453761077284,0.6054515294554808,0.11743982559417887,0.0,-0.6514677045512229,0.08208015615371878,2.3167059281534286,-0.5802819331931275,-0.31331490825570185,0.22763497195841254,1.675431861204757,-0.2726434715042636,-0.2240897296287514,1.2697283017183647,0.0,0.06121824494842443,-1.228013794659244,0.0825810498331414,0.14880217020740716,9.838093886911059,0.37488328815191707,-3.5562284827275192,-0.09592326874594548,2.081601613772488,5.069311431551737,-0.461389842304083,-0.24937668784019706,0.06572461623379766,-0.20554991820977975,0.0999500333084491,-0.4658393517320114,0.7075501216199598,-0.0048478576620603064,-1.5225207597065804,0.10166429577918024,2.6477023540310896,-0.1578959643632416,-0.29484050842967235,-0.8016967557087362,0.3358179136151662,0.34048381548386075,0.2587658320605257,-0.2768486201320641,0.11166947000749161,0.0,-0.45977092486291227,0.24803185060990884,0.07996168722614883,-0.5765825947190883,0.16078510934782742,0.10892971638458704,-0.60514556833553,-0.1817377378477758,0.3546579054961636
2003-07-01,-0.09446635759706723,-0.3957336640789233,0.1876076555444861,-2.691499727127855,0.351185611153948,0.6005256659693536,0.19976870537221636,-0.29747171167420206,-0.05989817489657767,0.0975137287320571,-0.8048782736827853,-0.08638037014749855,-1.1716242600349425,0.28788670632939883,-0.14683749837676174,0.7975090632622805,-1.3881230356207475,0.22320943822808914,2.5375082965223505,-0.6131227054936517,3.59342867041188,-2.297351297497663,0.033247444408956994,0.5281038301613528,-0.6292027415594426,1.1877457341544329,-0.5242254311776939,-0.6111554546002651,-0.10665403629950276,-0.13046316266649427,0.385226870946731,1.0314482002614866,-1.9478361606145356,0.09877763489898328,0.2670897172455611,0.3721626922994936,2.4782927408113498,0.2369693631537828,0.0,0.801592290050257,-0.7067167223092419,-0.07877770662156891,-0.6557396518166669,0.16393385711790387,1.5151805020602538,-0.11843665024393601,-0.20943016997225783,-3.040629957559693,0.0,-0.08913198641735676,-0.22459301973052348,-1.8632894815345136,-0.8642781455681536,-0.06121824494842443,-0.744112569468669,0.1448191628575124,-0.3376033392235023,0.8766367381986662,0.5597029536718701,-0.0683293501132276,0.1917546129271308,-0.7755316767477538,4.006124895294549,0.0851529763759018,-0.37523496185505323,0.7201340450184723,0.5688987131717838,0.09985023295895346,-0.15576327136841428,0.0,-0.2937823393343031,-0.6997929187645191,0.6079035513188558,4.906207485174274,1.0945339170570278,0.5888142625223303,0.09311854662987784,-0.3712328590920855,1.0145504676268402,0.4769586869815434,-0.3462448889065328,0.11154490838665154,3.880215185647895,0.0,0.4710038166138908,-0.18997113682295286,-0.41918443824524587,0.4973485052861548,0.10881118865375683,1.3564639034139958,-0.5106333893373893,0.14549318940369171
2003-08-01,0.2831570364315361,-0.2892937805021756,0.2745169209955378,-0.5128216366920846,0.0,0.6349227678657421,0.33941491119624523,0.0,0.41853573801917676,0.29197194541872307,0.23251659656970958,0.16514787308583578,0.32919577027534785,0.0679586387613007,0.320084813922783,0.4133534558576457,0.6047610350850441,0.0,0.5713471214678023,0.0,3.016783037716797,1.5027366483150395,0.05815644246505158,0.6016348186148157,0.45862175038280384,1.0457630631418358,0.13370234818230742,-0.07665772701948015,0.2368546820230577,0.2607563407081237,2.215837390706188,1.3524314330162213,-0.04093829193037024,0.2095790694998101,0.27469114537970185,0.887579791396842,0.553669032912163,-0.2369693631537828,0.6640780356902187,-0.3999929594261431,0.589276896715063,-0.0788209009392915,0.1315022247164066,0.245385712944568,1.4925650216676356,0.7183302720663143,0.20943016997225783,-2.5159839323572797,0.1509291862776152,0.4520253755910808,-0.5071862097961066,-2.537628669482972,1.3198564313821493,1.0356473924161946,-0.0830220055989983,0.2995364601274808,-0.06964827902056214,0.8764559865314325,-0.09306654929543967,0.6812015442505093,-0.09583134418118533,-0.6944472352810926,-1.2867824611392464,0.31564916337796234,0.2503130218117988,1.3605652055777462,0.6581105460096826,0.09975063171250298,0.019483682477527964,0.23474189183056993,0.04861056923672891,-0.1405481608734327,-0.20221366696926424,0.15878983044741446,1.0079587676518287,0.09779951879753668,0.8194183889036921,0.324168497710442,0.6038260547083674,-0.3607321613388059,-0.028906984985965778,0.0,0.3798675033214849,0.5743841179251419,-0.12615981046133484,0.15998323328112463,0.36995972644646713,1.1563990427830184,0.37992230633818735,0.8941937375662512,0.21915718710001642,0.2898604705970615
2003-09-01,0.18832270149706787,0.0,0.28619090954506987,0.17123291855130063,-0.08768084735351067,0.24021757553009948,0.7770353769663174,0.0,0.17883760355150713,0.19417543865793974,0.14479199108849983,0.1910890791165798,-1.287176149521585,0.509454045058888,0.21282752795004356,0.13045295108238264,1.784060482384664,-0.1115424410603083,-0.019314340958143106,0.6131227054936517,1.4927887290582476,1.6341638278082549,0.7859399297888814,0.6831794291702664,0.297324277031219,-0.10829162507008938,0.40953959997276357,0.15325673497770254,0.3778044635534883,0.26007817000577305,-1.355015982977248,2.1332216169407836,1.887115507021342,0.24600258408629117,0.4147662520080253,0.44085302847651775,2.826631632601062,0.5913738265888036,0.3654861028262957,0.0,0.11743982559417887,0.7072553668977299,-0.5270125400728354,0.16326476152812575,1.470614738969367,0.26438203894265655,0.1045405717210457,-0.6822201976006692,-0.06600349115215565,0.9007933469670881,-0.33955890011379,0.32150467487412904,0.44481527159740963,1.2048338516174262,0.3429329070485654,0.5935498946239903,0.34775731802607623,0.7704883278863317,0.4644690189325118,5.610180996806369,0.19157093981396756,-1.0507977598416929,4.786466664848943,0.9770296646182786,0.4987541511039417,0.44943895878413187,0.5987214495438042,-0.19960086467145643,0.5536951345341379,0.0,0.18939232092876068,0.1405481608734327,0.20221366696926424,-5.068578667981516,1.3615375626880422,0.09770396478270271,-0.1367205755697043,0.06470778778071562,0.6002018684997168,0.28354188348060916,0.7237885349126394,0.16708441648178862,0.6613155891718403,-0.11461319306222961,-0.007237095060297349,1.339783542418882,0.30725766199442006,0.7978116182234984,0.3245046176920674,-2.099027589183766,-0.6834333780079582,0.39366378517922374
2003-10-01,-0.18832270149706787,1.3940199686361954,-0.3235789745105855,-0.514580895340444,0.2628122406270528,1.2424078992039789,0.28949011703591765,0.39643263019080166,0.11904763310726096,-0.29140473164055436,0.5059043379834982,-0.1560914119371759,-0.6635974551419288,-0.2782652181263501,0.06641480087621332,1.1613267881387834,0.812143809916499,0.0,-0.10629560840440533,-0.24479816386406839,2.561380701664584,0.3916565244897363,0.00824028676662536,0.6785437400127048,0.671836644552215,-0.5018544779453737,-0.10460556223783612,0.2294456073523854,0.2118894259512949,0.1297858715599176,4.197467751198181,0.9625261006290131,0.35878406784144445,0.0736829211771095,0.42953973196668827,0.4389180418765015,2.0308147729730663,0.705062963291514,0.5596719331517175,0.7984163240047693,0.0,0.4687522928359833,0.0,0.08153253175544606,1.4493007302566863,0.14657744354931168,0.0,1.3393517292404677,0.13196344642922853,0.08792139008848565,0.45248945982896416,-0.09998031523767992,-0.06093754343829971,1.07207697451015,0.23716696963220762,0.36598294681118304,1.075332218611802,0.5568721690190959,0.3700281742856859,0.0,0.09564802259571792,0.08798944694401456,0.8779687652046508,-0.2764590978905801,0.0,0.6385717740187147,1.4586820767115594,-0.3001503003757122,0.048423806088759846,0.11716462968900387,0.5419148455099609,1.9472103412820019,-0.20221366696926424,0.46733801952743015,-0.37133438077399106,-0.09770396478270271,0.37276981289835476,0.31118834377599214,0.5966209278572165,0.3212338130183845,0.06815262269830313,0.0,0.0,0.11461319306222961,0.5833507586019415,0.9223715905045005,0.7092228309492299,0.5229827259086939,-0.10805978566388319,-1.6807118316382486,-0.7744828166256212,0.3624285885256621
2003-11-01,0.18832270149706787,3.3236374541216307,0.18681324942901867,1.3663748018706734,-0.0875273578856195,-0.5251981560778773,0.33963973797925817,-0.8941937375661624,0.2970005153185795,0.29140473164055436,-0.1258473585342479,-0.3053711071047793,-0.12445260478406439,0.0002056821928775321,0.34465095689837355,1.410078000005699,0.11912867304024743,-0.22345882893013425,-0.22262023422499055,0.24479816386406839,5.840788265629504,2.1520669151538385,0.3290559073099608,0.673970537691293,0.32547397769295827,-2.069844832830725,-0.09519429562763193,0.6092935833381219,0.11752263663140639,0.0,0.7713797962530577,1.5173092441226999,0.1888485053694211,0.07362866942033364,0.4523220015030027,0.6547858971130083,1.4482655489554297,0.5837629852208259,0.9305055789590622,0.19859405051483314,0.0,0.15577618900732837,-0.13218515595418978,0.24421171751409787,1.0733555643109849,0.16586178737760804,-0.5238404422971854,0.3609497568181741,0.23521674296889117,-0.17877618884778457,-0.2825658845329926,2.5468599888339494,0.24351505028619158,-0.713439411387462,1.225608275972423,0.8265817281801979,-0.15712465178969737,0.6145911109337376,0.09229349985995228,2.409755157906268,0.09555662456683933,0.17574696966473624,1.3026671400008905,-0.2530884146961121,0.12430082395971098,-0.31877617048730045,0.5955621285121282,0.10015023370906206,0.16446576531663482,0.11702751481905693,0.2770710075307825,1.368010390408081,0.0,4.123653925161941,-1.039438392854386,0.19531256208829006,0.05524353330805809,0.07032349094320267,0.5930824633274767,0.24344941231388972,-0.2081775003826003,0.11123471669742813,0.09411765400630934,0.11448198159325074,0.29751246851850155,1.2617915009950131,-0.4396148245004561,0.1611950271129814,-0.2706421663580372,-3.92823483346616,-1.1418830644312372,0.3577435940407587
2003-12-01,0.18796871363306877,0.24576314223678786,-0.06224068935951621,-0.4249900149328134,0.0875273578856195,0.8986580697845525,0.5185004771806945,-0.2998502996255148,0.059294398416742666,0.09694651173655089,0.019369034195726442,-0.3239259291103913,-0.04306507981652885,0.37661924655685297,0.6068536959976001,1.24752242935946,-0.9226891603473675,0.7799429072179009,0.6374985368711172,-0.24479816386406839,3.6422353255332496,-0.5336903928188086,-0.041072822690946253,0.5860209320094789,0.1710793786836362,-1.811339328178807,0.08568255056946583,0.4545462371675413,0.10565241342002096,0.25906750240931586,0.607686898355464,1.8693854382535235,0.430078438794812,0.4039914902674191,0.580897522217505,0.289645387145665,1.3093011323559445,0.23256061901273384,0.8122850290175787,-0.39760730646358766,0.35149421074445186,0.3107890645192679,-0.26490808077257455,0.08125527566678059,0.7092228309490967,0.3503312263484659,0.10498990690583909,0.6707569442019334,0.2065340576447916,0.4491859492867789,0.2825658845329926,3.0183172818437853,0.10418594361576439,-0.8388305626634285,1.2304465873975712,0.4289775229004533,0.6172556706732557,0.3664652379959499,0.46019409333704075,1.5542743725920793,0.28612322810310786,-0.9704531389179039,1.7109057197618682,-0.6416098519191671,0.0,-1.5444322427471846,0.8956620556012318,-0.2004008686715686,0.5687036388898115,0.3502630551202479,0.05774089460377496,0.9465925988882518,0.20221366696926424,-1.3406829361688022,-0.9430994150247507,0.19493183560488347,-0.022093751240515047,0.19898174763399723,0.8354971080232865,0.12789360996379173,0.08977978561652833,-0.05560189189681708,0.37558729598066165,0.0,-0.10089011507323775,0.4234826280030468,-0.024479804283839002,0.6528625960991796,-0.10845714808285223,2.2187914975362766,-0.08741400564291624,0.2943649762585454
2004-01-01,0.09385831203925221,-2.7566689570636793,0.2983675676711428,-2.5012084399703483,0.08745081449319514,0.6070009346593963,0.7569264573529022,-0.10015023370897325,0.3424028168103277,0.09685261649599042,-0.33976806578666086,-0.18377013492525407,0.6875688913461353,-0.43941816301860115,0.877367999870593,1.6872367404799693,-1.0179521994002627,0.0,0.2884340044086109,0.0,8.830300923858037,1.5267472130787496,0.34938462298139683,1.9016695435309483,-0.7037299549604192,-0.7310465334458005,-0.2763434325265379,0.6779686985378675,0.0,-0.3888533739692335,5.474853905029775,1.0798163085551593,-0.6563902217985529,0.10989683015809604,1.5220501083486937,0.9355951657559203,0.929622760629556,2.0690448417132856,0.6423851090147537,0.39760730646358766,-0.46893403633863073,0.0,-0.13271144696371806,0.1623371237105431,1.0544913176615989,0.5328695455474985,-0.21007982987626406,2.4941276844684612,0.168665707151483,0.6229734219272309,-0.16944370052405233,-0.24112998249083972,-0.7140954165070212,-0.48250998317564964,0.7683065524521915,0.6195832862204043,-0.1759703259834211,-0.10664599391678742,0.7319337342269527,4.463949807887513,0.0,-0.622500898584466,1.0126668817927786,0.012144028189009504,-0.12430082395971098,-1.10858650817649,-0.08920607192832719,0.40040093533821874,0.5368111050372271,0.5810591595466263,0.006004202581166851,0.2688173661799631,0.30257941887139594,-0.1540403694114456,0.1950179793005269,0.22174228108591265,2.0232904990753475,1.1047266255548749,1.0343322928593857,0.3699691660220772,-0.2192121124981128,2.417700178368687,0.7469689260008128,0.34266167166494554,0.2517876320557555,0.6605136259497435,0.7682496172016329,2.163330290024046,0.4871591001047726,11.95230743762572,0.43632599249150417,0.6271598667752757
2004-02-01,0.3745297354026178,0.1694512995133124,0.3716931939974799,-1.4958483930334943,0.08737440485973025,0.19740907089520476,0.6080108893270708,0.40000053333448804,1.0269666637456432,0.19342427355955039,0.016697430551460002,0.008811508872952345,-0.08364957440472054,-0.1469958207359845,1.1923413737860322,1.2847722448231291,0.15595220627409034,0.2217365503131674,-0.26917916657112073,0.7326040092073605,10.663469630050404,-1.7410234434511729,0.4747243903564957,2.0268225236694803,0.046079164058276945,0.7900142002458921,0.561398890580822,-0.2254792387089033,0.4214969359312093,0.2594035177046372,0.5260220180717035,1.2110486653034158,-0.31014675929394997,-0.02441108275261783,0.7364746704749514,1.1396134730869534,0.9608568439547049,1.2436538618874948,-0.09541741915004565,0.0,0.8191970914587898,-0.3107890645192679,0.13271144696371806,0.24302478637707736,0.34904049397677106,0.0965810389929267,0.0,1.782089657011099,-0.10303967938964931,0.4416064517610785,-0.2830457593049118,-0.7326885403827088,1.2851795993563897,0.36210057669521234,0.4594573355527487,0.5963980687408998,0.02934989993201853,-2.343176747545872,0.3639676447448892,3.47861160854146,0.0951927725383328,-1.2567490363522005,0.5025136202674751,0.4482954136469708,0.12430082395971098,0.1310616177121915,-0.3397106789234883,0.0,1.0745123113612642,0.231481584845028,-0.15160468085797518,0.13413818242025144,0.10065669371730479,2.2857027461774315,0.34172165998871407,1.104983618658295,1.8946731064350075,0.4384959714776038,1.0279979483382107,0.1272588616641812,-0.24133142804263485,0.21691982475458005,0.2786810907179138,0.7950070265458464,0.022903419296582683,0.5139050937343459,-0.7682496172016329,0.015658028686083014,0.538503383319533,4.087762579617227,0.310507658388115,0.4885985580394578
2004-03-01,0.37313224257440325,4.986168647127931,0.1359499815768217,0.4422828970001902,0.0,-0.27153805872259795,0.46878986085574503,0.1994018606865211,1.0165271776849671,0.38572976401907155,0.21395993399142554,0.4198742203043615,0.8825917730776567,-1.1531088390690947,0.9871223826428022,0.45937979552004293,0.6299912961438281,0.3316679123479993,0.09621861610229487,0.3642991278500318,2.317103579096713,1.2275201810039604,0.3420182390436288,1.6713480973740147,0.6953382449459866,1.4139657884488788,-0.34216900043588794,0.0,0.39645574316136134,0.12944985626459626,-0.08448621693220026,0.7683292299335065,2.445005680589585,0.7418702313395364,0.7152537843968965,0.35348216374933017,1.1119095670167667,0.5602161417100682,0.3675349034437225,0.0,0.4651171175731328,0.6206337706350595,-0.13271144696371806,0.3231008814691627,0.6944472352810482,0.4526855792145845,0.21007982987626406,1.2281927849758123,0.08431308757463896,0.9661272946423161,0.45248945982896416,-0.805201798195343,0.043130778092415056,0.24067400305645137,2.2950614502430966,0.33829452972851115,0.41973803632338047,-0.7325492468689632,0.0,-0.2853068982406448,-0.0951927725383328,-0.45269429957777163,-3.0536723860082216,0.866639993239815,0.49566396399285395,0.26160904390515327,1.0156894159128793,-0.20000006666665016,0.46237402498174873,0.34622077284716113,0.23091812622890728,0.5347606326595589,-0.2014148072289501,-1.3452769719209279,-0.10004441322593038,-0.7017572658644333,0.06726021104226376,0.6369996576032655,0.5312569741247941,0.6212381311032189,0.7508919849380291,0.3784811222560691,0.18535686493250658,0.1130582370287847,0.22358686296319874,0.9541438636392119,-0.07347538905131401,0.5983835530526171,0.6423969232757898,0.6653384490737047,0.4701169935498406,0.4121512163118668
2004-04-01,0.0,-2.3896764819341776,0.5419467959651314,0.9661910911737515,0.08729812863439435,0.02471576878617654,0.3692389070457658,0.0,1.0062977998622102,0.19230836006824958,0.8399736438709837,0.3668841394192768,1.7093447296052666,0.4134197458796507,0.445495151264641,0.9100737517525381,0.7029604601048511,0.33057151171451693,0.46056500525821775,0.12113871862977632,0.6932143746128716,-0.6293663199150146,0.8300462677308218,1.5662027274988777,1.3604189693129598,2.4360834341471627,0.019033452011019136,1.6418279246952494,0.2556951648806205,0.38734715957966515,1.5661495996796226,0.990521184301052,0.2847830496554238,0.1331961206789245,0.5291644460896805,1.0530107829911373,2.3579917472437373,0.22321666704101517,0.9869476997219628,0.0,0.23174981403624173,0.5399242152110517,1.1881344539039773,0.2416424136260531,0.34542348680890456,2.101536952244576,0.0,1.0489940114518426,0.07488533533530628,0.0,0.2817696989625418,1.3048201825731631,0.27559984365392864,0.1201201345634395,2.92404239338091,0.15078805626256298,0.6408411095482514,-0.04502476438048575,0.2721090114361502,-1.9037206020084518,0.1902950146086546,0.6331997637506248,0.25806465934916645,0.32306339794478944,0.12353306079928572,0.6510439662430478,0.9528082669429061,0.0,-0.018830618641363372,0.34502621921514987,0.8469106426001183,-0.2670228555880172,-0.40403497232901486,0.08095949978019767,-0.5979687320101235,0.6018072325561619,0.8632741549106093,0.8373970150693744,0.4013533855895979,0.4539730369159223,0.021475870092135807,-0.5954009470106492,-0.4640379556504204,0.5633817718254441,0.6395046141670413,0.49707373469343175,1.144957696607296,1.2271357907670755,0.3196638368804017,1.3175421158563516,0.11102713969135536,0.4904949805636761
2004-05-01,0.46447210637055036,4.648752154206148,0.3800564378526161,0.783634832931579,0.0872219854685774,0.40693070519717267,0.5085474475704288,0.2983592466888396,1.3673301900210433,0.8608281092294945,0.23089243679672578,0.5210925269177658,0.22584973122832253,0.6037503302234626,0.3802796995265645,0.668209941974407,0.604694599038158,0.2197872333605133,-0.02872325166949352,0.36253816143165807,2.594524379271501,0.3243111237182461,-0.13952563555115205,0.07766990681705721,0.5876038198420197,0.20099796791384072,0.1426835847322394,-0.37078277555258055,0.3707569998400828,0.3858525687529202,1.3221488487505706,0.6157628033155227,0.4365157332591352,0.16926615092032193,0.8236955768928134,0.7652211253279972,3.2497230491411067,0.8879172175446648,0.8840172687392567,0.7905268063984838,0.23121397583789616,0.8425903586316785,0.3929201969596008,0.24105991035767715,0.6872879287761258,-0.7840954630405683,0.10487979369804279,1.637170015256606,0.5505542763868831,-0.08593361027129376,1.5079872467917532,3.5904556852117686,0.21479565559037184,0.3594970917858653,1.5986855185315285,-0.25115416026357806,-0.1840639899662655,0.708038160234592,0.27137058715966944,-1.6441944089674365,0.2847652612511631,1.7873576799295243,2.8791150384011033,0.1671043597252897,0.12338064489281209,0.0,0.6912570728910161,0.2998502996256036,0.3477937425025779,0.45819095051120584,0.651817616281658,0.2670228555880172,-0.10126827767749091,2.0920424268267013,-0.08381216231949651,0.29955089797990553,0.4166307995961738,0.7009638650552041,1.8609819069320466,0.8519219652938226,0.2466247990643211,-0.28814546807636177,-0.18621979310635695,0.3365118150314039,0.5952120870430733,0.4294112468585798,-0.09693445566973935,1.0349051098372364,0.5833990766710428,2.0726130517117802,0.012332726213148959,0.6201849785934557
2004-06-01,0.3700256744046726,-3.3519236595904722,-0.04895685805621497,1.6344449867897737,0.0,0.7478732828774426,0.7072944253490032,1.0864304391904334,0.7380107297621841,0.09519308220253819,0.17233239364760067,0.43301589177939803,0.06886954288685132,-0.028131226236904894,0.6054493306489661,1.0613517174586917,0.6769933616522117,0.0,-0.2492810495100528,-0.24154601116039842,1.9710877309999653,-1.4180602502903206,0.009972575426075991,0.0776096274889504,0.15821494121777135,0.5028472172106557,-0.06656194132181881,0.2226346003083357,0.03468809654947336,0.0,0.9247200199693939,1.121296680218542,-0.2952605880571113,0.24131285841351158,0.3976458399432836,0.621763661086927,1.8013414351326418,0.11043735474229877,0.43908460253878623,0.7843264634188607,0.5757068290067835,0.7598721882222215,0.0,0.16038437832257557,0.6825965070399231,-0.24689025929989228,0.20943016997225783,1.4514939370003699,0.1766538509696325,0.0,0.3320423637302561,2.0520593532493248,0.2571323112494639,-0.5397314451718316,2.387250803427854,0.16015155214255117,0.47400330586659933,0.7449884097741055,0.5405418566906128,-3.310564138785299,0.0947418356040508,2.7087719950748657,0.16680571006961742,-0.6460898282400152,0.0,0.5823374593178166,1.10996630382858,0.39840690148738034,0.5614312492040696,1.2493064247466101,0.2246018432336072,0.9290046907092453,-0.10137093428559396,0.8440350353389636,-0.08203090451912587,-0.8008050803343103,-0.03494426425456609,0.16885240686548286,1.041281198218158,0.3238264132573221,-0.4364674788586598,0.753942768044169,0.7428075008508284,0.22371373983567366,0.3053414498479512,-0.13051114093656224,0.2421601861435363,0.32912255335197926,0.3167821196706555,-2.597548640326064,0.08625070499164167,0.302828474400404
2004-07-01,-0.1848416885502857,-1.0905456145343884,0.34222037148676776,-0.25630086648886774,0.0784347942081709,0.5238484294668666,0.9057072875768846,0.3921573653182797,-0.12262417232449252,-0.09519308220253819,-1.0520693964210182,0.23247631797209678,-0.22910570168557243,-0.45073569313105466,-0.025145009830929155,1.2883117092110652,-0.9065169885765556,0.21929348782911973,0.009599232068779884,-0.3634165114219101,0.6138311384133566,-1.5187931414903488,-0.44975339417607785,0.7728013731411743,-0.7617523217414934,0.35347181210738654,-0.14277865716660898,-0.5202538676129187,-0.16198082912275424,-0.25706955031008505,-2.1634758780541663,0.9384107428795474,-1.834653593968394,0.27679180076169985,0.4812926539511153,1.3000525216696701,0.39360427469699033,0.0,0.4503865594662315,0.9718181582270002,-0.3450262192152387,-0.45523737165726885,-0.13080193363830261,0.08009583037953405,1.0152371464018817,-0.2284409902632234,-0.3143099636703006,-0.621253728102511,0.4078989617738671,0.6110116287610268,0.8800936895042355,0.07892767641144438,-1.01523396966261,-0.12033695796329624,3.0870319410043034,0.2617568627213629,0.5005786348109886,1.3349370959672147,1.072396336297654,-0.24509816191398137,0.18921481520379757,0.1722653311445832,0.9950330853168321,-0.1441441691021339,-0.12338064489281209,0.899171119196307,1.3703537497263607,0.09935420588780275,0.19575862695182522,1.3453117697119765,-0.18910046013775883,0.13201322049223307,0.6066741842920997,3.1784139238778764,1.506428020441497,0.8008050803343103,0.8387763436968676,0.3088241877218678,-0.24600258408620235,0.3475673806775603,-0.15070284737541684,0.23747852266042813,-0.7428075008508284,0.1116694700074028,0.550821157273873,0.4745898204383536,1.1303631659359326,1.0059434993177518,-0.15826562124861,0.655740054615972,0.1968757798015197,0.21326124468812957
2004-08-01,0.3693423428789089,5.239318948993432,0.1219295081154037,-0.25695945616313054,0.4433055197607061,0.35175001395995054,0.6874852432271261,0.1955034835803282,0.3674223361884721,-0.19064637118795247,0.3699206566793123,0.3784819998361222,-0.19506653332976853,0.6695153066848647,0.025145009830929155,0.9606533874248591,0.5093389619103661,0.10946667103457486,0.6601315529269236,-0.24301348532915767,0.5424823834276005,0.22375003997323617,0.1001201525365758,-0.15408323541556967,0.4410963681302782,0.6810377277834068,0.25686459272424855,0.0,0.21976759756121567,0.25706955031008505,4.363470081732368,0.30840766792419316,-0.24720168839493795,0.1441095481776955,0.2938449376935104,0.33932845589808025,0.08579032163353872,-0.3316786313552811,0.07927108237626435,0.9624646788064073,0.6888660995184814,0.0,0.13080193363830261,0.2399032884958352,1.337812594617649,0.3329689610101383,0.10487979369804279,3.9619321824500897,0.1756251317989843,0.8644872183270813,-0.16442864762504783,-1.088691753023996,1.1691941052073496,1.0182777413856314,1.781411313198289,0.6154157878728306,-0.8582915893609488,0.9830111601053737,0.17761994012559512,0.5506284943022965,0.0,0.08602151068082264,0.8216973102281866,0.3360137566849275,-0.24721891453891587,1.7116107232530986,0.5767615649174385,0.29747171167420206,-0.009313154837897741,0.4444451760424073,-0.34841288675417914,1.4407583863272677,0.0,1.71755367868065,0.9380679059121988,-0.19960086467163407,-0.5804774811085878,0.22400188567859303,-0.5557285064868189,-0.44709463447674125,-0.11856086684174372,-0.05392289157342134,0.0,0.4454350349381464,0.29894154666942896,0.7583582353611895,-0.38337174066169766,1.1741428421038869,0.052783043093818094,-0.9192448184164981,-0.1968757798015197,0.4222483764435579
2004-09-01,0.0,-1.9684471195373643,0.07309869515461642,-0.5159082810027193,0.1906247869502664,-0.0242189393287795,0.3296543490224568,0.19512201312608113,0.6093864074323108,0.19064637118795247,0.005716227748564506,0.051667940715738325,-0.5342392656023875,1.3868908170379335,0.3013555574577609,0.7752244291790333,0.977426049164265,-0.21905330291893677,-0.0381497381832574,0.6064299967510678,-1.1402175900530054,3.380031758655111,0.25984423974723114,1.3782760295422136,0.1782663812075036,0.9219118258632975,0.3887825886199181,0.6684020428571635,0.09238942798299732,0.0,0.4284462209720896,0.29712565853659,1.9817927866575324,-0.13209248393195594,0.7768373489626335,0.13540963477289836,0.23656367357451913,0.11068182292204298,0.0,0.19139552573368412,0.0,0.37952036076323026,-0.13080193363830261,0.0,0.6622540760492512,-0.3996960022353946,0.3139707416933035,2.0079345421007755,0.1199870927099056,0.0,-0.9922903911681935,1.3332438014297399,0.17079202785916792,0.35693077751197677,2.090493388344594,0.8234322388998905,0.29979230421943726,0.9400323412412703,0.35429620763434144,5.345690693945926,0.3773589383639475,-0.517242532498674,1.3008313513001468,0.8707635385635903,0.6169051026715167,0.6890099290517426,0.3798594868521299,-0.1982161203990529,0.01862544240802677,0.4424785980354784,-0.07955999104840572,-1.3089192110014025,-0.20182130535975062,-0.05014850757203426,-0.026589510919450277,0.2992520936455634,1.4741261437837494,0.2067559620051007,0.8631372945288263,-0.11208669210107658,0.727138386153392,-0.0539519840441649,-0.09324009999502891,0.33277900926744763,0.5476913962529473,0.9444737803214309,0.538697657546372,0.2716654754190806,0.21085400779856656,-0.7947061692532564,0.02462172757224934,0.37278241045809885
2004-10-01,0.36798322348063905,2.9056965863347717,0.4859067820940588,2.553330200516424,-0.3468612565402651,0.8081583096097411,0.4391144722242668,0.5830920310794241,0.6056953708189816,0.19029563334846955,0.9331399824855424,0.2910421380131645,-0.32511253095535153,0.25080889837987286,-0.012526198406614952,0.7465191562687323,0.9762687577429929,0.10958663188436191,0.5802080289715406,0.36210057669530116,1.3389221024381115,0.061009293442548795,0.06984285641857824,1.2844906488468588,1.022508710702752,0.9327951471426843,0.32128494694658727,-0.37078277555258055,0.25363167850658286,0.2564103968937914,1.87867733226037,0.10821424314864103,0.7612657541356427,0.4675426607170685,0.9759150343287004,0.875721325659029,1.6589750895423805,0.4414914188804353,0.5268880689393463,0.5719754810395994,0.11435107020796309,0.7547107278020881,0.0,0.0,3.2470385030784144,0.03813518970803287,0.521110647765255,0.7758709524956942,0.21193281371854056,0.0,-0.44419839834226593,0.3981533137263682,0.3917256008484138,0.2964722005528664,1.8355098409241322,0.6901855028249138,0.769530538519092,0.8792414419839023,1.317542115856618,1.092907053219072,0.563381771825533,1.3734121459798132,2.236514945957957,0.0356231078990632,0.24570036930517958,0.6222795438269202,1.1809677017524223,0.09915717222961362,-0.027939464675430514,0.22050725583149244,0.6430418161027518,-0.9265453445790328,0.20182130535975062,-0.36353276244396326,0.5100618877561303,-0.0996512289739293,-0.08591213435868994,0.4233517909438156,1.0381772634969977,0.2986191095517121,0.2957862804070288,0.0,0.0,0.0,0.7709316450944748,2.220308348173372,0.3218311377845673,-0.33103614805156667,0.5252229160089605,-1.2040279232079065,0.2828310466919781,0.5483772404292451
2004-11-01,0.1834850606297067,3.1156892694702343,-0.12124940478406288,0.3355707846973033,0.38148130189217255,0.5391494519349393,0.6876739777195162,0.6760045057718322,0.24125464053836865,0.3795083273036681,0.0959465070241805,0.2559692368898858,2.0477982437276054,-0.2988932155004065,0.2754751428923896,1.3890837591183924,0.5547979286657068,-0.21929348782911973,-0.12336893616913258,-0.24125464053845747,-1.665370755068185,0.7521301919494405,-0.11976049335578054,-0.15026298845342012,0.25043055627209654,-0.49540250220947435,-0.44438806055957514,1.2550921491859768,0.05755395842319544,0.25575461511175845,0.4393138754539283,0.12441784034287195,0.09837493834590205,0.09563658828160015,0.9890231990520526,0.8681189745048279,0.2644738003336755,0.1100726870366664,0.9544296618015036,-0.1903028757590075,0.22831060145680482,0.2253105726669702,-0.13097324920527953,0.07984003620595814,2.2117805253620393,0.6271400258210491,-0.2081225977787149,-1.0377807142964546,-0.21193281371854056,-0.6043671799279338,1.6009174371355073,3.370149922883181,0.2292113727551559,-0.17777782459988956,2.857649414532748,0.8494133223345912,0.5732864927249892,0.9325394319418923,0.08722198546839977,2.93143876687747,0.1870907935811239,1.941808585710092,0.7867861200614445,-0.2972477071224944,0.0,-0.24844733276623288,1.1095584561382044,0.0,0.28833206042531145,0.5491501993675207,0.5450719373309987,-0.13306721857047066,0.2014148072289501,-0.9973798451668792,-0.8291078114322836,0.0,0.07904187912606275,0.022232103248587265,1.267750151377811,0.582225243351342,-0.5745500238021783,0.1617687060787354,-0.09332711829976859,-0.33277900926744763,0.5881108296617477,1.3036251020244194,-1.2935861303673413,-0.2626429320189416,0.05236840541096299,0.9377161812595958,0.5876463425722456,0.37546134195522896
2004-12-01,0.45725122691591125,1.8843865944501381,-0.32813419915163067,-1.0101095986503772,-0.12122263152143375,0.6075425203498241,0.8561305435606847,0.2883231214085846,0.36079413761980206,-0.18957413054678796,-0.1636677077738291,-0.3762186206187401,0.09145618981261094,0.22125417216658505,0.29964703951401717,1.1041948479920904,0.2474228066351003,1.0917131585568285,-0.5713757093135818,-0.24183808642810334,-1.496692978620917,-0.2211103913669632,0.17958699828106717,0.30030052597691537,-0.09774619068689816,-0.5660500714335548,0.009484063367803941,0.29304050274161497,0.11500863832374364,0.38240964384028686,0.5455718270533261,0.031007727075316183,0.38142883172040953,0.23869208134206232,0.5842713250359566,0.3981425299184771,0.6376042853185382,-0.1100726870366664,1.035619587310066,-0.7648075334051097,0.1139601262933887,0.449103894905889,0.13097324920527953,0.23913835376383474,0.6230549750635195,1.2987195526809714,-0.5221991657991865,0.33163666758921906,0.027668895726584708,0.17441798232322725,0.4371591661496588,3.6717613167193797,-0.17822322444791538,-0.8936609966407438,2.0740001205164837,0.20634881855041698,0.294915306745569,0.44902902921775123,0.2612104227924128,2.360801378556765,0.18674141747965223,-2.283397303850787,1.63237204117066,-0.8730546395494088,-0.12277472383219745,-1.1257154524634494,-0.8517727743192705,0.3956483895073859,-0.009288069481261374,0.6550241760717945,0.0774536834938111,1.7162137402386257,0.0,-0.27592111552339205,-0.07471135785959149,-0.29955089797990553,0.03091243219577322,0.16103510157412515,0.299491089385473,-0.27210901143606137,-0.02147817520032902,0.0,0.2797204621058924,0.0,0.6914482091563201,0.31667702684261556,0.07230658304901993,0.0892768633844021,-0.3671685175249628,0.5319161477600254,-0.14659260147000808,0.201606406401875
2005-01-01,0.09119255605209986,5.184437620717297,0.27958099487719323,-0.25412974286727064,0.7251412990384232,1.3565527992168036,0.5781715869830784,-0.2883231214085846,0.47904283226340993,-0.09492200463636635,-0.4652334799804869,-0.3172618826359219,1.0906388177134296,-0.4546597407141917,0.8194825403662342,1.9421072195668465,-2.232309920632769,-0.7629529996931339,-0.3223602988584595,-0.24242436115065047,0.7836774801616819,2.4649420434060154,0.13537629491882086,0.2246350626372795,-0.8458942262217661,1.4415855468255412,-0.5129735775416755,0.3249907217745651,-0.5532517569725393,-0.38240964384028686,5.807702404742265,0.17453595686065526,0.2503186712840666,0.10722583978441946,1.3501688783991384,0.7915608612660385,0.9591229416946234,0.7679765215069523,1.3558655384744434,0.9551104091641172,-0.9153381986487297,0.07466091402328345,-0.6566007570768306,0.0,0.0,-0.22465608999411302,-0.20963941957869991,1.2984572307155329,0.027661242166132638,0.9790497685607136,-1.041390611745907,-0.6954091966553833,-0.8959494219252129,0.2390915663773363,2.2193346730627006,0.003547786504753958,-0.5429360386743021,0.8203338939743787,0.9519760340598538,4.716105710263996,0.2794598931014747,0.5119465106191434,0.8445347700700268,0.3956128159216199,-0.24600258408629117,2.6387164562956755,0.966989641644922,0.3903317960908481,0.10212134759290947,0.7588112290491722,-0.4550374147007652,0.6523180339122803,-0.10065669371730479,0.8261627386558335,-0.6770268083418074,-0.7024614936963935,0.4967209569019637,1.426824922095804,0.7745049141813176,-0.6461255082887973,-0.5240136766739845,2.3956429142282687,0.5571045049456824,0.1110494284026764,0.45808600489660734,0.5517774175844536,-0.34996717068249694,0.37607051101824496,0.20998095591719945,0.6609409387673182,0.30516355616665436,0.4598891942398142
2005-02-01,0.30197139693850517,-0.18922734335911073,0.665418161252429,-0.6808536939653109,-0.6471955972616072,0.03980891772314976,0.5884341677976579,0.7670219771309661,0.35778213478838694,0.37914860174321774,0.21952809209810908,-0.0948766537157475,0.21626986586840147,-0.438356866325762,1.0211092661705834,1.0884608408000318,0.025266349568031643,0.4366839862104399,0.47361630099471697,0.9661910911736626,0.04064875467548745,0.553029685293005,0.2718147651656011,-0.37467260016077475,0.2587130900276513,0.5353627397882477,0.7038645260574405,0.30075210639557426,0.610706512933934,0.2551021791605379,0.6372558738831913,1.2175656818103064,-1.212130204404005,0.1427891722854291,0.7341637850621474,1.1757156986043071,1.6918444087133722,0.4362101423445175,-0.16530394255211966,-0.1903028757590075,0.9153381986487297,0.2236310108311379,0.1316630388984663,0.3179760795598341,0.6191970247920064,0.04684499078511095,-0.3152906474316097,0.9643166221585897,-0.10071753277562934,0.40411423820900794,0.9868501140752883,0.0,1.5588587347797223,0.357568914944828,1.3381233040790974,0.33261654581018263,0.5931739485066423,-1.267018999228986,0.5154650588662157,3.658944743229231,0.10136848308475166,-0.1703577924784483,1.4827155543516213,0.6202309959133068,0.12307693861330904,1.0670187314058666,0.9821653678773856,0.49043747150916417,-0.24154601116039842,0.2157498140022085,-0.042438098370212174,0.5188079081777985,-0.10075811351164532,-0.3895822890808365,0.08266331938679983,0.7324696160752708,0.35475545460235125,0.0874795025717745,0.059329577533873135,0.5717852744104412,0.47030365909312977,1.0465820280128213,0.0,0.5534048434641115,0.9734766336991996,0.01747853876583605,0.6626929487609345,0.0,0.5751504430025811,-0.2638523958180983,0.048739156569155284,0.3849487191665661
2005-03-01,0.5012519293273066,0.3264811619408725,0.6370602429632832,1.7774484027577309,0.06923410055872381,0.15907738490827938,0.607940662827211,0.19083975257609964,0.23781224049672645,0.566041072016521,0.24435564768410245,0.6341054420274439,0.28841463773110476,0.6568168112097261,0.7681558442067526,0.8294533971488605,0.7132398601781276,0.4347853452293826,0.6812919817210883,0.5991629668266718,-0.0731796593215428,0.4614846670762063,0.2630242723694387,0.5241494590837448,0.7877808364790795,1.593443281638729,0.3001632188967207,-0.5017571991979608,0.6298331728148199,0.3814372075470196,0.6222253879130335,-0.8790676429556221,2.246424711659323,-0.1427891722854291,0.46705185973818786,0.7762005335490763,1.0983490046505118,0.650753489852729,1.9283463079769358,0.0,0.22753138371358617,0.74183350341821,-0.1316630388984663,0.31694441640093274,0.9216655104924865,0.41129241003785566,0.3152906474316097,1.4152642414229977,2.0784003196510525,0.6017667165207463,0.6525308634923732,0.4011236826455544,0.18397012608852847,0.23767093778470638,-0.652644774745692,0.44971509895805895,0.46450400511206524,0.9146120686248871,0.34217313111621905,0.298953884836628,0.0,1.2706651269113856,1.652134779894432,0.9231927326824874,0.49079853121920536,-1.719156632376606,1.286685766629958,0.6825965070398787,0.6489917086421215,0.2152853361100604,0.34132747200112945,1.1575691957888878,0.0,-0.04063097803976845,-0.3654334741633569,-0.2928680919228377,1.0702533913354628,0.07102079022329733,0.11855365941011442,1.109342080340081,0.19679212419703163,-0.2606204237750376,0.18501392881620227,0.87912654111717,0.6238394370600808,0.26163056673000895,0.2878044917410172,0.4316446383361594,0.7790273373982082,1.0512580389086423,0.6072347481895335,0.5045149130370363
2005-04-01,-0.2002017969488179,0.5078896479060013,0.22739452019155948,1.6639319003965092,0.5865625374339878,-0.3582806380324044,0.866057342765636,1.888630262874802,0.7100621549575692,0.2818235431035987,0.8152853022045825,0.8927359680899194,0.260494918449794,-0.2731495825610608,0.43630291490348583,0.9537942324067572,0.8906705568977991,-0.21715054937292422,0.4767686333237542,0.47675894834728894,0.3126715640937583,0.3270721147783817,0.8339033772911009,0.6698945781080212,1.4302567293595025,1.4686994325503022,0.09985055403811671,-0.10065426114014286,0.193875866168014,0.37998779097749846,1.017355311106316,1.164096600989506,0.7609351459511693,0.17845463066752387,0.6314206121965427,0.8980175807583812,0.7202068538800788,0.7539153961240608,0.32403631324116056,0.7590253946175185,0.453515516539138,0.2214846996279718,0.6566007570768306,0.15810223624201925,1.8182319083190013,0.8082916678371355,0.10487979369804279,2.6737492884898018,0.28948600338098984,0.10083568452756708,0.9171901362384105,1.2728891036041468,0.3547187377872518,-0.05936479841910369,-0.8522656100694803,0.35550663062187127,0.4249475211151932,1.3380903750960904,0.0,-1.503787736454143,0.20242921892306143,1.0883322157393849,1.7035112262274055,0.17656410919739685,0.48840145924256007,-0.23213935687973475,1.721844053552335,0.2911210207458659,0.12006466461951248,0.42918520815415917,0.67799518324696,1.2706651269114744,-0.20182130535975062,1.8769856771466475,-0.3636367643383487,0.6135148734261797,-0.01010696539234246,0.5011722643479821,0.23668650102663946,0.03676695917391726,0.14645678827536202,0.5205633827263689,-0.09246417672215124,0.7629464801156338,0.35680747382826894,0.7116926902487997,0.5016732929598255,1.0195877021860866,0.6702736595673109,-0.2617802542078884,0.30224897198802836,0.5330554472420916
2005-05-01,0.10015706429653548,-0.6144049593440393,0.1552921301740895,1.9608471388375293,0.3348648644974972,0.6558703825014334,0.4888365170404363,0.5597029536717812,1.5213868635828298,0.09376495803889995,-0.09932414595557049,0.2703791428297464,0.16695251463483274,0.49113332010310984,0.410346233356762,1.3627650556740534,-0.016575501446869367,0.21715054937292422,-0.1886971028818074,0.0,-0.30047123466978576,-1.3684236994954802,0.1749600699782583,0.3702336698536257,0.19097139486037307,0.30424679794678333,-0.2998632042509719,0.8024115270047538,0.06833713249996265,0.3785493479481872,-0.9527202577286786,0.16702644259716237,0.29190838397257224,0.4388312800405636,0.49796227460499054,0.38240964384028686,0.7235586836401353,0.5350377515455307,0.21129595370812382,-0.3788039920249897,0.33879196719359683,-0.5175687155106523,0.39190585596191596,0.315456553196114,2.080312762976444,-1.2945466001260009,0.10475962588065713,0.5598905719458536,0.22204323359265032,-0.10083568452756708,0.6424004961354868,0.5518342738446869,0.13422001892964275,0.05936479841910369,-1.4745190876891634,-0.2515394399421389,0.39830772101572265,0.47097643016251745,0.08536065392403813,-1.5267472130787496,0.8056438339125727,0.9117344549276041,1.8747159939158209,-0.05882007110358245,0.364742045704336,-1.1398892605371636,-0.44356508369620684,-0.2911210207458659,0.12913939623322435,0.5339040979420062,0.41575936331197383,1.503787736454143,0.0,2.14902345575676,0.2728514653203007,-0.1601948728586322,2.403417729977253,0.7201092327018266,0.6480140496520015,0.33029573119369715,0.06778883172815497,-0.05193456361851645,0.3693448335352567,0.5414198390872649,0.15114053059228638,0.9125249447371253,0.5465793075138947,0.014700477791951272,-0.10282517873108077,0.2617802542078884,-0.24172253091911955,0.27182548561699904
2005-06-01,0.29984652269376966,0.33818857355809584,0.2979515166413371,3.1065819574891407,0.14561654035656346,1.5333502702966406,-0.020201534758346185,-0.09306654929535085,1.4985871227803926,0.18726657152798865,-0.22502489714772977,0.4132611764129379,0.3588476013454134,-0.1634432398715191,0.3966560951817577,0.45569541075192177,-0.04974299555398076,0.10839870144074837,0.2263938331368287,0.11883542693791327,0.056915197893925296,-0.31363438048499503,0.0710480965603999,-0.22197567383139827,0.23274956574157457,3.036980561760716,0.10006229518326748,-0.09995003330836028,0.11379154618849086,0.0,0.5214953763422514,0.46337336756021585,-0.21276446204794297,1.036034696668775,0.6529639674540455,0.697308689186027,2.7156911439150555,0.31966256970106244,0.4954140373360172,0.3788039920249897,0.3376480416605432,0.6649648937428587,0.13029064953418157,0.0,1.4598799421150943,-0.7244022458237076,-0.41971924945496397,-1.0736090478820515,-0.05217995295305755,-0.3017874242150498,0.053347560614458445,0.5488057678774361,0.048762648777955775,-0.8343314191068707,-0.024527407077723495,-0.09603241690232522,-0.0372740266476157,0.4687686363115784,0.0852878516518274,-2.966650034846996,0.20040086867147977,5.224168940327978,1.6894093300894752,-0.330033302865651,0.0,0.030551039142601155,0.09521543209238814,0.09713453896305069,0.25777955721837387,0.6369448285479251,0.024415734573324244,-0.12445552322057907,0.20182130535975062,2.7852204986759332,0.9041652916950582,-0.916596701407979,0.22013052438811798,0.037757221517065176,0.6438418495037013,0.06104633606351939,0.035670468281523426,0.31120357066294346,0.36798569584015617,0.323450416765958,0.3073539719204099,0.10280553296548867,0.319432392290242,0.26423973096578734,0.05142580563664012,0.3913899321137393,-0.20591133400094108,0.3324524766804582
2005-07-01,-0.09984494132160293,3.703912378897467,0.5932648698469656,-0.945633524203604,0.13685743304536757,-0.469300822225982,0.24982883150492796,0.37174764001326466,0.9111680351256979,0.1869165392313299,-0.5485799529052038,0.6119170925567907,-0.005615502038924802,0.5437751300128468,0.047970561726362604,1.2727988397768009,-0.7073636618294188,0.4324351483273148,0.272877139449168,-0.11883542693791327,0.5956619512768491,-0.6754044315975705,-0.15582701473340066,0.3696861881326896,-0.6137491069910794,1.135417393872995,-0.4008154085212823,0.19980026626731373,-0.14795427498395242,0.12586534071958866,0.6807468496868196,0.7693624480700656,-1.2346062400684588,0.3507544809677299,0.939642448884559,0.8805088334001177,1.2153336406690585,0.0,0.7753344887578617,1.6870146101434447,-0.11242272122808927,0.1471616072032944,0.9073362779134619,0.3929382088755595,1.4388737452101452,1.9911852068838165,-0.10521081755534567,-0.7534753095126412,0.41244516327800795,0.40262310874261686,1.2718772407773749,0.4680195750478511,-0.6357766861280645,-0.11976049335586936,2.8991267762110695,0.3906048258739858,-0.8360939702279246,0.9422414451352168,0.5949868806235159,-0.4765696073014247,0.0,1.1677828310007854,7.16254832102976,-0.1536007863878197,-0.24301348532915767,0.7724716566891665,1.604943583634988,0.38759738446945136,0.11027385789414978,0.7380107297623617,0.3004753031059515,0.49689543231874467,0.3019702851183581,5.760010843083485,1.518564241837339,1.0429506263971433,3.10202578118588,0.1670394008570497,1.0446989964655984,0.6933069186911389,-0.3715200197008883,0.15523935847259196,0.1834862900111034,1.6017427331662226,1.2438835641027879,-0.575246158064413,1.1625989677351178,1.2818820834076483,0.46167029624069045,-0.13029317804162943,0.7369317355168548,0.5921154541004617
2005-08-01,0.0,-3.307963086763799,0.10642037957051542,1.258867922835183,0.3328074070678255,0.35218193317971824,0.1699586170889944,1.6559716039019179,1.6863806052005437,0.37278819865953494,0.14394918184565952,0.2920094560730391,0.7287596297325116,0.43290110895854994,0.0,1.242631593652277,0.7073636618294188,0.10782589279605403,0.15136067850871626,0.0,1.3284032005319801,-0.3439539958638882,-0.14640558456022745,0.2211574804841021,0.43859525026963553,0.5589975404982184,0.4008154085212823,-0.6006024060211779,0.3864958772769711,0.25125641358831885,0.8875996658182395,0.19875668685918058,-0.4482889772440046,0.4657670273981118,0.36069207038416096,0.8107309763495607,0.7481486063316112,-0.5333400544143885,0.5501695512008187,0.3710508824682268,0.4489345362594932,0.146945360010875,0.25772709236315805,0.15673927172432656,0.0,1.2143663491278822,0.10521081755534567,-0.5147375416622246,0.13238907967911828,0.29922939121522774,-1.2718772407773749,0.310800560986646,1.3280731293799697,0.7164209746780337,2.7759523325406654,0.11934332603233955,0.06263702052589082,1.2626571461876956,0.0,0.31796529173790944,0.6982572011131616,2.068246837476728,2.4425305298487743,0.46009636994979175,0.12158056208892987,7.9489151058238505,0.03901525545959572,0.0,-0.18385737850632466,0.5238356661588561,0.10998527464405328,-0.12399257633202154,0.10043881152563827,0.5324587124644786,1.1458917804072044,0.4714386284399019,1.7347856596331646,0.26883181952106483,1.3192046777584565,-0.6444966675696051,0.19307388250942026,0.6699329358959893,0.18315023434665179,0.6335818449084485,0.2562383298132076,0.8487970849655024,0.7328596750826755,0.21687278073043714,0.5104527231451605,-0.26109675407210986,0.16836266082007612,0.4768618568091157
2005-09-01,0.19959029194804856,-3.111190118891738,0.10629533546318015,-2.293497128249644,-0.34135551153093857,0.15612805669533714,0.3494755412612349,0.0,0.8879081641128828,0.8337151071857285,0.43658417451499787,0.9857814883535099,-0.21978743827730796,0.6458580039412354,0.43073193159637313,0.17193430278492627,1.7834867636034701,0.10769821554168502,0.4388879082381614,0.7109034679106507,3.2091252162723904,-0.09071118183694438,0.7140708508379667,0.44085302847651775,0.612354402389581,1.50128740205,0.49875575330800004,0.200601872686601,0.3850078360184028,0.2506266976059379,1.3128224756146167,0.1833936532519509,2.1775972416398837,0.5560718684697541,0.843590240025538,0.3719781102532238,1.3535796162092772,0.21367748471332604,0.6804301725312101,0.3696791830293922,0.8918676731838104,1.530089040896332,0.12861488619853034,0.0,2.538923400481785,1.35327436466266,0.31495962357430685,-0.46163768403229,0.1957287032266386,0.4971897576301565,-0.5347606326595589,0.23246814033601737,0.32626456348161526,0.5339674508504366,0.6814141992298239,0.3999730183637418,0.7113026808107215,2.302838044978728,-0.5949868806235159,5.707022653004579,0.1986097971629519,-3.706988152786117,-1.7983608188022693,0.902226519703575,0.7263954458225363,0.602461337130844,0.4980555042664925,0.866639993239815,-0.0920556080841628,0.3129893008926743,0.19189930853107384,1.2330612457478018,0.20060673511670402,-4.388931959914633,1.1329097205969418,0.14112866412228087,-0.8794026522574327,0.40724523115134303,4.512043528047105,1.0436987945233511,0.6835050331057246,-0.1027749319653104,-0.18315023434665179,0.7341406858368593,0.2896825688214477,1.0193072334267583,0.15055883323515928,0.7768705450620139,1.214595147934272,0.3913899321137393,0.08409260951305342,0.4613286026405591
2005-10-01,0.09965802776328303,-2.030495109250019,-0.17723364757618043,2.605753431928992,0.14521849389250718,0.36983010522471105,0.7470604717488172,0.4551669214718501,1.7525092555380262,-0.46232318908998593,0.8706515234566226,0.4863359094416708,-0.34053482194922324,0.26788122100258605,0.22658049153401194,1.2332692915632215,1.109817377632094,0.10758235125800653,0.7259897858289399,0.0,1.105789727948725,0.4798343369673219,0.3493313392329611,0.6576567364562358,0.809402265471526,-0.8440737757840822,-0.09955234331435747,-0.200601872686601,-0.022606533384372796,0.1250781901652509,2.3864096814976143,0.3759903094734618,0.6643916925426652,2.046838366753345,1.7418295411133045,0.06186204960654251,1.3623771607494284,0.0,8.348330439872464,1.1009298501948983,0.0,0.6486528289916471,0.7682467299416018,0.23464923305018814,0.5555569844603703,0.781780501465601,0.0,0.2505499487249985,0.10286274725981315,-0.19885307810891817,0.2837792711038567,0.8477892782297936,0.5534181593367826,0.9422920134504409,1.177422409405171,0.24515391442170298,1.6892085277754099,3.178192873533847,0.764334931256716,1.192264495690587,0.19821612039914172,-1.3465549996587889,-2.4158835476735696,-0.08168505034396034,0.12055456553490274,0.44847097234361755,0.9349111944482402,0.5736153395524468,0.14724832404695576,0.41580101486644594,0.46665072158313947,1.7011345826537294,0.3999946398099752,-2.314955595262891,1.5477523068913257,0.4067329501760142,-0.41093783133341333,1.8910964285699272,4.369368426294695,0.18093002945498426,0.17722058721689748,1.3279051100173689,-0.3673098711862277,0.3129893008927631,0.6461761259208387,1.7757307547447976,-0.08104197259761747,0.3004938942820168,0.20100001740974704,1.5504186535964415,0.11998236161794296,0.6137940920720193
2005-11-01,-0.2992483197113316,0.010011979246904446,-0.03548206745751514,-2.2065513049751573,0.34086100322747725,0.42652255432846786,0.548543335745233,1.3532006218575532,0.32520353863780826,-0.1855176683112525,-0.28150574102054904,-0.2393270828378924,0.007763212499067862,0.9054655737839035,0.11904853647513036,1.6118841689881869,0.35384033701451045,-0.3231064595957456,-0.6232868217573184,-0.35482000560973503,-0.8435956313382675,-0.07228045128560012,0.16801900484963994,0.14556043327020873,0.15128190636790606,-0.13033551321943726,-0.19940250092593814,1.2967762769011237,-0.20368910516452843,0.0,0.20842223367290025,0.34423766320808014,-0.2044757969845712,0.1922316417143577,0.04126831339963388,0.18535686493237336,0.7723716458767349,0.21322187739585274,1.3059062293255153,0.9082652490618237,-0.1110494284026764,-0.21575044660133713,-0.12762996388966386,0.07808248232592518,0.276625349288917,0.16098742409029754,-0.4201704411296525,1.1774922524695697,1.1238215699522769,-0.39888365612323895,1.9432480811464536,0.9167367487019185,-0.3244610188890995,0.3510828650062692,1.9120286744414905,0.7171517078048417,0.5608402898598541,1.5851167185332304,0.5063301956547583,3.2072719887993983,0.39525743158232984,-1.1227062593782478,-2.22681266057716,-0.2571596975339929,0.0,-0.8406038549910733,0.7584790240502848,-0.5736153395524468,0.06435302451448521,0.6204776886882257,0.4187127385359979,1.6726793805313278,0.2989611307583573,0.4979285007951084,-2.856100668977568,-0.12249136033508634,-0.38083194234506124,-1.2939524063438235,1.0373537007327016,-0.45899343777895396,-0.2411063054610807,-0.05074854206865709,0.0919540294679777,-0.7318380807679326,0.7879787189843057,1.393318247385178,-1.5288854729630152,-0.11436741775554538,-0.8064595483891601,-0.7722046093910251,-0.023995422848788195,0.13501199684827198
2005-12-01,0.3987950717750266,0.2515891600760156,-0.01183015409766952,-1.6064602503807812,0.28882113179573565,0.559469000539714,0.35916917858633823,0.2684565370669745,0.3241493924170946,-0.09289393835256732,-0.10935220264070011,-0.3369753780589235,-0.05766166478906598,0.7921879295027523,0.05945658780044383,1.0046014322988128,-0.6119674465400848,0.7522936668773461,0.3539826705123872,0.11841327612165387,0.9580819818068242,0.7653213422977423,0.29773747604053824,0.07270083926185222,0.21517060383287046,-0.8549786625754674,0.0,1.0842885924707168,0.12452596843210983,0.3742986278834515,-0.10743992939898916,0.5526035205885016,0.47815892015146133,0.6418579549703374,-0.04126831339963388,0.4311678992607426,0.8157425936800244,0.0,-0.04398421743321279,-0.5439730036747914,-0.11117288526900637,0.359320174663047,-0.1277930661561122,0.0,0.0,-0.4478287824697169,0.10521081755534567,1.7541442318099065,1.4842956693711606,0.2999809156213118,1.1470407305309571,0.5309075799766028,-0.18071205447993677,-0.3510828650062692,0.8324957614935791,0.6123656547075917,0.01215731567967282,1.338080701333455,0.5874964443020936,2.6894756200121606,0.09857073247587778,-1.7901210329240413,-1.5026800137435181,-0.5398440525219428,-0.12055456553490274,-1.4090836633497972,-0.27514538911255215,0.38277558697634717,0.4218641619734065,0.3088010688577114,0.09839210538995502,-0.594178812875068,0.09945542235438865,-1.8966871702581045,-0.9704531389179039,0.032249118266136634,0.4125025681046779,-0.111693227578602,-0.1032524614188901,-0.036326209759529604,0.04613080723308016,1.3928910305677888,-1.9490176114135505,-0.10498688628386432,0.8123739965915533,0.41669814083409307,-0.2237005701219097,0.21433172454479177,-0.40566983010839053,1.4111844192681744,0.0959123160988895,0.1392239200219311
2006-01-01,-0.09954675206369501,0.7334383070271677,0.02365890883542221,1.446970583399132,-0.10022834398490943,0.40318764419771114,0.5883107223762174,0.7123805727850652,1.7112717067601757,0.5560619321397731,-0.1839232790620926,0.08168994820456632,0.5590902087399208,0.36755095198026666,0.5454845599026648,1.167749717029043,-1.8045157599534178,-0.32172047127607684,-0.7560590455658378,-0.3556613114846563,1.536628524666206,0.9018320864994323,0.4769755336098136,0.5074313171467892,-0.4068228166622667,0.8686552065353847,-0.2998632042509719,-0.19627091678486863,-0.1018733462942123,-0.3742986278834515,4.794602519351443,-0.6457116823876063,-0.11403555976228219,-0.0224517288774706,0.9039919115210182,0.3680985751427279,0.36127886647498997,0.1064406923052097,1.3439127236505755,-0.1819692528413519,-0.3342621496690512,0.3580336860178335,-0.3843740191308065,0.23392911743087552,0.2758622439079872,0.6264002584932093,0.10508992297042496,8.321959127877143,1.7925041993026802,0.594602464750249,-0.7284111290982054,0.9785550422718892,-0.5077380346860672,0.46783711061006983,0.9569829574672006,0.5846897202427925,-1.8155552667010966,-2.698504178473504,2.9667149114327884,5.347898595919709,0.2951305634580237,-0.41135393257922814,0.10384987210310115,-0.35364884200008717,-0.24154601116039842,-1.3079213522579458,1.1944301156126436,0.0954654010450362,0.4929716026968123,0.8188377379357625,-0.3367829358372987,1.4201422106166817,0.19861459425021266,-0.5421731503239435,-0.17746233583686433,-0.2311333660734327,5.0315192923906515,0.5254649706403214,-1.2997323596247945,-0.5343060677236444,-0.7944283511927885,-0.37379775413795,1.136197440041764,0.2098636656922892,0.34672748018982347,0.7472988052505514,0.11779951886428108,1.3609509745601045,0.7593098644497864,1.7677227983865507,0.3827493429415796,0.4686232526863656
2006-02-01,0.2983554952407985,2.139484726013663,0.4367069577243754,-0.39984059666959837,-0.013586506581919622,0.3061031661223623,0.40929148178081576,0.2658397666610135,0.739570196112993,-0.18501453535177959,0.31104436783904177,-0.08998792464476324,0.43066223554273364,0.26171174320204216,0.6483245388772652,0.880287374595401,0.11933175640423954,0.42872720832018985,0.0,0.9456335242035152,-0.12026007687859774,-0.3115960678257146,0.7053144453103677,0.14450869566804414,0.04794749911525287,1.1358506123332557,0.7976259074564673,0.19627091678486863,0.38431153890590153,0.24968801985876254,0.20153637993018947,0.06280177889577132,-1.2222123673003793,-0.23604799360148476,-0.027273967167573687,0.6713482645659852,0.6327545067494,0.21254209776246924,0.584356670676911,0.0,1.1098893068049343,-0.07149396708721056,0.6397970491765825,0.2333714888466787,0.0,-0.5412341589108749,-0.3156223678365322,3.936403780775599,0.5456585279149273,0.19919212433050504,-0.2651818048293286,0.8948605576014401,1.6467707917467322,-0.05836008336057574,0.22471919569042598,0.15289332842840508,0.5924480424314815,0.21372454442416533,0.324066226474784,3.4269239292426867,0.09818361122571062,-0.24762703532630326,1.6033291904132163,0.3889450362603242,0.8428707335055741,1.1721255724001622,0.32466335286782666,-0.19102202561178672,0.5539677246276575,0.7110238182505668,0.20518838531033978,1.0520260674180548,0.0,1.1877675161290568,0.3546103006751622,0.19888424780729608,-0.24323812860789218,0.49638376200435985,1.144653496805681,0.364609057303511,0.46745073802059167,0.9221913241368007,0.0,0.2094241603114888,0.5537694529601289,0.21825489707576473,-1.005747104031851,0.6596052263818208,0.20150630220880927,-0.12523483164654792,0.13122217585985751,0.40857939970585155
2006-03-01,0.2974799801678252,2.8896482403976798,-0.03533578391019532,-0.8853176536884,0.018086629911540086,-0.2677889894084906,0.4290265928492687,0.17683470567426696,0.8385793376273654,0.5540198504665028,-0.10626296509705924,0.5846004373370128,0.23722202235463286,-0.2093145714504807,0.7024877639211446,0.16942542197302402,1.1757286055931182,0.0,0.0,0.3523198007316708,0.09396554035614457,0.9848799719440748,0.6494918933337424,0.21637224453101567,0.7052000185472806,1.0690068254634255,0.29746085216295626,-0.5899722127188589,0.28164272546096214,0.24906613124517918,-0.2595944872831879,0.10506666655620833,2.31282867221152,-0.7341762237087046,0.48301056522541685,0.2430134853292465,1.4776167527923434,0.5293729711594253,0.0323729840177478,0.0,0.44052934679159605,1.06723211203672,0.38192733097641707,0.23282813411764636,0.0,-0.046156802118524354,0.21053244486610723,1.6440803361060574,2.3043477465544804,0.5899150656542673,-0.10626993561233533,0.0,0.19056699430803903,0.407807148337902,-0.1122964744623367,0.12540343000768672,1.247417422517394,1.479292329220394,0.5668986748736948,-0.042653018347671434,1.4613021845649499,0.5768454396740452,2.7347703159587233,0.7850529510225357,0.23952107259548328,0.20653812470721178,0.23340747712037313,0.3816798526699472,0.45179438916793657,0.30318365821191406,1.254029487000441,1.50031665920487,0.4948020803971609,-0.6746434639042675,0.5295687574710328,-0.33212532387523197,0.720417970590681,0.35230744998351327,0.15507886281911354,0.8335898465835712,0.7059383784057793,0.24187556150510048,-0.30785042270862206,1.0405921161116716,0.6590945451871555,0.27418071906484265,-0.27389121021901275,0.3212068958172054,0.5520696059621244,-1.515180502060165,0.29759023895783443,0.4379398989658442
2006-04-01,0.49382591819178145,0.5156826234656187,0.48188046424915143,0.8853176536884,0.9683202516660216,0.13398413335616866,0.20973612888450788,0.5286355923147745,1.141683391990611,0.5509673740800025,0.8453406984462397,0.6373770996947137,0.6725736397973137,0.9384844688618443,0.4540055270694232,0.42894083380433656,0.8216812345839486,0.32034632277131436,0.0,0.46783711061006983,0.5918285244661092,1.0102427027193883,0.06845178648662298,1.3595916047639989,1.4005808242839812,0.1814341539408293,0.49382979294456675,-0.49431637975185794,0.4265834937687174,0.6199647879525649,0.9530891653843909,0.1188624643885916,0.7327275188352189,0.36211423522827246,0.8178207860746411,0.5446306957145097,0.7781745932773809,0.7364653630304474,0.04313042740697881,0.836822587208097,0.8752791109595037,1.1959488697146803,0.6333139188963166,0.309596654129507,1.368010390407992,2.200783311735588,0.21007982987626406,-0.9964898628450847,-0.27629732274414565,0.09885658036852263,0.7837362717911134,1.4738660313585505,0.3088989031009959,0.9835196433606974,0.05616400035313163,0.14650638287321271,1.1599936740678274,0.8992607872407632,-0.16116038943421174,-1.9384625933721367,0.0,-0.16447372128780557,2.1630056762393934,0.4541492521889623,0.8338344917153684,0.05675779013802895,1.0175920206307865,1.1363758650317024,0.5125680031902391,0.20161297151854995,0.5154550394091295,0.45714365325810746,0.09865499728967109,-1.268687520211298,-0.2644338253090517,0.5434901226998079,1.3936169411383759,0.6800612106253823,-0.3622254930792934,0.802832183422364,0.5042292565185846,-0.45503168069584987,0.5125587848811453,1.1322817830263787,0.6425587962430868,1.327896145576446,1.303181575101231,0.5284395553970533,0.847253724929331,0.8866429205641069,0.23744654477733107,0.5349982511254511
2006-05-01,0.09846844901177931,2.782202654867305,0.37447917940474085,2.297130710316697,0.5674098781637049,0.8381001438229951,0.10005886354838012,1.135879403560569,0.9245058144050411,0.45683187620806365,0.1997983285122018,0.2442383407021076,0.45516042463811246,0.9811594331583962,0.32467237946463,1.5708998510986838,0.08763815741783532,0.0,2.53482581905935,0.11661808901823889,0.5697808916446334,-0.19247599992961995,-0.13810736536354895,1.3413543859852162,0.36003319957469415,3.8256225564492485,0.09847399010736169,0.7897375694950526,0.4247714859871188,0.4932192489318865,-0.4713994548517064,0.08791303710351528,0.15443180852008354,0.37206198848043215,0.6240583916973463,0.6616565492130633,0.7890982351433706,0.938969535091605,0.37664711189222544,0.8298779409621648,0.4347832936103302,1.4578406418036316,0.0,0.30864111081623236,0.2713705871595806,1.170994616727583,0.3143099636703006,-0.9873443591213338,0.5221670149482271,0.1948135382912497,0.09490167844656838,1.6685189400787337,0.3434191308113732,1.0309369658860312,0.6270585079376723,-0.44618260576427815,0.5152488782073306,3.855150409642194,0.2416432911629407,-1.7994780053574466,0.1932367751053654,1.1456753791384777,0.06944927010161805,0.09290443125555825,0.0,1.5254024222252305,0.4530776124356706,-0.09420631879031305,-0.5306006423158927,0.20120731134198877,0.42885189894681375,-0.3426616716647679,-0.19742282518002696,3.1277225105505124,-0.9756174945365181,-0.15074505685923612,1.4886456122991554,0.12504560583179725,0.20714663026017988,0.8674524122660898,0.1546356525973458,0.9798768868867214,0.20429016298004754,0.713924500947094,1.059310078043918,1.8580397512605096,0.902226519703575,0.6221935039294024,0.4950497318103153,0.12602396122876058,0.3787456338965711,0.5821261181007237
2006-06-01,0.09837158403103174,0.16802142312917212,-0.01168090388654619,0.3907781448075909,0.15531423754202578,0.6239974865740905,-0.2103130390959329,0.6063249411059068,0.509945011234958,-0.18248239250988618,-0.027717775487801077,0.5842325178599062,0.8930600897480545,1.5804560424666825,0.3005344715220737,0.9518845009205634,0.12645301038167744,0.21298790888630847,-0.26526427628548177,0.23282897595908736,0.7546926427167477,-0.4036509517202802,-0.2302204904703231,1.5309971971420921,0.1512736544380111,1.8266956450656124,0.09837711422973072,-0.09837679101334373,0.0,0.24570036930517958,0.2000137657981682,0.06811350859319276,-0.1130458078897334,0.6505911899026273,0.5935922988457243,0.29931180681321834,0.9606933110500648,0.31104542194411167,0.4501153210854092,1.6393764107238251,0.2166848085090045,1.1648100295091446,0.12618053597055479,0.07702323363210084,1.3459153374005162,-0.2000947964098998,0.0,-3.0021472769655055,-0.1350643339931068,-0.1948135382912497,0.31569004435487713,1.7118820331781137,0.07090522632209328,-1.203797855947908,0.6846254750578318,0.08632879339494082,-0.3352092208613655,4.589318671138765,1.516995159044665,-3.4237578316590245,0.19286409064056542,2.7289012784456723,-0.19457963053710614,-0.3604864651495454,-0.11869437595279919,-0.8728851588519326,0.583738311059534,0.18832397279648916,-0.13534854310766065,0.601204215662765,-0.04705146232026891,-0.4587164006906619,0.09876782789035587,4.182824803093155,0.5333345975362391,-0.6299131580370876,0.5765606665818268,0.8141720500010052,1.6927821498780915,-0.28436038118675455,-0.028107799428056524,0.1717764489168161,-0.20429016298004754,0.0,1.050756678829412,0.3348453970393628,0.4654960110418216,0.3165212853817323,0.19733104442405391,-1.2674440896727646,0.7297710337521579,0.3290395198231256
2006-07-01,-0.09837158403103174,-3.285722252752077,0.33820522629737226,1.0861239431604552,0.3678138247765972,0.5639112687769732,0.18977788008305296,0.25873235649500614,0.40609192863145793,0.09128282102857099,-0.6839969938423174,0.5404575118235222,0.09928052595942205,0.0,0.4146575872154834,0.922783702924157,-1.3111733829807903,0.4246310692127331,0.15558507691650902,-0.23282897595908736,0.8916017897199424,-0.7413324922897147,0.02973492474298567,1.4398603228214846,-0.5965753999644718,2.766009424164073,-0.1968511043370924,0.392927813989008,-0.16745747703321712,0.0,2.0322521617112344,0.06453526345753247,-0.6446318464370826,0.5908272022239203,0.4577881605752232,0.536513954606832,0.15120288595884546,0.2068274157902117,0.448098358330995,0.8097187950840468,0.3241493924170946,0.4265806553259921,0.12602152131844235,0.3074433751499406,1.3280407667894067,-0.04854666928206797,-0.3143099636703006,-1.457846054644385,0.38418186818462985,0.3905305571118234,-0.5689616022832134,-0.07074637719908239,-0.8661144491102668,-0.6363920812557211,1.1228415085907884,0.2738496662187728,-0.5169834177621624,2.608577569603998,2.8896973569440654,-0.7359738832080964,0.1924928409584581,-0.15847863855720234,1.9698963320136542,-0.18656721829497513,-0.3569307775120656,-0.12298120873408536,1.5933680176373421,0.0,-0.1717048905884866,0.29925209364538574,-0.23227127529521496,-0.23014969882799718,0.39409868408251114,3.2706997178817865,1.2334958157952158,0.7523303323448083,0.7551753334340994,1.247225344641656,0.10167769050868358,-0.22569350911822994,-0.17226396476459627,0.49288174572614807,0.30627895305443964,0.10157441198348494,1.1750699478445092,0.8438223438147929,0.2203538148796369,0.8482743436455387,0.2952800127130395,0.381922806699464,0.6895196146119886,0.3185931916737826
2006-08-01,0.2948368098331322,-0.16253765418330346,0.1279933977902381,-0.4640379556501095,0.13855811204406265,0.18726597232925357,0.05000217704695942,1.5384918839479234,0.6060624611691878,0.1823160451233541,0.17103500941280103,0.265105079419925,0.0,-0.35470014385827753,0.39004309515000557,0.8744499355951341,0.5304531102276577,-0.21208445584086633,0.5562916174268295,0.0,0.18976722722801043,0.890697717967992,0.2144045267065131,0.6784286536921869,0.20378723551086608,1.3280298037299687,0.3933154662834504,0.4889985294192378,0.33463500273445135,0.3674223361884721,0.5779617373340429,0.08451051996214431,-0.7468744906000246,0.08887901929375275,0.3238280594766607,0.3560834623009157,0.2862882091853258,0.0,0.31884535860982055,0.0,0.6451635281488954,0.31994143973301803,0.0,0.1533737152302983,0.2635047638005261,0.2743636430452945,0.7318385853778864,0.7091874102441942,0.28321086504670134,0.5836007783187824,0.4638422821860999,0.353232440754514,1.2081160797083434,1.15408089920912,1.0221619085865719,0.5090103411648172,-0.4106781952653016,3.4002808047752353,0.766874923930061,-2.2409901399583987,-0.09620010361910403,0.15847863855720234,3.1684755470935855,0.523835666158945,0.0,0.5417190192397392,1.2394768467855144,0.09402915596430361,0.14461318499998654,0.2983592466888396,-0.15401724887942336,0.23014969882799718,-0.492866511972867,3.9045407811550525,1.2184659016367227,0.055360650292257674,-0.03106942233683796,-0.5370170174594513,1.362625171176557,0.6282991447115194,0.06682786211023028,0.9394019269485909,0.20366605818038508,0.10147134305471539,0.563375714959502,-0.4403790174829947,-0.6042314455962483,0.7870850783838534,0.19637393582803142,0.5069719350251134,0.6848146002726985,0.40166269545877764
2006-09-01,-0.19646522580210046,-0.7936989982015419,-0.29112816991654356,-1.7201362358547634,-0.010715402654071227,0.07480830721036114,0.2098098824998118,0.7604599385219402,0.7024614936963935,-0.5479483498501025,-0.21434541330966894,0.01611451456478008,-0.8085306816933979,0.5063301956545807,0.28583098291496967,-0.16519477674989957,1.1397522435006024,-0.3189838630140329,0.4355723764907893,0.34904049397681547,-1.1071711881594837,0.7434978487518507,0.5712642534533074,1.009090298196469,-0.1642201453688763,0.8463643488830996,0.09808762687626427,0.09751341582049378,-0.22296553272695974,0.12217472503222027,0.5250480845604422,0.1110825673465321,1.5906605131721818,-0.1333481695541039,-0.3767976694021513,0.0,0.7371931586981795,2.4490994121032728,0.3812603993917918,0.8032149771993513,0.42780813910781035,0.6066770336266458,-0.8855159761853137,-0.07665745324736406,0.7863736460214987,0.9320735501812116,0.0,1.6191488093223683,0.35472239381899584,0.2905404672675971,-1.6543325328180813,1.1917421101649062,-0.10601332048896239,0.9706042512176438,1.8128743873721653,1.0044354004257627,0.6274151855872212,1.7064452451140077,0.6092935833381219,5.376898088631776,0.19230775157410562,-0.07920792493329998,0.5929261721518309,0.38240964384028686,1.4201422106167705,0.602461337130844,0.31462306968528253,-0.37664827954779767,0.027091705588500048,0.0,0.41653280495950185,1.5963850989014539,0.9832852476868048,5.068361767990748,1.1182912239745768,-0.08627294976939481,-0.7155767692490045,-0.041034058844147125,1.4925650216675912,0.3656742499996035,0.5820332186050159,0.6630893946559802,-0.6122468104380996,-0.3047234455467951,0.9483212294429499,1.2771405390685775,-0.5492913945422728,0.5392302092616319,-0.4916539485410709,0.12634240467725988,0.2541689308801942,0.4263224494029059
2006-10-01,-0.09837158403103174,1.0310166206813243,-0.1984363560468161,0.23631361922831218,0.2540361314102846,0.46628826441867943,0.3293009322487883,-0.8453135711058657,0.5982071677546941,-0.18331870363388347,0.33816591477737745,-0.25697785859186695,-0.5921556903436986,-1.475478306546929,-0.14853855580465591,0.19058515393339803,0.5794878105366941,0.10643724964216617,-0.9370093573254579,-0.11621151801772811,0.10316876375657813,0.962671672782367,0.3481627677015986,2.707329432853367,0.40942501787686325,0.7095473237219263,0.2936869275131926,1.547419658259841,-0.22346378014157509,0.12202564052294917,1.6633422261121744,0.12814276383306122,0.5502339474453777,0.29978371421535144,-0.019870839608326918,0.11841327612174268,1.2413505396870583,0.40241913206635616,0.8630875585645903,1.5873512181491023,-0.10678057608295433,0.2013944358553843,-0.5095572948660809,-0.07671626198293424,-0.2614380574070374,0.4930474173871602,-0.2085463983246605,1.8532524777479686,-0.2330800797568422,-0.4851174978103501,0.10687187081126481,1.3153529899744498,-0.24780235702461795,0.961274012245461,1.6645536581121334,0.43623654534359346,0.40811483845093477,2.8203722670142817,0.4545462371675413,0.5354765137659534,0.0,-1.0354532975580533,-2.527738679549696,-0.2547772078798083,0.11743982559417887,0.44847097234361755,0.35632876927182977,0.28261912358349406,0.036110860733629124,0.19841276350458514,0.07056443737258888,2.0157457424979874,0.5853816826245861,-6.084133318507767,0.9365755987641222,0.3895683038405373,1.0752532823947725,-0.39066565569596534,0.04937052679885312,-0.8276235464645509,0.010493971398339852,0.38095284166672627,-0.20491810449363435,0.4060919286313691,0.9184819533965438,1.2610351320366142,-0.023441162789072933,-0.20187073674691192,-0.5436118825690173,2.247285585205816,0.5293399106941266,0.24653844709162492
2006-11-01,0.09837158403103174,1.2305316652931886,0.24508185446387998,-1.5061719529410489,-0.05121987111404991,0.7415680998809293,0.3094084865798763,0.33898337545119617,-0.09945301665092998,0.18331870363388347,-0.043294390514958536,-0.16862003644346757,0.0742115061888704,-1.0822058724179406,0.23982659771837334,1.0103647456023879,0.2116402906376713,0.0,0.0,-0.1163467263297413,0.6387452428069373,-0.597326798766229,0.16534749880330324,0.4549894101977259,0.24705924435259874,0.5339353360902521,0.0,0.1917546129271308,0.11179431013408347,0.24360547978812264,0.05940455820176993,0.10214212638972597,-0.09435501704642135,0.30994047392871593,0.5680707528326501,0.5311313754812197,-0.13935179972186518,0.30075516140826153,0.3347887382721737,0.0,0.4264398786457235,0.0,-0.2557496519789204,0.07671626198293424,0.0,0.2676326623376468,-0.5232921870532259,0.26881736618014074,0.932241564261016,-0.4861739297829182,0.6176145710392156,1.637144341468133,0.10627621003838073,-0.2817696989625418,0.6841719175607608,0.523313003990733,-0.6972020067750329,3.6859596831409824,0.7530156063753957,2.7218537169165558,0.2877699827616098,-2.1854370394036593,-0.7166550853543896,-0.1624695727002745,-0.11743982559417887,-0.8406038549910733,0.7229971953205627,0.09402915596430361,-0.2802008431544323,0.19801986668621652,0.13538474399359401,1.8671602293062861,0.48519888952425205,1.3015118995528319,-0.4246290881450676,0.0,0.08040938633770978,0.6212635185199211,0.3940891799876667,0.3318718229119,0.12576525767595825,0.35087368146413667,0.10251154152438602,-0.10136848308457402,0.4191123249584372,1.2826058539578078,-0.08208736901869074,0.0404067619478532,-0.14876889366535195,0.0,0.0,0.21776655270129702
2006-12-01,0.29455922335177576,1.3721503045832861,0.13977085359764274,0.15961695328226,-0.009202465438296059,0.7544428092924882,0.4787754605556138,0.0,0.09945301665092998,0.18298326099817075,0.013210273353703172,0.0970445359262051,0.0,0.825598084701884,0.22787012832896636,1.012698534108658,-0.05767567207843882,0.7419280778204751,0.0548245627768118,0.1163467263297413,0.7364501548357438,0.5196166536820535,-0.0318213091229147,0.3237296449792204,0.2734099837311099,0.7790062808580078,0.09770428359310301,0.7633624855071908,0.23436202903823755,0.48543784647980814,0.09055843049914358,0.13507125675049636,0.4616332909167298,0.08837826470076138,1.2827401015413464,0.8206376652188041,0.05351738837990894,0.10003753762255485,1.2146501372686025,0.0,0.42462908814515643,0.06705216282192339,0.0,0.07665745324736406,0.2614380574070374,0.9582991522072426,0.10487979369804279,2.579109002428215,1.1496599714612366,0.29250974704027044,0.46600380878150105,1.4775285582154574,0.15331095638062564,-0.5659324668901178,1.53825214885277,0.576796873553409,0.0,2.4592062805524506,0.29962569232333536,2.4386235183837535,0.1913876182283225,0.0,-0.7628425496048585,-0.3606961848810819,-0.47114339213196743,-1.4090836633497972,0.4720812008490505,0.5623257554360883,0.027150549965337945,0.1976285228212582,0.22113184160597044,2.6840043789814416,0.19341326044761686,1.2346987442829693,-0.1703577924784483,0.2959814065380151,-0.17135226246871582,0.8714541072216697,-0.2954211897431058,0.42508034251946825,0.0,0.3729323260261985,-0.10251154152438602,-0.10147134305471539,0.3760436250105137,0.23076043986627326,0.21094581829039782,0.36292801446684564,0.14876889366535195,0.3696861881326008,0.3894559965549327,0.3921264363176341
2007-01-01,0.0,2.827201644685662,0.04655864479969907,-1.769957709940062,0.5091716697045889,1.4197544630938808,0.4391689044418001,0.0,0.6934153588998626,0.0,-0.7009882327629668,0.30553762854728106,1.0331096851873056,-0.46355993389548544,0.7595952366440173,0.947991747820609,-1.7948577877741734,0.0,0.4375177884303305,-0.34944706497732625,0.9291966271705476,-0.5196166536820535,0.296445329711581,0.37681851550068757,-0.6744304278832658,0.3569435038976554,-0.19550412182516297,-0.7633624855071908,-0.346156339172321,-0.6071664068549865,4.765826522487071,0.9220676592521571,-0.28769585287191646,-0.09943104172229766,1.3114306625228167,0.6400952899518586,0.5012614656136449,1.1928692615471803,1.026596907989763,0.0,-0.21208915691381947,0.2008711082210013,-0.12812052449397981,0.07659873460541533,1.038970384913629,0.6979612631626608,-0.20986970060388188,3.068529731807512,0.40092751473057575,0.19366418274264774,0.7159432560408518,1.1928570865273436,-0.5672433077986483,-0.05676979999194032,0.866479372398743,0.5151403166427038,-1.189190085005265,2.0223056548479335,0.14947685892297002,4.856385429264698,0.4768726252083688,-1.1522761236780532,-0.4248036535572375,0.11649581932600128,-1.1876624162579397,-1.3079213522579458,-0.8825559456230536,0.1867414174795634,0.009048545452561285,0.4923692861784623,-0.2737034815077699,-1.0649727916657525,0.8658122479791253,6.3666467776437585,0.1703577924784483,-1.6212911157334808,3.997196712089668,1.160281391879625,-1.290340483590846,-0.6027318371011781,-0.49699829006826235,0.8145850143629119,0.2824146505437497,-0.2032521024920797,-0.10821579710880158,0.9987777222566496,-0.21094581829039782,1.7687807367150477,0.3047913315032069,1.7073585475881004,0.7290197801880893,0.40020997768123606
2007-02-01,0.2936822744178613,-0.4835898144778028,0.5337612213798693,-0.0812017909011864,0.15660419437955042,0.8458612477246774,0.4391601872101525,-0.08463817686807928,0.5905528974040841,0.7286030247203534,0.1976141314607993,-0.16936428935023784,0.6968600733254782,0.051612904371634016,1.1677577992930566,0.3514386227986499,-0.06855016671512004,0.4214876046589211,0.09999546308421259,1.0446989964655096,0.30543152438706755,0.597326798766229,0.0675447638204929,0.3992021269536572,0.06778271876228814,1.9024841602703457,0.6825987300424607,1.2375217427654128,0.18997603076353897,0.364742045704336,-0.22528308608720238,0.13489295243083177,-1.2786803522446988,0.04420378014291515,0.3459767674587333,0.8663063130644133,0.22649731961976727,1.276403859929065,0.6210939467970356,0.78431549472886,0.8456710018223568,0.400535777872868,-0.3853614757775681,0.30582101878122714,0.25806465934907763,0.09583875117433749,-0.5265886148730026,1.291908765268257,0.05361355951345459,0.678766114982654,-1.235039712737862,2.215074278758955,1.3887477518012226,-0.29600416284765174,2.6842216114475015,0.2791283983148318,0.2560196460902553,2.323770071409559,0.7440510516582677,3.037791207705176,0.0,-0.33167526259942903,0.766077617984795,0.4530413742822148,0.35778213478838694,1.1721255724001622,1.030064138000153,0.2794598931016523,0.2530274257967591,-0.09828010619079564,-0.016784241648881704,-0.3217160951777487,-0.5763694357789895,-0.431922724621181,1.100307334433115,0.7449041135458856,-1.0307648590610619,-0.2259547545672369,0.0499375790652401,-0.1779676568673061,0.5039666357864014,0.07544295231927123,0.015627544527996307,-0.4077477616656999,0.330215379491694,0.4260713966565355,0.3747076983788844,0.6045490879278859,0.5336113874458093,0.8428707335055741,-0.12491851579889968,0.39481760799596743
2007-03-01,0.487565828584291,-0.8922024165384457,0.011571415114719485,0.0,0.041170900989140335,0.28632804100148235,0.3692714713226408,0.08463817686807928,0.09808730555924683,0.8133712056364928,0.07790409960852784,0.42574238900678907,0.5984537153788771,0.15467907182982188,1.2094526619284451,0.7200939968595499,1.2170930629784138,0.21007947461919585,0.913496154741722,0.4608303086194532,0.7862237626682145,0.7481009996094024,0.09579926252705206,0.3976148379640776,0.7558978180224329,1.9822845059796812,0.6779708914996796,0.4719215931646481,0.4233517909438156,0.4842624475787538,-0.46634261693849766,2.178463610718673,2.27385625649541,0.18764838002489626,0.8597410065142697,0.7447757142053923,0.4056163561455328,0.7774525361075924,0.2331814111402153,-0.78431549472886,0.7341406858367705,-0.3336629629797194,0.2570645669635496,0.1525547712672548,1.2804272245988457,0.29530961673085443,0.31628787434723193,0.7618829876486544,0.41072215218758146,0.5787182255496681,0.7196559792474133,-0.1289490829871731,0.3267214108237937,0.3944778291016249,0.0,0.21618262639373498,0.4979666572335617,2.3602356160701277,0.8856146443711133,-0.5471423933683717,-0.09519277253824399,-0.24948037887826402,1.0033982490023519,1.0835840893664184,0.5934735519814716,0.20653812470721178,0.4901284143095097,0.833724143782888,0.35136754019742256,0.0,1.2409497581487905,-0.9714053720472293,0.3846101792137624,-0.4439071050537535,1.337812594617649,-0.0632629500341153,0.1835729530062835,0.6164042669715819,0.24931451458014564,1.004321078358661,0.6541699830826531,0.7418354057795895,0.8047651171341208,0.6109998641577796,0.32555625462942217,0.912115620802556,-1.1756542652222812,0.8870394713651919,0.9064483457063233,-0.4807701568103617,0.6907819185173025,0.46519317364419976
2007-04-01,0.4852001537704709,-0.762065191812944,0.4502788295109639,0.3244122877623212,0.2302443250520092,-0.25049216891037673,0.2496960165959905,0.0,0.8784829555734674,0.4490368103241771,1.1255249021605351,0.5736199459828839,0.10388190902892447,0.05150656822605626,0.8893788052844798,0.9204991625077596,1.0990928562516267,0.5232871146648499,-0.2433858865845906,0.11487652038733032,0.8083430528743385,-0.4206556402545303,-0.009482728996346168,0.19821612039887526,1.3719633862966596,1.3792073549267592,0.4814546701468636,0.4697049499869266,0.48796814137777034,0.36166404701889476,1.2335337101086807,2.0526636761923456,0.6311192324252701,0.19830346919293973,0.23434789203102824,0.5691534999789027,0.4745970836507851,0.38647784586309797,-0.16215204918976767,0.78431549472886,0.7287903157591202,0.6662163175570335,0.5121670852869187,0.15232239613931498,0.2541297428671818,-0.10793862401579091,0.3152906474316097,-1.201148597596191,0.43131652049934743,0.38265862600876943,-0.5074543081077465,0.8352120508184235,0.2559629088010773,0.9794397592287396,0.30856651316684136,-0.059728416094273484,0.7002322466536093,2.4306726723657412,1.023400744920533,-2.139038965545037,0.0,-0.166666705246854,1.1936036564385688,0.48038523126452404,0.0,0.05675779013802895,0.31381873099363133,0.6436803833478777,0.17971071419404794,0.19646371741650626,0.909750660271591,0.9714053720472293,0.09592559279116841,-0.8223814052442435,-0.41614708412520685,0.7654985758209776,0.6785105571470496,0.06991959531710279,1.5810606026642304,1.0874120597317294,0.5050877674725562,1.1010035835785636,0.1127643244040133,1.010109598650466,1.039245960552293,1.1985736239247924,1.1522761236780532,1.2133878056880043,0.6475166925012488,0.7202912294057562,0.8428606597113308,0.46227158434301696
2007-05-01,0.29000344320744276,0.6876968856829535,-0.11526565027981661,1.446970583399132,0.311628922029783,0.4468682027404469,0.27951913180919163,0.6745388139531627,1.0633256301368021,0.44702948004795573,0.23363271424505783,0.6191490592400761,0.3787010725478268,0.35980506562900416,0.30562072889388503,1.0368479608161785,0.5041671368743117,0.0,0.9789471506446823,0.22935789870999201,1.0572445293356658,-0.45699583737803806,0.03012521805745294,-0.09905894816943928,0.2745522087791663,0.4487773332506606,-0.09610796745009864,1.580693069783834,0.24309404236495524,0.24038473113945358,-0.0006047181108748134,0.37647915960370426,0.24615542652703937,0.2747707394509469,-0.2597157257541838,0.39648876636597663,0.89161466910328,0.7684904680871796,0.10137381192540929,0.7782118277367189,0.4140792666031956,0.7936573514464307,0.0,0.30395049104354754,1.2610507591929832,-0.3871351936477474,0.3143099636703006,-0.3510038704095386,0.31194482720007244,0.09641128747803762,1.5355791848223,0.637757263680161,0.17414528113794958,-1.1764841579586793,-1.272178936713786,-0.48903851613877336,0.25232816031444116,2.326219908311966,0.4354143308620273,-2.26976488917332,0.09519277253824399,1.078401160174458,0.4655192286562304,0.06843846508717277,0.1182732249049856,1.5254024222252305,0.9148940998962019,0.5484474442159382,0.49254566061156524,0.2939737540924803,0.14553876201830462,0.5356199200526213,-0.09592559279116841,0.6604708254492664,-0.921665510492442,0.6540563166472779,0.41065319508346576,-0.4052132911453121,2.755794406365819,1.1906966869728919,-0.10703969225573928,1.5937924438929052,0.10361055526662,0.8008050803342215,0.5578345298525633,0.5011532811316943,0.1985402112028467,0.766874923930061,0.6092087656604406,0.11954574047745581,0.4577592795849128,0.3958127320476885
2007-06-01,0.0964734315208382,1.4308949406540705,-0.011532711979977961,0.7949167454422756,0.16362598758288271,0.8524292426549174,0.2794827422337498,0.8368249670517081,0.6708218735116844,-0.17857206123332858,0.11440998805003488,0.9294574096071706,0.39909990643831605,0.40962678885163584,0.11980972329705963,0.5670754691456281,-0.20974361774488415,0.0,0.6503074006841914,-0.11461319306231843,0.4009978000913961,1.5010789206126418,0.3867582211865006,0.19801986668603888,0.18381665981639372,1.032848852908863,0.19212365616620986,0.3683245416295833,0.12132577454728732,0.239808268401287,-0.10383247886265323,-0.0668543255353704,-0.10085944506261768,1.3842937276692169,0.4493251871872772,0.3949229392329556,1.1159053944386876,0.38204829422907594,0.23278021246468938,0.7722024270217176,0.20639842208511894,0.5256217238577499,0.5095572948660809,0.2273581173420247,0.7490671729158294,-0.1418675180648421,-0.20943016997225783,1.3877919930065374,0.5410227923033695,0.0,0.7590366569565354,2.0761991448428496,0.18542130703611548,0.29542118974319465,-0.7448914070876,0.12002017401089304,0.07197697047773843,3.4114643801505196,0.505598765745674,-3.6440564767729278,0.19011412570240083,1.6366977464206123,1.514482097565395,-0.4113351320722103,-0.1182732249049856,-0.8728851588519326,0.19988289385786118,0.4547529437629372,0.49902081812609467,0.48804391649088785,-0.05141357209526021,-0.6430890330290318,0.19175925656522708,0.182130982249884,0.5874964443020936,-0.19500264270959633,0.28103028897064064,0.6595077614049316,2.449486574059012,0.3670570764881198,0.16223491404927515,0.4544979566948548,0.9471596569452068,0.0,0.5178736112759985,-0.24310843317039144,0.6164602249896234,0.1272426689047812,0.19360997674970903,1.1876624162578509,0.7104076824310468,0.39341807580668653
2007-07-01,0.0,2.4395255469080723,0.42585019564720383,1.1806512586988838,0.20415669987601248,2.6351756034353357,0.23984315260756617,0.4987541511038529,1.4224990931348103,0.08932589058767704,-0.5950888340367833,1.1223018455826406,-0.50229364698815,-0.1022494976609778,0.16312895441563668,0.9245787393480143,-0.7472014838701746,0.5205741998850044,0.30144539184595587,-0.45977092486291227,0.25718569766484123,0.7210448171197648,0.4171662803803322,0.6899978089997205,-0.7312598499263245,2.0435617217566815,-0.09601568871611121,-0.18399269220070735,-0.25384926164004895,-0.4801929995407406,1.5396742699690158,-0.02576439748329662,-0.7541889850352312,0.2810508822225444,0.7172548680722812,0.6734032181344496,0.9258931595310216,0.0,0.7151887298364912,1.526742947538695,0.3088010688576226,0.2617862735859511,1.1370953426967922,0.22684237257282192,1.2361096823573448,-0.24520889537464896,-0.10487979369804279,0.7264705261154525,0.3733725691473566,0.38213235956687797,0.6504591619000522,1.5446708114306595,-1.035796284124757,0.0,0.0709075245446833,0.42384688247594227,0.13182337579165093,2.030244340058296,0.3063685883627265,-0.9846506285107637,0.37914737362623185,1.129955525393278,0.45641338929369724,-0.470535096644209,-0.2369669355318571,-0.12298120873408536,1.0070992529222167,0.4526942995776828,0.4434597067865198,0.5825259191079901,-0.2892456341649918,0.32206147000417573,1.1428675458845738,1.4252976402890916,2.070467336169024,1.9881671916908594,-0.2290371431999283,0.7145368564232868,-0.8880637939038927,0.022896393917992697,-0.15877115353504223,0.9916024285868907,0.2555237865846216,0.0,1.818786716727061,-0.7328728541264429,-0.23218027611582315,0.8231541445395507,-0.025439517286951485,-0.35482000560973503,0.8590329274546171,0.4212008618266315
2007-08-01,-0.0964734315208382,0.5163306425054692,-0.12640789310625067,-0.6279455484842877,0.04893565059731486,1.5721444790647077,0.4690377481505692,0.7434978487517618,0.28208763416417426,-0.26821740216567136,-0.11183998315846821,1.079059786933012,-0.5066967047834936,0.35741677058416244,-0.13048453542419125,0.6991452666932574,0.5657045624804624,-0.10390495314096526,0.07079646313403742,-0.2306806097915448,-0.6442087222032988,0.4806282703877507,0.07292149507831525,1.074753872358336,0.13774545278266714,2.82429281635892,0.09601568871611121,-0.8321823337491097,0.4080512968215544,0.3603607503298356,0.8203359733322202,0.1279197531993681,-0.7414187458666177,1.3509372389532537,0.9111396033781638,0.7244389442496946,-0.6156349218958468,-0.0953753223664755,0.7400120673701771,0.7547184788757377,0.410256985677826,0.0,0.6261756963323428,0.1509428770323673,0.9780029053640504,0.6571230955403351,0.5232921870532259,-0.34485841941247486,-0.7384536112712503,0.0946655416977471,-0.7540968538378046,1.2793351459909452,1.2208744167701013,1.0758049966550054,0.5832180910043228,0.40656414732973545,0.2750704359529621,2.0766681111579643,0.3849860385440884,-2.4109907449093804,0.18903597311688003,-0.1606426048273768,2.5688543312783807,0.17240392753734568,-0.11869437595279919,6.017449696318167,1.3137589916593306,0.18050546417303082,0.17683470567426696,0.09675859487359162,-0.4740133624747678,3.372290049164217,0.6606926854016315,0.27866260070661397,0.16380020042392474,0.5189243987630654,0.20294988511846412,-0.15339323624257162,0.3280996615676379,0.2971770389157413,-0.02763765461271106,0.7227945899109578,2.966981111763811,-0.6000018000096752,0.5074742984940706,0.021626949856701216,1.316264241071785,1.7130772160914631,-0.18355873123629962,0.35482000560973503,0.6340161187314841,0.45833900506738656
2007-09-01,0.1928538815071157,0.9976523166452367,0.09194885703065481,0.392927813989008,0.47992933864726695,0.20325210249216852,0.17986666463789547,0.5744783956892263,0.2812941376615363,0.17889151157799432,0.09514664984555665,1.1273630812840274,-0.5092772011288105,0.5590865897306507,0.07613333701073088,0.6312216486787037,1.301371963769249,0.20769093662096338,0.053064474580288845,0.6904515346544571,1.211841424505522,1.726265608658828,0.7076388708721737,2.020270731751772,0.32788786474124976,2.2700250551236145,0.478700440994384,-0.8391657636249938,0.10999891110232696,0.11983224921090496,0.32810935403153607,-0.2028866025873377,1.9719905226616596,0.8905911281388512,0.6748624814440163,0.3879195776165467,0.4331447673701305,0.6657120544300454,0.8037707904653857,0.0,0.30659196218350004,1.2987182380006956,-0.375239402345251,0.0,1.4493007302566419,1.2594171285261524,0.0,1.0441773470694748,0.18590695899201037,0.5699180979243046,2.1033966868642118,0.9038928669871993,0.10395611678326588,1.1605546120308396,1.5272151409608803,0.7734631238569989,1.1045898876438365,1.4892045586829994,1.146144351900702,5.233902422398451,0.09438415047053894,0.800644789374072,0.4933284307908181,0.5839599808651563,0.7100621549575692,1.0004823886265335,2.103658989600099,0.5395696543852857,0.5286355923147745,0.1932367751053654,0.4465789708008927,0.9283202303549842,0.8524244339797704,0.7919265303700129,1.300831351300058,-0.5126713112990622,2.0982802379755583,0.6712097058125366,0.04678362658427915,0.34180277096131917,0.9936372429296014,1.7327928710898277,2.678501822770407,0.6000018000096752,0.30657201281041324,1.0257324523921252,0.9248224847222097,0.4206365227216402,0.27521758363340254,-0.23640672948808117,0.5650378361638175,0.730516084435528
2007-10-01,0.5763748997517304,3.998595409594241,0.527106062769267,1.1696039763191557,0.2836191682802358,1.2276282989888365,0.29957128946973555,0.8150004361923813,1.0246945737995006,-0.26845741881462715,0.8502288037820271,0.31049279168868793,-0.6586192852856776,0.707073652920176,0.010875268543930616,0.5678494154768288,0.9299771124544165,0.20724937894485151,1.1078984332035802,0.34344624486353226,0.4751584190398006,0.511299151166611,0.1346255548395625,1.042169546241567,1.287865291326895,1.5647007093924081,0.28613553156180416,0.9319731948802534,0.2525392503293311,0.3586375631226879,1.617880984255926,0.12168571999762179,0.7213423499834448,0.2635325406485478,0.3388058805052552,1.2094704883344853,1.4669839089146208,0.8494710646449022,0.7875537710106073,0.7490651193675202,0.20387366898475534,0.5147980566532873,0.12523240750503817,0.30120395623605134,1.4285957247476055,0.7557940826709242,0.2085463983246605,0.7988692491186278,0.1544605438033031,0.18797719373662147,1.7113363089559464,3.0135219793406165,0.5640952044320358,0.2880462865354261,1.3755521063337994,0.38894192737455313,0.8819954865278312,1.6739533876021007,1.414450738616413,0.6912781322293782,0.09429515078709372,1.503787736454143,-2.10399855682164,0.04565688927611333,0.23557136924594602,-0.14143749418140672,1.2178504477960317,0.5366739177940616,0.3508775529679653,0.19286409064056542,0.5483596810382352,3.629430619276963,1.0115639352145323,-0.38528079272310833,0.6441246102856901,1.4057279251884935,1.1994955655593387,0.7107002098877047,0.04676174974154179,0.6575241918517882,0.5288748610806415,0.0480609355124173,3.3653156454175104,0.8933061885476157,0.9078411328715674,1.7963709052506882,2.1029731984544497,-0.2348434427081436,0.21368819194931277,-0.3556613114846563,0.9168034706198647,0.7391967688684281
2007-11-01,0.4777818709382764,0.7667406577043678,0.9327723672600818,0.8490981156787036,0.2505355494813344,1.2292513590915988,0.37909194350014275,0.48583091510776555,0.27764941482910643,0.26845741881462715,0.45479283081713007,0.7526678455969105,0.07339449870746861,0.3516707969966504,0.47722532223479774,1.2337936036950659,0.7266661377687278,0.5162630764773191,0.6102363981036696,0.5698021114637797,1.7839378244552506,-0.7016414108108826,0.4962430147513075,-0.1886793012578103,0.7138783479938127,0.06921470372454053,0.2852964772359634,0.7393749024938501,0.5468080116235008,0.35735594908654633,1.19684643596214,0.11454494426024198,0.7142694980850628,1.13054695195558,1.8703521249697985,1.7335212001546196,0.8119008148530504,0.562318825283814,0.18614116444961581,0.0,0.507873107901613,0.6398044770619116,0.2500069948402128,0.3752336075930174,3.0270064302756694,0.7874519924722101,-0.1042137134518839,1.4203619103175136,-0.14217841540826726,0.0,0.5871539981280094,2.64231340225356,0.3781156037482525,-0.6734032181344496,1.2867362800524695,0.7029984917940268,0.2689273763425426,1.5009164438559708,0.7462721201589417,2.882056050471693,0.6575880906157572,0.6264703339327937,-0.1289490829871731,0.1482410899216191,1.633641931969354,-0.9466826780749393,0.1365720629797451,1.0647837955846562,0.08752735788544186,0.38461585874784987,0.3464888413358125,-2.303557040182369,1.1019375528551478,-0.0891221527526298,0.7993647680745397,0.7628514185753943,3.0070034063609974,1.3534369443953587,1.2543718478529975,0.8998935868570257,0.6444976253423107,0.5380732624786333,2.1449433632489523,0.3944778291016249,1.213133519031473,1.9298106518582436,-0.5915525928266163,-0.22299315484266558,0.5922034858260261,0.4739345363896419,0.3108655732106058,0.652892941610727
2007-12-01,0.7597435614465908,2.1816330474346834,0.27137814166993124,-1.4711841031890494,0.12906350101626884,0.6254134934423838,0.7374438698479757,-0.08080808520540828,0.5529968009460262,0.08932589058767704,0.24289378801238826,0.45618810362491047,0.3661666485962556,0.9980122756724441,0.48571653728588515,1.6591583706138557,0.31510684089726126,0.6160267590326285,0.8567401285298537,0.0,1.1340500668394426,0.5040291604187175,0.5700088007741577,0.37700327405421064,0.4178964192422363,1.0354411530071772,-0.19011475079890872,1.00779597813494,0.37012887889567025,0.47449673842256956,1.2927421241964332,0.1122860173022211,0.41366310914980886,1.2310712553992964,0.9311893305701702,0.16098742409029754,1.1484507239533315,0.3731385702974599,1.0902471307208117,0.0,0.10126583143863499,0.6990783316801696,0.6222791230478641,0.29917640955465785,2.4916351264534953,1.3021043186886239,0.1042137134518839,2.7607494321489234,0.829289515064513,0.3774520437019646,0.2873422834119843,0.9591046722925434,0.30830740950067437,0.19286409064065424,1.2086586338848626,0.41259661996591035,0.011676104864744019,1.5195210788103708,0.5560718684697541,2.5567537789866535,0.2805050927608299,-0.07809449830720183,0.5533051496167118,-0.4224956327522733,0.8069208048446797,-2.060194701961038,0.5832053855380437,0.4403353658268827,0.5235614053945348,0.764822083825667,0.11306106523090165,1.3085239548655814,0.6372359736919186,0.8287340248571695,-0.8796538129336007,-0.6987496424871509,-0.4338609107049862,-0.42975512193894616,1.4210644823674734,0.43577922474575814,0.19254736422027463,0.5421455947369758,1.8096894020072973,0.09837679101325492,-0.060235280025633386,0.21976410341508767,-1.2050373872345865,0.29721384108007953,-0.0671207816805186,1.058210933053605,0.7039395054119879,0.5179056169172557
2008-01-01,-0.3791502696095961,2.9317680970292415,0.4056686297452039,2.693506426266623,0.08863462970989389,1.0770339099199333,0.5385232787810779,0.0,0.9149194653589099,-0.1787316436658415,-0.287935242855486,-0.0364135250804587,1.595392794224182,0.7912998757324985,1.0497256379142783,0.7286588862187138,-1.388328844643727,-0.30753901905660186,-0.31069326796488994,0.2270148534538663,1.0850376048251675,-0.7777633116845983,1.1356536289055974,3.8750235609905204,-0.6210030274498735,1.47224690665535,1.041186501388136,5.375531733415961,-0.11959773102656612,-0.47449673842256956,4.8212391290479495,0.05127062067673549,-0.27482716470075275,0.06167129396823512,0.9818293147034751,0.6413704508592133,1.1231353180909842,0.9267876295229627,1.7561992166891471,0.0,-0.5073577600701817,0.18981397364807862,0.0,0.44709303228671615,2.2124796280635017,0.7107392193689499,-0.1042137134518839,10.97844549526883,0.35097901925071895,0.4679254651586362,-1.0643160098480209,3.126356942495434,-0.583158704835629,-0.19286409064065424,1.402623058744279,0.46243377637154026,-0.9737860723684655,8.54832998779731,1.2856008101534755,5.049714748202394,0.3727870114014209,-0.0781555334820716,1.4396070013070528,0.2742545428306542,-0.46030000719605724,-1.211183440464847,1.8944566574715438,1.3961832381769845,0.17781072352205385,1.4184634991956102,-0.12611227956975668,1.5873349156289684,1.3519855081367993,4.062547295137975,0.16062158753200606,1.0481312510183471,2.081863937408013,1.0493982890943165,1.7595761890379258,0.05573204179256663,-0.7452107868933133,1.5469212868087112,8.64983897370557,0.7835495523948133,2.039856356008052,0.7994307230421605,-0.5795141495426037,0.7760093139086877,0.49583235393138025,3.6743513372820225,1.4024353572320791,1.1114196830701648
2008-02-01,0.2845031247827201,2.130215984999051,0.7171751896855483,0.07590133191719417,0.32164710908340055,2.595467704404175,0.48890696900505404,0.08080808520540828,1.1770167570154477,0.357144407182286,0.13745241132046004,0.402003846547494,1.2866510593251057,1.3698844358161821,1.5017109734144718,1.1067506907399327,0.49604669079021946,0.40983855219050014,0.5172871264154999,1.2394524869708157,-0.033007658076211754,0.8519136755352541,0.9391416275975395,1.7937700686667668,0.15589931335764362,4.514480263870446,0.46970647624933193,0.0,0.21734414119842782,0.5927699633275552,0.12541804958896563,0.02592738042244136,-0.760407943812691,0.18478600884801466,0.6904107913138446,1.0598933348505923,1.2343526468741928,1.1009274136927871,0.6542432336931192,0.7435151898243841,1.3138137437431752,1.3636825445535017,-0.24844250463509354,0.22279914788478905,1.7354014693151676,5.834627685085181,-0.20877433653465616,-0.2863198428558533,0.7971563800876602,0.3755291689652829,-0.5716306996108145,2.824107950103638,1.117584901485813,0.3853569315990235,1.2347389001099884,0.29683084816527483,0.42353004486228585,-0.1402576541155831,0.9986465200675809,3.2355763639443147,0.37140246963724977,1.3204075333377752,0.2652688980525397,0.6710289609034525,0.5750447128437308,1.6880570312970633,0.4869882817952309,0.948691893175635,0.901719365018927,0.3748832881520059,0.009794035593202466,1.271410769562209,0.9799592030000248,0.5644417619676823,1.4800237764113433,0.6757439422907296,0.6138323650966448,0.8012634083621961,0.35714323675968274,-0.03343549766450238,0.4139322281960567,0.48448565772902796,2.2359872399984937,0.6806054469000067,-0.1665475262668359,1.2847586305840153,1.2682765404408158,0.9160369398663271,0.29000016063438494,-0.9060084624403331,0.4106669538670893,0.8043601068258892
2008-03-01,0.7547148691622318,1.7389882988437577,0.723153626374895,0.3786449052501695,0.0882718831141105,0.9601081071032525,0.47894373583687866,0.24203319600646367,0.8960633432529619,0.3558734238063188,0.33764848900785793,0.829884013238491,1.4104606181541968,-0.8294753584149994,0.8049790535814338,0.39287841461126405,1.0032596922943782,0.509944654444805,2.059647276049059,0.4469281182296392,1.6956216397060686,1.7633109930545565,1.4687654058412214,2.4584205630538314,0.8836104929074828,7.237870048311912,0.8399516535247287,0.0,0.7462317654817419,0.3539826705123872,0.04619747755656434,0.345171972170899,2.2718430476809104,0.47068540801644687,1.169262079028499,0.8921602077885282,1.1353477759813657,0.5459577909689095,0.9500160644070554,1.470610498634528,0.8995562908578059,1.4587349431714358,0.37243267587570017,0.5179534322600432,1.282068842906181,1.6827638633948538,0.4171034926358175,1.0382887502409233,0.4393189099275219,0.9283399968705197,1.298979096260755,1.544118448837839,0.7456819096434586,1.0521378741533027,0.5040182013536842,0.7221613195822485,0.6786032827424293,1.1604125511391672,0.09029345985922532,-0.3261463300546552,0.0,0.6920442844573493,0.7790941644886473,0.9813400055758592,0.0,0.9453005608811793,3.032418259638714,1.1945534537568747,1.0400892206912538,0.7455766131343466,1.4696038000418632,0.6779686985379563,1.2334981638489673,0.0,0.3955417333483702,0.08959380707063147,-0.6043452079310896,0.7713276145016934,1.8106036685717974,1.295770940164953,0.9503082831142429,1.1812698967468727,0.1513667150180531,0.579711768432567,0.6212206387682606,0.9561680890353585,-1.0861063887296574,1.1363758650315248,0.8630791756821132,0.3407158321615533,1.424234445219863,0.8846495937087162
2008-04-01,0.28155460704812896,4.243793517154426,0.2325177122799893,0.5277057100844473,1.5520228759096533,0.7335187005218735,0.5484257665879788,2.3886485984847106,2.030974886758319,0.7961147063787699,0.7869185929713751,0.382334248786087,0.6978395381461944,-0.3927349181497952,0.7055438278944948,0.8402754549040381,1.0207454483009748,-0.2036615452484014,0.5376808719395498,0.33389012655149486,1.8618799177873235,0.024272826689841764,1.5069052968524232,1.975160818951327,1.0705120450144712,1.4153668552880916,0.18570167113427516,0.0,0.3334591375826257,0.8211189830394261,2.5471353440977396,0.4213161109268171,0.6315964313807321,0.7930900746750069,1.391035676158392,0.9877907195432023,4.139980287316192,0.36232291701727704,0.5694348684842865,0.7272738588310457,0.09945301665084116,3.331994749840028,1.4760474685138192,0.22115667192492694,1.4752638475037827,0.968016756310508,-0.10411544264927741,2.787129873906391,0.043049664789407416,0.5536451210619298,0.6728035669315346,1.8378463751407281,0.24733008673303303,0.8526816229161405,-0.47004056124215765,0.2273091446816089,0.3608221338891049,0.5388885747194649,0.9878841004696604,-2.201923824391816,0.27764941482910643,-0.23014969882790837,1.5402117913022373,0.3697276073282296,0.0,1.7987041926637026,2.990696786970748,0.42319149065805917,0.1566498153349194,1.4746811020150297,0.31250134652145434,0.7692345623155461,0.8718390124623276,2.7753862782170735,0.3407860266889884,1.5621846824040553,3.1660027825738624,0.8262182011034902,3.5679692675591568,0.767295225610809,0.4384006905758575,1.2534433907426035,0.6173215578594515,1.7192400540372077,0.5794317214045108,1.6630841849911704,1.074853364467554,0.32403268676093333,0.6046524439364376,0.6779686985378675,0.6042373039287341,0.9563972692389854
2008-05-01,0.6539017316771201,0.39311385703664214,0.8918362140754255,4.412480490893866,1.1932941094895178,1.8640299398041016,0.7869850106672516,1.5613119657189145,1.904819497069532,0.9644998399741311,0.7908325896970325,1.147693663073568,1.1752641324600965,0.2946956946108692,0.9262254960029637,1.8873281033187084,0.8109753317193658,0.6097553630920238,0.9672384254462152,0.33277900926744763,0.3339644649121176,-0.15382750068102524,1.0433560444155,2.6847250036187376,0.6724762740005552,7.538049342411224,0.5550338258522025,0.0,0.5355051888796147,0.582412828598855,1.3651830497919626,0.547360541020403,0.6999433998775118,0.6259485354451755,1.4228229328896447,1.794459840386775,1.5336363724325786,1.0791459614241106,1.3957739832193283,0.7220227531145262,0.6934153588998626,1.3530069155129887,0.6086441753373251,0.5141380772256454,2.2751756983415916,-0.07719771653151852,0.8298837484332466,2.5287450972023784,1.4623757952253236,0.8216946063693165,0.14780512125724954,1.3370234563173433,0.6491349039169592,0.6582064195639781,-0.3293335739958714,-0.10809970771230581,0.4405293467916849,2.80013998033386,0.9782203394459899,-2.4414358171285677,0.8283526426644094,1.9019211563692906,1.8803972857610596,0.3572229742002442,0.0,1.84934200628728,2.655412315126515,0.8410478508595887,0.36456474938457717,1.1823693905740562,0.4371548454919605,-0.19175461292721963,-0.17375264544750024,0.9986465200676697,-0.10571394000349343,0.6152622981557165,4.314038035948631,1.083403989744447,1.4672239732573367,1.075220785017006,0.39325443399009785,1.9853367301032598,-0.47397866553913204,2.1546500991928674,1.2379069438383183,1.4812291753229623,0.04500450120961119,0.8708674186166832,0.8385557741779515,0.44943895878395423,0.7999972162412661,1.0423268982195657
2008-06-01,0.27894797151510886,2.8290750549513355,0.5465602302836103,4.432663744554599,0.29611180367821177,1.2437593974092387,0.737385200099272,1.2317322777579243,2.7074411764956174,0.6956571996626693,0.16907824211847,1.4782344374909329,0.6554760576809038,0.6355435716205449,0.8669484001430305,1.3883428260062836,0.2899866101005344,0.20242473867542188,0.6121792778292168,0.2212390282941179,2.3535666504180597,-0.9197899691643308,0.7539349505681692,0.5777977279889157,0.5743132884620472,11.995809486969033,0.36832575522307565,0.0,0.3625123918787665,0.5790404134704552,1.196804070313906,0.5720749387446489,-0.10014918461598299,1.2402639480470157,1.614384837135674,1.2121360532344028,1.0841284170992616,0.08940636680385694,1.0410149900416776,0.7168469328303839,0.4923692861784623,0.8977431921461942,0.12128328617730944,0.4385956042756156,2.0243606276646453,0.7442083184740156,0.5151940575441216,1.134429974175255,1.4393910528017528,0.636211643092377,1.0285637037639184,4.057196326504364,0.4896515458653994,-0.46970494998683776,0.31215128412007687,0.4129743633743743,0.357947382937418,0.2680021351619821,0.353357258131215,-3.128272079569605,3.8656498454626487,2.529896831925882,3.622939134079317,-0.17845197686829906,0.22909517465556917,0.8033959873420926,2.078100943865646,1.1657084542212814,0.7664460098808057,1.614384837135674,0.4998508426593773,1.1450506787996417,0.43383710792648245,4.504072542430304,2.807290005082397,-0.18370702127032956,2.7809034451326653,1.2363710289914565,2.344339318993871,0.9033290805637861,0.47450359615899274,0.7126683514009358,3.0407817954816174,1.1060020574928053,1.692742983569584,-0.36179586379478934,1.8169144967489892,1.2746543404384525,1.0026552031726865,3.307909097658346,1.3848030763058183,1.1799692827504598
2008-07-01,-0.09288871841537372,1.406527972751892,0.5219140709820991,-2.0160571598362154,0.6205418609574131,0.4662013105812157,0.528422270715545,1.6692345089023952,1.9016695435309927,0.3460222051486106,-0.43669428846238034,1.1242132823401363,2.2610808518455094,0.5346306780591448,0.47617585240695703,2.116315627482912,-0.5990215770072638,0.6048487666909352,0.17304606518360188,-0.2212390282941179,1.6059907072930812,-0.738677029156598,0.5844800150627272,2.197890671877545,-0.48122961700096667,7.6271834757905665,-0.18399329787994745,0.0,-0.2130833962008971,0.0,1.4585255600876756,1.381377903870984,-0.7794610853021133,0.683543203306769,1.243350363842488,2.0865138463961763,1.1418704089800613,0.0,1.36241515596085,2.120233169946628,-0.19665689720405055,0.9487247214785555,1.204833035721986,0.5092753635714153,2.766974941925149,1.9006777131166608,0.20534478291569513,0.424764363826835,-0.3422488000933477,0.722876291563157,0.6217837967024131,0.22480339178834186,-0.4896515458653994,0.18814680997056854,1.2875460787340032,0.5557549357959601,0.8607386589065236,1.8423410135566698,1.9214564944624257,-0.7481822654550108,1.1398632841668643,5.433788342755275,2.1466490767874546,0.15616288728539374,0.5704522029642334,0.4174407221898768,3.282637520255527,0.4130530449289793,0.555614146703487,1.2378584232640044,-0.5807351002910188,0.47326165000978193,1.5464197733032314,3.061463581960666,0.8153169785224179,1.0854795334295453,2.428690802592115,1.279915806848031,1.372649731357356,-0.042831138892296394,-0.20544994529068106,1.7730740620099716,1.818944038824899,0.3659656417539736,2.2850327570996143,0.5743631957372486,0.5617682890671993,0.44465320161712896,0.5237322825447421,2.5697345495284907,1.5594863305016915,0.9445673924328879
2008-08-01,-0.18605925309973514,1.1574590033365695,-0.6091706976468103,1.6022634659557333,0.547524020599699,0.6430890330289429,0.279629515689539,1.34531176971171,0.327064886812245,-0.17286143844090773,-0.2608734214758712,0.9227600810106651,0.24338820644675963,0.8206659624111268,0.19185040468263637,1.7717674583309417,0.3544008434730017,-0.301967081504273,-0.09884679552767395,0.11068069751916099,0.09151922542383062,2.3850383709625333,0.2096527578336449,2.386748140664352,-0.21501131214574087,1.291405433822046,0.4593500439534104,0.0,-0.032001707030815396,0.5757068290067835,0.6394670371745015,1.3452009977397594,-0.9439659083240848,0.6789025928303438,0.4985082497669602,0.9297840410428471,1.557921607985513,-0.2684592632911986,0.5094934459057399,1.388907181664667,0.3929278139889192,0.8769021682205391,0.8348239294326376,0.14503213617222954,1.1628037995119023,0.6231547917145974,0.30721866757934535,1.597847513234818,0.5912323412196052,-0.1802269014605784,0.10648081931501352,-0.14981276210219718,0.389690411313115,0.5623257554361771,1.346364271449385,0.5758246821204516,-0.0914599354938872,2.2291521321624153,0.6037103286342216,-2.0767519532477685,0.17421607193881528,-0.1392757885303908,1.1579196237783584,0.1892990933299643,0.11370097870750939,7.056790253899425,1.738253499027298,0.41135393257931696,0.5831516858274988,0.43840491085340716,-0.5059738687698712,0.5649732542118535,0.5102042752129776,2.563182902628025,1.3169740598053536,0.3841653822832747,1.6795356308842102,0.07663699236912791,1.1957097421122498,-0.5692513089598172,0.1723444063258306,1.924839076383833,5.824450299684525,-3.0600440448718125,1.9648356239048148,-0.24482006998614025,0.25231761507651385,1.0106376314729104,-0.3999576050418341,1.3648505831559632,0.5785850017376859,0.663203233808026
2008-09-01,0.27894797151510886,-1.1246571830219487,0.16353415100827107,-0.3461408786584741,0.03075740124209858,0.8757013289127258,0.2596322675652907,0.8869237740780633,-0.5730674708985362,0.08646807056198469,0.10086155057447144,1.0607425422445083,0.11754749776455853,0.33597343818367875,-0.19185040468263637,0.9466997700402935,1.2350844402274852,-0.10085506025028224,0.33732394485470607,0.44150182091167167,1.2213568398329322,1.8173623090738111,0.6572091635053567,0.31397200046674456,-0.020721090805775333,1.0116726456097958,0.45724966374569576,0.0,-0.06403415373554822,0.45819095051120584,0.1514806374736999,1.1074794181089587,1.9365454837058316,0.46957628840456067,-0.15312263737756737,0.14602095561224715,1.0991647583844966,0.0,0.9671266801397849,0.6872859530244746,0.2936859673310366,0.8870913839563954,0.0,-0.29027492109499065,0.767758089903392,1.9157430008848841,0.0,1.0477817731129768,1.4425313509428328,0.09075645190588233,0.7229992452369771,0.14981276210219718,0.11106176174910942,0.6520749700436923,1.1905799576012122,0.6791424931683387,0.8314872211804492,0.3105802239981692,0.3433479767891434,5.4194650388001975,-0.17421607193881528,0.8327598437761097,1.1000223168118772,0.432925136402762,1.466467340424682,1.5728477460632106,0.792859740431151,0.7361996441068719,0.5696282313315315,-0.1751313932735421,0.5325895834738859,-0.28208763416408544,0.33870452675337503,-1.3420262476041778,0.5028208444337601,-0.21415414404435396,-0.13888891121549563,-0.43354626911416005,0.07920792493321116,-0.05387060411479183,1.0213327153462792,0.8736181258216291,0.22830633544641543,0.18814680997047972,1.3922140397578886,0.45052751708380967,-0.6044306549343403,0.5992182022774628,-0.13839873683636483,2.6750566288651356,0.575270804136796,0.5170828898447675
2008-10-01,-0.09288871841537372,3.608657786393721,-0.18535745631478306,0.2078282701640788,0.2687244889406415,0.17717411987394627,0.44910833314544263,-0.8127122678891929,0.16406894574609865,-1.0425844452892186,0.5299090489510938,0.8770940113698167,-0.716414463072379,0.5733412743432531,0.3430412900687685,1.0315473945897935,0.8386915685117735,-0.20202662493638002,-0.09038991535348373,-0.11019284861566447,-1.0507447276434156,0.007898582208554217,0.03160594130102723,-0.07840063122088736,0.34363831985730897,-1.1438597126508299,0.0,0.0,-0.05339313491150577,-0.22883305180121383,1.112297788338168,0.2822282666055109,0.0013521527645998788,0.38963618357144014,0.49679370634434505,0.6303051170486462,2.407990484134448,0.17905289648734168,0.44932926246934457,1.360561334172239,-0.19569477869616492,2.110480100924228,0.0,0.0,0.19102202561196435,-1.1239328588705355,-0.10229468551736787,0.3502630551201591,1.0202969455770372,-0.09075645190588233,0.15356563148403168,-0.29985029962569243,-0.15552102668063839,0.0,1.3355730530062004,0.6791343732230004,2.1100670633926732,0.10780219343420328,0.4275337850402572,0.7995473776198025,-0.4368726913408061,-1.1818003377528363,-0.6046373811864569,-0.23288061536836935,0.33538320984307646,0.5559834186668056,1.378975570313301,0.0,0.616817770387712,-0.17543864148930055,-0.1544655617773394,0.28208763416408544,1.5100800299530093,-1.88581158110388,0.30902053891574965,1.0986624943408074,-0.06951686063754181,-0.47635340160328,-0.23781224049672645,0.0,0.15720661165357086,0.04650904151590751,1.8352568329718544,-1.2293299024638493,1.5220416580684848,2.567583491404335,1.40107370695981,0.3326263318008671,-1.0152669936076997,1.31116351393743,0.3816694145110766,0.28805790256048514
2008-11-01,-0.2792075653247572,0.5781141452210647,-0.5910588831546271,-0.6944472352811815,-0.2379765449672,0.1326748923151655,0.3594208268923538,-0.22279994363119116,2.828471383858222,-0.349957736419082,-0.6682762208992443,-0.13033078805282372,-1.4662891153055746,0.1903855882066985,0.28164321439207995,1.2287402518435186,-1.000097629377894,-0.506843115597011,-0.941610987845376,-0.3313089722960072,-3.3333840569762074,0.3154327984066896,-0.1608096429512429,-0.07846214604176893,-0.42541400461111323,-3.8793558786437643,-0.45724966374569576,0.0,-0.47109294832736737,0.0,1.3175832666414422,0.2117855244992306,-0.2684859561907338,0.009721479616864315,0.010890873458713202,-0.19351723504090756,-0.14513291229123482,-0.26869971319261055,0.12298162569326365,0.0,-0.8853968317254157,1.7175626611392936,-0.4761821359212881,-0.36403257864865424,-0.19102202561196435,-1.0798760295592125,-0.9254628225217942,1.7230379887209324,-0.3832891918673198,-0.270346273917621,0.27773805144644115,-0.6024114603380148,-0.8485034718426654,-0.18587365946247658,0.5792382496252912,1.1302620818788078,-0.31145742641447427,-1.2604354711304389,-0.5990604137157796,3.025440835780291,-1.1448826066295936,0.557881502703772,-0.05617030985183291,-0.3670545247814516,-0.5595985504120549,-0.5539525578251769,-0.317202032008268,-0.5721306983608621,0.30196298737195093,-0.17574696966464742,-0.6395778712987799,0.3748832881520059,-0.16665775108624103,-0.6631241929278886,-1.6976802102504962,-0.06838637407273751,1.7919156240265188,-0.6295354033198919,-3.226086221822211,-0.724680041260406,-0.8215450958667603,0.3644465851231793,21.617230190358683,-1.244630715111672,0.21812304566237728,0.8290007503336305,-1.037977087542341,0.18304546925316245,-1.9338738733381433,0.6989544181712048,0.0,0.009812283785930295
2008-12-01,-0.1865686418109469,2.9588741676030317,-0.21980318169632085,-0.27913486372748153,-0.3233259167735092,0.4263145008667202,0.27970539600810085,-1.3473257703732422,-1.4446479173396476,-0.7036111547972901,-0.5004039359542745,-1.2057079465233933,1.2949506127856836,0.8522778861983937,0.44097174519617255,-0.4215147026731536,-0.983008321467782,0.4056819659690625,-1.7665493507164953,-0.3324102783839322,-1.4136078949730901,0.173064863838146,0.2922868225294195,-1.2638398871722245,-0.5140440267448199,-5.959653878109439,-0.3673110781023503,0.0,-0.24713922211976325,-0.22935789870999201,1.8831052881006727,0.3203124006882163,-0.4670213047306859,-0.5654138674022313,-0.38188808004600006,0.0968054286635045,-2.3467909112566687,-0.3593930898826869,-0.03512016888720382,-0.6779667760031138,-1.2929071198857223,1.5367543288441254,0.0,-0.1459848989185275,0.0,-3.4638070664676945,-0.4140809928920852,0.44377279081411203,-0.5828263023344604,0.0,-0.047830870955323235,-0.910476699292051,-0.5847312286199724,0.46403795565019834,1.2660488229299993,0.6901735116431773,0.1336005542742491,-1.5462631548322392,-0.8620743043906032,2.8651098490869664,-0.9790910434618105,1.1065119812480262,0.7500734858521874,-0.7269505815284738,-0.11229647446242552,-2.3224396282283344,-0.24071538445866736,-0.4106781952654792,0.3611560907916811,-0.44072349874078043,-0.4775397393432357,0.5597029536717812,0.16665775108624103,-0.7552410871478621,0.016806700768956517,-0.8664011435841168,-1.3755375068485343,-0.2474228066351003,-1.5280082550777507,-0.6206803831964258,-1.3520633224850087,-0.00946635538712215,3.4667112910126363,-1.651324556116851,0.09070829733834884,-0.4105309530348933,-1.8511862668312062,0.932885036253861,-1.0396354780497497,0.8915363657954423,-0.19064555130396954,-0.29489584693016596
2009-01-01,-0.4679444706624736,0.7224816921636013,0.09896623323175646,-0.46617816762459796,-0.00598959480093697,0.3660594174765386,0.4786503444955237,-0.3018870217252001,0.08080808520531946,-0.26513579222493533,-0.84730856967834,-0.7629034082026642,-0.06022033774577551,0.09425071385722461,0.5882561501691974,0.37523496185505323,-2.3659975742176265,-0.5073574068910958,-0.346914084861627,-0.33351893061377424,0.2805050927607411,-0.1966878412305917,0.7049274296661245,0.47581374464167325,-1.2399266092835148,0.39691886900552475,-0.1841627214600905,0.9987746046260071,-0.40965990883332637,-0.5757068290067835,6.270259137322398,0.1646543226344832,-0.4811559221351125,-0.34275115570210346,-0.4162792887622224,-0.04839100021838405,-3.0395748210811924,0.6280928030752975,-0.07027736223541581,0.6779667760031138,-1.6145658501387494,0.5470205798474126,-0.5984454021016994,-0.14619832643569808,-0.38314223115554213,-0.4747993566404318,-0.5200164689930453,-0.3730407108681888,-0.6005932751515175,0.09101353405585044,-1.3777374822248056,-0.07624857403341068,-1.1341847791421777,-0.7434978487517618,0.9613841060828854,0.2314811315147658,-2.284463268402259,-1.8311945853587197,-0.17331026868356858,5.156140288372768,-0.08948546458427131,-5.541871140126009,0.6004688341285203,0.2578332239404624,-0.3376480416605432,-0.907600847726453,0.24071538445866736,-0.3297612221555113,0.11009359066260771,0.7919091098947284,-0.6446163008037686,0.09298001599669092,0.33251044295674603,0.8615180027083724,-3.2245481784492824,0.007017215571725188,0.27662534928909466,-0.3814956480334253,0.29087907482319153,-0.4598212612484609,-0.3719394834416967,1.0191281236152427,0.98284523946921,-0.022931273952497833,-0.3753537950260011,0.28630796791784263,-0.38112365380156277,0.7783018251428686,0.43429928083140723,0.09857073247543369,0.5708778401606551,-0.11772551962837491
2009-02-01,0.3745351201742686,-0.9763905481090518,0.34015805519649334,0.4907125164104187,0.0,-0.07310476237556429,0.548582315552526,0.377216592142382,0.24203319600646367,0.7054725814132468,0.2354170342879769,-1.310707352550633,0.016022970682350035,0.14120971986368858,0.8316095852798355,0.44089005095830913,0.05566379214139161,0.6085185565190443,-0.41618949954473905,1.2175025875278855,0.3051108392896573,1.5084892712709852,0.4650718148863753,1.023228132573628,0.010558507834179665,0.8544478855722737,0.09212375560903041,0.24271856576110196,0.3773792823088762,0.6904515346544571,0.5235878955595297,0.09965265577536186,-0.9170583495756723,-1.0452713255230783,-0.6000733688225068,0.7714599495329821,-0.8275621198294836,0.9790889670125758,0.21069812923260045,0.0,-0.4077477616656111,0.5116246186648077,-0.1201290552708123,0.21921741538095674,0.7648220838255781,-0.16816368930330228,-0.31331490825570185,1.0050335853501124,-0.4352601061207828,0.7190533323130133,-0.20393306412263001,0.07624857403341068,1.7637540311565836,0.18639334380621264,1.8418289318890224,0.2205332188289333,0.9854528409005248,-0.8785037016886932,0.43271378638811697,2.878378097211609,0.17889092427241238,0.0,0.6629858538669708,0.7028533424585426,0.7860792863934485,1.184203399551098,1.3645103403570502,0.3297612221555113,-0.08005604350307394,0.43725474126095065,-0.05318879600970661,-0.2791998091031367,0.08295514250491465,0.3508644964345109,-0.06579773927919419,-0.3174364132794594,0.8253141756719096,-0.12049404008322995,-1.0427623162259536,0.5253377519081504,0.023497125444116307,0.03899936218445532,1.3319419581419467,0.9830772783126385,-0.21823843796990872,-0.3424232243403047,-1.5391883767583714,-0.2587614651911707,0.49606515075035773,-1.1893103513949121,0.9443031932254264,0.2575087235140275
2009-03-01,0.18674283309074724,-0.33234588663360043,-0.5712429229014937,-1.1251876797437,0.05070736886709781,-0.4985347568732479,0.19962106629982657,-0.377216592142382,0.8824766455437505,0.17559323607514443,-0.32463847366450693,0.03996858002102144,-0.7189131276166272,-0.18832397279640034,0.5015561906006383,0.013964725127113553,1.4182022392172478,-0.20242473867542188,0.678601297816428,0.3294895896853056,0.15537554851619007,1.2258740307734328,1.0852725846096867,1.2451522739317156,0.16400651801120603,0.1294859074540078,0.0,-1.0969031370573923,0.18278592261902205,0.11461319306231843,0.20355790167077004,0.04018620525672034,1.9750039850367607,-0.42716003957208315,-0.24879072957189052,0.0,-0.6599536823075347,0.4418845849633257,0.21902309296404354,0.0,-0.10219724956925802,-0.5914538515429335,0.4796191657010951,0.07296580997326885,0.7590169266676661,-0.26827217853711005,0.31331490825570185,0.9569875575097697,-0.1863017243000975,0.7139198459104712,-0.3700822299466999,-0.5349649747239837,-0.1794728468281548,0.5571045049455492,0.39493079483383653,0.5736447016448487,0.7747189705114899,-0.678307552364732,0.2587323564951838,-0.4629637898742267,-0.17889092427241238,-0.8427016161880019,0.6586192852856776,0.9955834445637635,0.0,0.6089783128979676,0.36355990161043295,0.6562779912523631,0.35974856426195245,0.1743679604827797,0.7915540377972263,-0.18656721829497513,0.33112123692458084,-0.11144752448064565,-0.042061296559658956,-0.5706334202697505,1.7651510575318774,0.47110797301197493,0.1257071190051029,0.9451968896950547,0.28487055804209405,-0.011271690399805578,-0.10531240848914436,0.43384015985985513,0.31928815138293487,1.0977861246434628,0.113986106038233,0.7631054874499554,0.24287307552226522,-0.49975116504716866,1.4925655372505453,0.19577033666953256
2009-04-01,0.1863834714334267,-0.009422127082814313,0.2091008341031042,0.20020026706735194,0.2834870785846988,-0.4271936967344736,0.4789503599780254,-0.302801139764064,0.6369448285479251,-0.08775807681180581,0.8777902467180354,-0.14997362785829083,0.2510054986295529,0.5170399297421469,0.3134136598744064,0.3303944733446862,0.6471334619605251,0.10126358904747335,0.25329294190576945,-0.10970928143736458,0.1424794833145171,0.23726619373878322,0.6528343310748141,1.6871565840008707,0.9715002806400364,1.1974029105114248,0.0,-0.12262417232449252,0.16100470391577915,0.22883305180121383,2.5756375947210586,0.055543622654763425,0.30076071687217265,-0.11953383234217796,0.07193647766152722,0.33565123816519105,-0.4644460533384631,0.790526018175175,-0.30676120651902394,1.342298265045816,-0.7183201743492518,0.43521017515217864,0.9523919746815324,0.21857853218074652,0.5655057483345161,-0.17606271451491295,0.1042137134518839,0.8643354339413101,1.3907927400302889,0.26507520119372074,0.13650548141512786,-0.6920442844574382,0.2578910438675308,0.5540180375616544,-0.30905726215539886,0.34939394103208343,0.12295312564427618,1.5709176160460636,0.08609557139651614,-2.4493759310294294,-0.17921151749815678,-0.8498634721463283,0.5455550901536377,0.2199011331437184,0.3350086885281378,0.6923730937156591,0.9992945397518938,0.4079973019916139,0.019948134915548366,0.5212870188532115,0.24957914264724934,-0.5617992304223662,0.165156801282329,0.6288964545797526,-0.6130670184760767,-0.6451367984126932,-1.0145504676262185,0.07996801705640877,0.35009833277204194,0.14047222581101693,0.1538384540980431,-0.27792880219594807,-0.43689924151033566,0.9693129205660789,1.129078309596565,0.018515060093449165,0.7603736345706658,-0.0447277207500818,0.24933181141797434,0.6989544181712048,0.3696760667260435,0.2477742774708169
2009-05-01,0.27894797151510886,-0.007971445468157867,-0.0769821996298603,0.3992021269536572,0.0505382332481652,-0.19209462870390936,0.4688826598895801,0.07578628631010886,0.3169574761280103,0.6999176158247522,0.15935629363657,-0.22037379594017636,0.739320553356837,0.4210532536343514,0.01954903580996259,-0.12533773191956143,0.7422191929824962,-0.10126358904747335,0.15166838094451407,0.32876741941922916,0.11383760399601428,-2.296640668217087,-0.008723144046740572,1.209387378324589,-0.03477658731387834,-0.28098862270820035,-0.1843324573431282,1.2195273093818848,0.15003753752349525,0.4561011327562703,0.9483682760599521,0.12375312164678576,0.23675772294220465,-0.2994611940432712,0.13267000287600084,0.0,0.23162436926931207,1.4763652809972605,0.04387867924791067,0.6644524252148898,-0.5162634078806683,1.1527029861343685,0.47281600431903215,0.2181018082602293,0.7490671729156517,0.10955582056295654,-0.2085463983246605,0.0005494998873700752,-0.49875080651791137,0.0,-0.7138347428942815,2.288429383358892,0.08954556228513155,-1.577758946883634,-0.725266531694313,-0.29169200110903404,0.0,0.3449857330787509,0.0,-2.9297287526454774,0.17921151749815678,1.4141649814672697,1.8329354121905617,0.13170894231944175,0.2227172412824885,2.6151699362529257,-0.0668672709636553,-0.3262645634817929,-0.03990024990594421,0.0,-0.19573869215108175,0.0,0.08246337177206797,1.2846398072964504,-1.0640024661989322,0.5329808544926706,-0.7506005899056589,0.2793855339565887,-1.6991913068736153,0.6457884890887833,-0.2576383111228431,1.2555783117051078,-1.2971651451792354,-0.21459235702776525,-0.2233438234103602,0.6393300872103325,0.41744292581613607,0.4129700606559261,0.288463296618513,0.8915363657954423,0.368328108309246,0.1467407046798692
2009-06-01,-0.09288871841537372,-0.6135273096390392,-0.18721499027298805,-0.09965122897348522,0.26238787886700976,0.20685586572239956,0.3592424882556955,0.8298802814695527,1.414006277381219,0.3481302713377765,0.17928036560164173,0.34037548656993266,-1.1227079517840188,-0.046696241801136296,-0.05867056789226055,0.16847326861704204,-0.1353607570303339,0.3034944832303488,0.3362195316565675,0.21857932199802477,2.1386507960746037,0.32020020329133203,-0.07562084711407735,0.37495357014796227,0.43969142032800335,1.426218077254049,0.2763714231941883,1.0850016024066989,0.12842467518501266,0.22727282510022206,1.763897236634726,0.08274858455017409,-0.06784814635070191,-0.5915693794633192,-0.038677238927320445,0.5251862154948661,0.06401258156119027,0.0,0.11400295778578595,1.3158219229214119,-0.3110422414392744,1.3626802276233363,0.8220783532148168,0.07259502313043953,1.4815085785141235,0.0726699559155719,-0.20898222338292527,0.20766477591633858,-0.7937071148371722,-0.08828035133836565,0.29397375409239146,1.273902577743069,0.5022051735810606,-1.2235446758839252,-0.2528446353358582,0.18398563059136563,-0.4253896485259645,0.8329007030043911,0.7715426185860075,-3.3793007434750777,0.08948546458427131,1.9861626086713713,1.7999427176609295,-0.35161007546316014,0.554632592055615,0.391117150600806,0.8658062743115202,0.48899852941932664,-0.3397964492715566,0.5185837032366081,0.0753236405532931,0.8415196925286139,0.1647615142435832,5.410575350728308,-0.6799066758813588,-0.44158022256954865,0.27359798188753004,0.03984857594074853,0.6030169026590926,0.5029707216396062,0.24093616763352088,0.6218139952657076,0.3717455625611876,0.32171609517757105,-0.08438854795818074,0.1102315556571476,-0.10137990167091715,1.1297052253461004,0.8553100097671518,0.0,0.36697642944618636,0.32900745671899784
2009-07-01,-0.2792075653247572,-0.14782515882805214,-0.06616685179894333,2.7533696055023427,0.2415946413690584,-0.20685586572239956,0.2396881604698642,1.2691473077140358,0.9316837580230164,-0.3481302713377765,-0.6658406552533691,-0.43067623416961354,0.18565898824220994,-0.46816564910656666,-0.03914883949223125,0.91398187903593,-1.6112496406026189,0.0,0.8522778861983049,-0.43763745997988934,0.12057320098550761,1.5397418203352053,-0.07350581502576503,2.2206686034144774,-0.8580326956902695,1.2213483437890638,-0.6460477899101313,0.47846981233350405,-0.4502097860550336,-0.11357184639271267,1.256360368636944,0.18752231084633308,-0.7383286831826652,0.18085004426815487,0.3255265088729864,0.7117467768863683,0.5320491773521674,1.3698752453401575,0.4459754001056915,4.473576676384727,-0.7295498746723972,0.16758559195686473,1.0471314703735857,0.0,0.9149194653588211,0.33266632530608575,-0.3143099636703006,0.2743209434849625,0.9935393052089125,0.35502388667998375,0.4588283541269611,0.6679060079670229,-0.8945603655535983,0.1892148152038864,0.29492332310177005,0.2720133333184549,-0.3821517520285589,1.322504994619056,0.596000061381563,-1.1278998959492803,0.08940545968814106,-0.8888947417238668,2.076917853180227,-1.0623094256872356,-0.554632592055615,-0.3787394012540801,1.4973541790161526,0.4866189651172803,0.18003605583061244,0.25828684182540584,-0.5328074449200138,-0.2797204621062477,0.5744666974834445,3.062796030066206,0.5326756789896692,0.8506366049060077,0.0,-0.4092026269871596,0.20020026706735194,-0.9438079497306795,-0.46229404205444524,0.2717949297107225,-0.34268540595912,0.0,0.027795580450806767,0.2506524102161123,0.2026571285800749,0.9754036454562076,-0.1586697415283389,-0.8915363657954423,0.9115786390128555,0.273111741771891
2009-08-01,0.37209628374013093,0.799373020322669,0.3083751740598828,-0.38872740884059453,0.20088395666659764,0.619288325438383,0.1498322216213488,2.1285207256402927,0.4626068388781768,0.0,0.11060551451844702,-0.46276785475285465,0.12269185097322222,-0.14087816370818018,0.048933655097016526,0.6526586279150592,0.16504680071571798,0.20181194063173535,0.4317150748338605,0.21905813798186458,0.8491574884024189,1.6448741248677123,-0.2981521876751714,2.4663713190375525,0.3487409574819189,1.0454841132432335,0.27738256205669387,2.4750821502173004,0.514360328188701,0.3403293131707841,-0.0680574185609295,0.26067905099811384,-0.7378033463116829,0.24062574273253645,0.06607929755864106,0.09451796544865942,0.4932413400370095,-0.34070779441570664,0.5568600540022395,1.2422647076101079,0.3133161832036713,0.5170220021584626,0.5770352593644112,0.2898542337259613,0.3636367643383487,2.16320901189464,0.3143099636703006,0.594063161816738,0.9239289701170605,0.35377916630565664,-0.2633248705466329,-0.3705080192545118,1.3056035482998496,1.5009662650564692,0.75440424848221,0.23897195752278222,0.0,0.8834161202175395,-0.25499376332742685,-2.294697281810709,0.17857147602349244,1.0853584591407284,1.12418148662492,0.2777316677194719,-0.2227172412824885,6.194113669170864,1.7966008849327864,0.3231020581446309,-0.20006008473218984,0.0,-0.29024693524783984,1.021838895867866,0.40834037640022913,3.1095983747751355,1.2526124508842607,0.3569964451462404,-0.3421145998470543,-0.19019976703393837,1.3902905168992064,0.053864800656011624,0.20796191179286438,1.62985232965136,-1.2527572315501168,0.4273510777381695,0.34707984176218787,-0.2996327584293468,1.7946198632288635,1.22488117512205,0.22403071437002708,-1.1005613836601036,0.3623227368747095,0.5085215233208871
2009-09-01,0.09280251534207196,4.669672767354172,-0.2642553670951564,-1.2739025777428026,0.10029085185223607,0.11752608962565247,0.23975349072644647,0.6514681021193347,0.2305033675217949,0.0,-0.012767353597276099,1.1330043486743158,-0.7722884568355681,-0.14107691030176284,-0.10766165913409509,0.11223960224535645,0.993672426939618,-0.30288168518666225,0.13246131583297682,0.21857932199802477,0.11022996308893696,1.1713604423096768,0.6235248302309593,1.6293639486099742,-0.23586102964667788,0.8568791496099237,0.18450250639334698,0.46457690991719147,-0.24613421383223866,0.0,-0.9206659138394357,0.49221821632583485,1.8748754981010585,0.10009008942883924,0.6146435769987413,0.09442871334339742,1.0402248157143745,-0.0853615201944713,1.0444255288923898,0.6153847754565511,-0.3133161832036713,0.7954822454366628,-0.34582576555992617,-0.21730097462731024,1.6201974576280698,0.5448327161816202,0.0,0.4683765686289476,-0.7961784771983282,0.0888364273819775,0.05857659056491826,0.14836797973911686,-0.11092624542863305,2.2100347000669096,1.4919464471107702,0.5003509640455484,0.44943895878395423,1.0107605639205097,0.25499376332742685,5.144303982059473,0.2672607381476233,-0.19646371741686153,0.5068434570459246,0.5310921976489524,0.7773498333381035,0.7069737901205464,0.16828949758576073,-0.5661155434738774,-0.09015778221517223,0.3433479767890546,0.19286637949349483,0.3690041087454077,0.6498708252600238,0.943790699799596,0.16101378819737278,-0.3511144728015836,0.12697880219665336,-0.07016489036413276,1.2739025777428914,-0.18325882345395783,0.30777963977293155,0.0349272542383261,-0.4896095082997931,0.21299262578260425,2.120337877843337,0.39117268543495953,-0.6761650768654981,0.23673743973793293,0.06251980020124392,-0.6054508908706957,0.18065689505437632,0.39105501517055635
2009-10-01,0.0,-0.8807932951157227,0.044089230017974046,0.2954211897429282,0.14023842827270983,0.3078504227087997,0.27959481892807503,0.0,0.07671653617533636,-0.0872222647031684,0.6195599436560784,-0.00996074962653637,-1.085444763937815,-0.23557136924594602,-0.1371863186692579,0.2322913156459272,1.2709171020818033,0.0,0.34687844494234454,0.0,0.22925624065468497,0.20134985735413835,0.23674019100488053,1.304584483330018,0.710505947184803,-0.7489733138655197,-0.5545208512897304,-0.11594204197340474,0.09638554963062873,0.11318620336835394,0.8313136146744782,0.1977622639637744,0.5024449296615607,-0.43109997087791285,-0.1916706043926908,0.23568240935301077,0.373721087249379,0.0,0.18872414197756981,1.2195238102186146,-0.2094241603114888,1.1139904899218678,0.23068694046317617,0.07247887707357847,0.8888947417245774,-0.7811696162538517,-0.4192998705761397,0.24528750506691566,-0.4898663705697359,-0.2655751917239435,-0.5480538282376379,0.29607719630329044,-0.08882967495056349,-1.1910356094917418,1.145206790006803,0.30208771238342536,0.7594407731165376,0.4310351501122689,-0.4253515558056975,0.6027318371010892,0.08892841848835431,-0.8888947417238668,0.5042875033861804,0.08824178820994177,-0.22148403295529917,0.028900991179181545,0.5987324795452942,0.2430134853292465,0.12019232216164966,0.4275337850402572,0.0562741963304525,0.8253141756719984,0.6456873019657472,-2.0019417324562916,1.1431258500203434,0.601659011102651,0.23380134599442215,-0.7043699880565413,0.5825259191080789,0.11861758009130696,0.2502210182274922,-0.13411361056103743,-1.0725100027247692,0.10632643213295268,-0.7338560545623096,2.3810085784051083,0.3885224402173648,-0.01074864299415168,0.0962666053601069,-1.1196045705085034,0.0,0.10865189675690393
2009-11-01,0.18535828044630165,-0.764276196106195,0.2641390383209874,-0.7897375694949638,0.2998502996256036,-0.19046229477535093,0.40928759869443,-0.14440435722331557,0.30627895305448405,0.5221960662511904,0.1929076828186993,-0.39964243414036815,0.23080198040057454,0.37664827954770885,-0.058855234358912156,-0.1598131755714327,1.1576264627848332,-0.10116114962794853,0.14829463913903496,0.0,1.0629674599415218,0.24554497250930396,0.33520038441077205,-0.0997506317125918,0.5402097665335504,0.44969287913332323,0.09263578283968954,0.11594204197340474,0.13905976461368041,0.22598879674369243,0.3620028987234569,0.5814936109724833,0.49659961893659954,0.05022349560652728,0.05480052745649999,0.23512825316505115,0.23923832883143703,0.25585476575047394,-0.025721630778008375,1.8018454577353182,0.0,0.739586545592541,0.2301452331519016,0.0,0.8810629682154847,0.6039163387884905,-0.21030074052577064,0.18954433949271987,0.6080511874884564,0.176738764341966,0.08828290337463685,0.7363803525743506,0.3991136118347782,-1.5792246454421566,1.1724411642878074,0.5173837588153596,-0.3901682671064499,-0.026885334212245482,0.0,2.926018565786759,0.2663117419484884,1.0853584591407284,0.6018072325563395,-0.09927748871216835,0.3320423637302561,-0.060256701669558765,1.312583089291497,0.08087343748517384,-0.11017077582859969,0.4257137123318877,0.23558344265168785,-0.45766670274112187,0.32128067926153747,0.7551224258520506,-0.8122355525286729,0.052604816307155744,0.3050308911206834,1.3838969358133113,-0.1937985102679285,0.8691508118458202,-0.02332720995950055,-0.09029505588928899,-0.6510904317059918,0.31830265601211494,-0.887414201047676,1.2607794527778715,-0.7450687789368082,0.053731665362288794,0.07074774964062058,-0.9254564766205675,0.0,0.2239664157895803
2009-12-01,0.18501533909720536,2.065680606137832,0.16473745361569314,-0.29776696939221026,-0.11983224921081614,0.23436366373967843,0.3692045241805886,0.0722282443823552,0.0764233892756927,-0.34782754778568403,-0.24210314129904376,-0.38115324628513747,0.5715698312712902,0.6557400546158831,0.07846995656883848,1.0119231117963423,-0.3103527208424772,0.8064489687179766,0.5582478991570383,-0.21857932199802477,0.09662419979967751,-0.00743190517233927,0.5738068776055094,-0.8016074988236532,-0.025273348026200182,0.3470876526072253,0.09253901458849967,-0.23201866556972206,0.26688032920798577,0.3380284908823583,1.0727102239051156,0.39537048367552785,0.16335206180650985,0.31082393300216893,-0.04931912311940678,-0.04698144319448261,0.3822342722997085,-0.08520452911087162,0.3252374376425671,0.5934718946483564,-0.5254872838358793,0.46707014959919135,0.0,0.21715457179078967,1.0471299867295336,0.680522028341457,-0.21074393674913594,0.7546083033651563,1.0602311109510154,0.3525207782924866,-0.6985810866559916,1.094501987707197,-0.13286095842790502,-0.4692641178191792,0.920190529851439,0.41300194872837537,-0.26842651169394216,-0.8506093276993809,-0.08528785165173858,3.2424319670610657,0.17714796483820905,-0.7881814202248982,2.17614917815121,-0.5866417842589122,0.33094349013671476,-1.2509355015112966,-0.7332393792771619,0.08080808520540828,0.31017084249524984,0.4239090705766557,0.06905178751663854,0.45766670274112187,0.4001702848492883,-1.6778492342286455,-1.2347672475810256,-0.6048689140814467,0.018720237821323593,-0.4091617903252853,-0.5836592444451227,-0.46046020212129335,0.21972187948815503,0.04442121550702893,0.39025990739789407,-0.10598835120427808,-0.07286260648031728,0.5279740238733233,-0.4811198091818625,0.4715978729722181,-0.17627733360372488,2.045061047129071,0.36036426061398785,0.16471423653923448
2010-01-01,-0.27765714742589154,0.5730387607628451,0.4488945244547793,-0.7984074348222236,-0.08996851708973352,0.17541299630128293,0.7471331507680645,0.2883924132905946,0.38124331346542917,0.26098401757543854,-0.11117244738203524,0.5212032434371849,0.3459274078045027,0.04667444658830178,0.6839235897394325,1.6135227966708854,-1.9912757694235061,-0.6042180745351011,0.35140803538356025,0.21857932199802477,1.3043076530273368,-0.7684597819334726,0.827242855605892,0.6018072325563395,-1.0081517734261247,0.8672980951917708,0.1848435474681942,0.11607662359631732,-0.22413158430136804,-0.11254925217345502,5.238261673508937,0.9959591372375343,-0.7394769638090715,0.11006054440318991,1.2852807364084562,0.5623257554361771,0.2964206581171247,1.4388655184411903,0.8339002083205926,1.7595865313100312,-0.528263246442684,-0.2862246722469486,-0.6920416674195629,0.14450817783755454,1.3793322132336527,0.7791493880660916,0.10542230943837438,0.21773922284298308,-2.133812692670478,0.7869067787016348,3.787928035531607,1.8692133012153,-0.823233039518545,0.18796998015764288,1.4235115821872313,1.0811839297404369,-0.5060319439784244,1.2397409827680228,0.8496227829084546,5.4014745736974845,0.17683470567408932,-0.9940439705251158,0.8767713253310383,-0.03330927694156216,0.1100715576185074,-0.5502852046261886,2.554726650275718,0.8045095684830805,0.29925209364547456,0.2534855603188113,-0.48222137783522356,0.999553983167889,0.23932334231941965,1.8909613711417528,0.751097038027293,0.7403449695588371,0.9136560737688981,0.43903483012925903,0.1949318356049723,-0.7974180185647661,-0.6338437852309475,0.6326423681234594,1.3680151000944107,0.5710071557793128,1.8293462580786013,1.8320474057857972,0.12329766736023373,0.9259818173039669,0.34116467352260926,-0.20263431452329783,0.359070298193398,0.5073689421940328
2010-02-01,0.1851978710409874,-0.054535870807903564,0.4251363681349929,0.10015023370897325,0.010000500033324755,0.16052539018032164,0.7768512848234543,0.574301650261777,0.2288985262652865,0.4334654303294272,0.14551342807083145,0.2742818009635606,-0.14632192281691658,-0.23359038885866212,0.8242415233876699,0.6847523968994906,0.48802627362221074,0.40322820454488095,0.3826898779479393,1.1937200891724231,0.1399122056025881,0.5526939157025623,0.34022697509241695,0.19724404042271715,-0.18239677037801272,0.34570699314846465,0.32343576383517814,1.2680285175912687,0.5540770701531805,0.2249719734015443,0.04498126865373209,0.2878697966048449,-0.5338070096947867,1.4987129808248234,0.4319661144515763,0.6984894521951723,3.0177920218273258,0.25178616863401615,0.31304596399106543,-1.1696159564262842,0.42283361095210026,1.1255347650578784,-0.23174531120480069,0.07217585448611175,2.2016130564375125,0.6375577569575519,0.0,0.27476460604587416,0.518652668730013,0.20132012892002393,-0.057055916344328494,0.4973367267057327,1.188176767752669,0.934586241823876,1.0544913176614656,0.5767168106266318,0.37373214100835384,0.3142238921735263,0.33783815916272886,3.2220879011163106,0.0,0.0,1.8260959134609678,0.7082025837511274,1.2028575865607571,1.3942304064433308,0.37725725153192613,0.24009615375382154,0.3281462696960169,0.5050515786068743,0.033602450877801004,-0.09045681304273856,0.4769599666991198,0.08192737349617119,-0.04442532141375466,0.42625115489949295,0.07762442836094507,0.12934681670051518,0.38872740884015045,0.3995038515468785,0.6005769747891243,1.2342481823792717,0.07312377181181162,0.557280239361635,0.9598765230149908,1.4373072160672073,0.5251115356566416,0.5599296230710316,0.024925097695316367,1.5098424712585157,0.5361994952266969,0.5011639068319598
2010-03-01,1.103953187815332,0.728507276007484,0.36916553486392445,-0.6024114603381037,0.11992805754825753,-0.11672017665942391,0.5185660706152007,0.9262624115251583,0.6835685973549666,0.0,0.1369513741806827,0.09126034244628656,0.1986092546776952,-0.14041659222652214,0.2507760251351243,0.24304558499421702,0.951106317317052,0.5017460808404373,0.5995804706657282,0.6451635281488954,0.8560352033160079,0.7642404104662326,0.1627927269838736,0.6593040401410732,0.7391149418091381,0.4262459095194515,0.5735253400303897,-2.0834086902845605,0.48759901567239083,0.4484312447329053,-0.600204284366157,0.23800899826982302,3.099764962381979,1.7189601886973271,1.1517470292144338,0.4629637898742267,-1.0738203147206526,0.6683355382254064,-0.16061847845572075,0.0,0.0,0.5633891681910086,0.11593978794897097,0.2881944196572839,0.501254182354316,0.07230128508615152,0.21053244486610723,-0.2004584210827609,0.029840354326982066,0.20208901561575843,0.019022256097045442,-0.925602905905798,0.5613972584716187,1.3857034661424628,0.6582792406038429,0.7074330490993042,0.5680947500622757,0.29993024117231926,0.16849203649202948,-0.3359294653976441,0.0,-1.916347096075377,-0.09528347552727467,1.1838349371445567,0.5420067469339429,-0.2865376000285025,1.2372236632805844,0.39888365612332777,0.2775851886504199,0.1677852742616004,1.153682975774295,0.9009069942366388,0.47467124192408505,0.3168152157029702,-0.12974529584681704,0.07783322012553384,1.095572077488427,0.3176811963898629,0.2905571051414313,1.0611600728692494,0.23922863594618704,-0.44665426440442246,-2.357726625141332,0.23041484848498328,0.5873058937726938,0.5815856556929511,-0.951695029425359,0.9436999887412867,0.4097870381392532,0.39880411779558145,0.8873126966331135,0.3101968206046717
2010-04-01,0.2741055703398665,0.8377211044121147,0.34621065618472,0.20120731134198877,0.34897089106493695,0.08755290213446898,0.568545855953495,0.8474626990972567,1.7863897225250724,0.34542458167603485,0.851016513036118,0.45504470372748074,1.855992228977854,0.14041659222652214,0.4613163130046338,0.05935070504801132,0.6941382325163836,0.10004782302877047,-0.09698537897611104,0.10712373814989462,0.3562442124142251,-0.9356967124863225,0.5159854123601981,0.6756261612277825,1.0597051522101886,0.5771473836111873,0.3305506071934694,0.46674530474950515,0.2534587902447427,0.5577259298106263,1.0985244161252794,0.17827545158324298,1.1702054264037365,0.28042372000243176,-0.10124964228586109,0.5067967539242879,0.29867101898455317,0.5811615732550734,0.1521819771165056,0.0,0.3159560290368013,0.2480191407899568,0.8078471906753926,0.35905472237898195,1.3245226750021821,-0.027989211613999032,0.0,0.5663802012520591,-0.14929089610316026,0.4017662414716128,0.5406187587380984,-1.0064786616140076,0.29593927446169843,-0.2756088101977916,0.23130311006385185,-0.31915078934305896,0.9996877245985303,1.8266853661931037,0.4199922175325277,-2.697419782647259,0.0,0.4065046248167725,0.7597377473940625,0.33723175827056195,0.21598280534291803,0.5193698431972926,1.8126930093480986,0.31796529173799826,0.0197980598548142,0.5850413678175848,0.40615938990011813,0.8039346559417737,0.3152167161475816,0.8643200771111914,-0.9418569740951455,0.9085927397288529,-1.0050335853495795,-0.17857147602340362,0.5785937067043889,1.0078056974758276,0.013278335188715573,-0.10999510708167293,0.07702969024663275,0.49047841610070364,3.1201039654173535,0.5949956707461901,0.8401998679143041,0.1772587920469526,0.17353540099769305,-0.09955202415010689,0.0,0.3864416336850369
2010-05-01,0.09120549522858568,1.1564277714660953,0.39881419145979535,0.9004563093081508,0.03980495624249514,-0.014586828120055628,0.42909918423044147,0.28089906110544405,0.9573434199152686,0.25828765803348475,-0.10321482414408223,0.3625602350357582,0.018312174892809452,0.09350164309065434,0.10542268726965176,0.5142143276844813,-0.07984740698372406,-0.10004782302877047,-0.1132686205242095,0.0,0.3403359698614494,1.3561288272751604,0.01675669858762774,0.45247275176141244,0.22131964571636686,0.3124923614310049,-0.13008914300414176,2.3015975700916513,0.11595426376951323,0.22222231367168277,0.06565970335108418,0.16035107915364222,0.7951695603143349,0.04826953803220846,-0.10135226109637685,0.18365478073008035,0.3686077639389218,0.906473199519553,0.2868200003722343,1.1696159564262842,0.5243850506011505,0.3980633071053674,0.3442384891884309,0.07165865201983479,0.6557400546158831,-0.34384966579228404,0.0,0.21121895288569448,-0.45922013415706786,0.10107097293907685,-0.30314536288287286,1.2208410159391114,0.1858838214967129,0.0,-0.15414261240840332,-0.6320892506549214,0.17128270679762636,1.2403964600811612,-0.1677852742616004,-3.160678101158698,0.20100509280247536,2.5038864417837203,0.0,-0.04344992464622166,-0.5408342009260991,1.7919178711628625,0.13407823237656658,0.23781224049663763,0.23727149045518203,-0.08336807485775921,0.13537749423457868,-0.983467917809211,0.549237411444814,1.4341132408858037,-0.4036694691968101,0.5748626009868474,-0.5401768705424637,-0.2087372160922918,2.3754086008107578,0.36875140557475206,0.18564953148327845,0.27802335445930026,0.23860781042053247,0.19759769312157616,1.9289959592456718,-0.35880881486898275,-0.16747617379593294,0.15614430903694299,0.07749741669202947,0.09955202415010689,0.17652426013556877,0.27191251751037804
2010-06-01,0.0,0.24777570889344958,-0.010757288711182866,0.5958309583626864,-0.1095017779019436,0.14577262056558737,0.0,0.28011222797132973,1.3168914589642533,-0.0860217822818754,-0.43635395184491443,0.0,0.17766611790648312,0.23337233462195073,0.11487035987016725,0.24237989501658674,0.1950701097377383,0.0,0.0,-0.10712373814989462,-0.17002319928520748,0.16180043244498066,-0.009205660196887067,0.4219157286482478,0.1787310764175487,1.3653723534238438,0.1000802402103318,-1.9529627021478646,-0.010535742516282198,0.11092624542863305,0.714536091704776,0.41638859041359666,-0.262920071826489,1.227833170985626,0.5004269387128168,0.41199417397281834,0.1485035660421019,0.16392506838540655,0.9640783026536148,1.1560789208638234,-0.10465725706714224,-0.3087833827593478,0.3430468583997204,0.0,0.488998529419149,0.594231988751659,-0.21053244486610723,-0.1673173437450437,1.4305827128143989,-0.10107097293907685,0.4354830322577996,0.7820871716180733,-0.010924782880827877,-1.017114639948069,0.5768137507878635,-0.03132473861597873,-0.3982150080293678,1.186938516860625,0.6694585672214259,-3.6331604888052205,0.10035123772400567,2.249483604789937,2.890644154564992,-0.47919934870801484,-0.10851873012871494,-0.18494420776642428,0.3640825807264214,0.0791452356311062,0.2564103968933473,0.24989600676388335,0.1904967391543444,0.6269613013595965,0.3124956294497494,5.698101537897227,1.0640609459177774,-0.9599485104844874,-0.06000348281531842,0.45666712937721954,2.503607816132547,0.31499396057634854,0.016551691254829137,0.897951108298578,0.38432471364524545,0.2594035177044596,3.5953655746491897,-0.5632519469529917,0.34580881133869923,0.2804468210474198,-0.09767768220054762,0.5952398527293568,0.0,0.3323122341142876
2010-07-01,-0.36531106556845216,-0.06290918103450949,0.04302221343142065,0.29658944133865717,-0.08968163622355974,0.6099350886901611,0.009975540537165983,-0.13995803544251118,0.36727239814968726,0.515013384075047,-0.7333234473636985,0.6441589413276994,-0.15457369604776616,0.13976242666391414,-0.04783781500341533,0.32008806880137186,-0.9970704875930991,0.19999565042363443,0.3792798238700712,-0.10723861617520924,0.3426817441458674,-0.5009587609431598,0.019561590994499056,2.4759499091543624,-0.4491784918142727,-0.31547045365565296,-0.682533523837936,0.6936443996656827,-0.28488544722691245,-0.22197567383130945,1.1982714834002373,1.8075020012414456,-0.4806366256503658,-0.5640819966791888,0.37632885693623663,0.6375249279476414,0.1984246446520288,0.163678887029306,1.5563211188783121,2.272818693036882,0.0,-0.660794226013639,0.4555835006440745,0.3575357605758889,0.4866189651171915,-0.06737262737619432,-0.5282576765407221,0.34983241611739047,-0.1480677433542965,0.2008735887066848,0.07554296865448507,0.0,-0.32829970393049024,-0.5591813265778178,0.5353741277102309,0.21689194976364234,-0.14070875372560465,0.12747786798650296,0.24989600676397217,-1.3545754020646505,0.30045090202985847,-0.3875973844690961,1.0059526987732603,-0.28424639232316196,-0.544367158117609,0.3391414005556648,2.0481538128350962,1.1015060230681328,0.3637618915556473,0.3322262191974623,0.16996843136682926,0.08924587830190234,1.008933881301033,0.8297386538131946,1.4885154968309777,1.2729521131086052,0.20235072039138657,0.019807863786613922,0.365631120310983,-0.7470966511333721,-0.3084460797192712,0.4563043174460546,-0.2252095510907992,0.15531973094047302,0.4507554237642708,-0.48127496619727594,0.3113189083226331,1.0832106739075975,0.021093500170543678,-0.39643263019071284,0.7029973637267872,0.20970562840682055
2010-08-01,0.1828278810751982,-0.3457876487372502,0.06450947936489371,0.19723872271963927,0.5666300761272502,1.0513526667445205,0.03985066787368652,0.5586606708644304,0.067865628665853,-0.08565338872683625,-0.013912315924802243,-0.10278322184715805,-0.19209269365783044,0.4644690189320677,0.11479342931064451,0.2006750650637379,0.8197497566737155,0.0998587290790276,0.019922303083497184,0.42826617920006527,0.21905173996996652,1.6408220451107347,0.1064721662134005,2.8133960720782447,0.25220113613926287,0.6583403893975159,0.5023125524836303,0.45977092486326754,0.23219007793047197,0.4434597067866086,-0.08620932856153729,0.19713870512125808,-0.6965553937183344,0.06709158252418135,0.04231460974963852,0.45289932487140305,-0.09331850778417916,-0.5740131664470738,0.761030009545749,0.0,0.7303110184976092,0.24843227065307616,0.4535173468815046,0.21390304556438977,0.48426244757848735,0.6473988795617558,0.10587917380044942,0.2579731764207338,0.29591657024719,0.5009731113626792,0.226287103914391,0.1415428403331198,1.0684794193666747,0.9302392662314141,0.684153181672098,0.2773651541307487,-0.10973725660896605,0.38146145817483657,0.3322262191979952,-2.380654089691525,0.2995508979797279,0.09704027932802006,1.8034753908308332,0.15315613977273657,-0.21857932199802477,6.629393666419592,2.163606410782215,0.5462362391837061,0.26461523746519333,0.4137366265959841,-0.19973702087394685,0.8881053043963583,0.4007404488636901,0.7122601344971891,1.160049871019453,0.4608643944039592,-0.3821702983850095,-0.16849203649185185,0.5459522204902534,0.30582676090782357,0.0066507669300719385,0.9489221529667802,0.7285413095427629,0.23768935904913135,2.155819097564393,0.4021585508779957,0.01110062719682503,1.183204338061472,0.13797652155815854,-0.6975613736424968,0.0,0.4177461393927496
2010-09-01,0.2735945349975566,-0.06622951306205493,0.31116906784758314,-1.5889112827330187,0.0,0.7706617277505323,0.44881116948669586,0.4862809165695481,0.5007792829904822,0.17123347520513477,-0.023191495239860416,0.3977155000476351,-0.5797686197408503,0.8765915416474535,-0.13394435343645483,-0.08334853190046232,1.2785079144306266,-0.0998587290790276,-0.9909495033570082,0.3200002730670448,0.7672671911666207,-0.26189451896341254,0.25662160805737244,1.6750886323954717,0.06950753115768649,2.958814572295676,0.5496559023367098,-0.22962122603535917,-0.07382019844861532,0.0,-0.9707212000553689,0.5919504837826217,1.9070729543289922,-0.06709158252418135,0.29042924705002804,0.5857191784433446,0.008584246929732586,-0.16461077458478357,0.4392413319155075,0.5602239959827671,-0.20811662038244805,-0.01213428213580059,0.33879596933665823,-0.21390304556438977,0.32154368539814016,1.1052067002185417,0.2114122557038023,0.45566310315816594,-0.19718038529052961,0.793179824970025,-0.037678975578003815,0.8450754517727255,0.03252914097533477,1.3793322132331198,0.8298802814694639,0.5228317058450394,0.6793349520321179,0.12683114136056162,0.08288438103924989,4.938854854950847,0.09965122897419576,-0.8767713253308607,0.44583221417120455,0.6211538524506288,0.654309858893587,-0.14370136298591518,2.0133018478161624,0.0,-0.029367138383573632,0.0,0.18275637215960927,-0.3542962076346967,0.5981155511920022,-0.07795415401563588,0.9096779701728508,0.05448045081095643,-0.8896000686700489,0.2971476037457954,1.2624153228388835,-0.5067043460326381,0.8401125445701041,0.37178286268577665,-0.022734901155274656,-0.07228045128506722,-0.6016141346009363,1.219216447788174,0.09985023295895346,0.30373618572365757,0.058153829258067447,0.895974137147082,0.1749669030466805,0.3371814772477441
2010-10-01,0.27284803721450146,0.24905409971864856,0.13918184422463398,0.20000006666673897,0.4154719597969425,1.2152191372098997,0.7473069879228689,0.0,0.21577891042534603,0.4268052749343276,0.530673898311651,0.10237545762681322,0.11356625791369979,0.2752295315398001,-0.08620108208807764,0.4731213982961613,0.7941051372813313,0.0998587290790276,0.891298274383967,-0.10655302020383672,0.6723150856184468,0.5303510560301206,0.2539982496643667,1.3608027706689896,0.9092764445194135,2.118137123760544,0.3978419641522457,0.0,0.1265155677450558,0.22099456508026805,0.8297401349921962,0.19455689788845376,0.15844386848060665,0.03834355875227402,0.5259018168665364,0.9389740349840636,-0.039141320831070914,0.4110199856171448,0.06490036113877551,1.1111339193242031,0.10411245084105403,0.7557526968898998,0.22522094877510668,0.21390304556438977,0.7993647680740068,0.7244910263028537,0.31628787434723193,0.21577661739913268,-0.4450825803562708,0.0,-0.21693005441711932,1.0463995025276063,0.10835411180396548,0.8185584586443362,1.0463473640825782,0.6154214496628896,0.7293537789534454,1.0841581136769918,0.24824174932618348,0.331785307679322,0.19900504080077042,-0.6872879287765699,0.266548358613683,0.0868715441753487,0.10863662122204687,0.19569042815659188,0.977850296631555,0.15552102668046075,-0.14696519570760458,-0.08261049623028427,0.4258416998313308,2.1940327216062094,0.5337422837713213,-1.600932959829926,0.4583218347935514,0.4483347824715267,0.7903248052232748,0.6604588057379068,1.0695289116755546,0.05290165705558181,0.31898765529803086,0.1762864249924334,-0.1703370851397601,0.02065688914516528,-1.2671047492502474,1.8151178349984143,0.6631324035381247,0.6348587856986221,0.12444275634999613,0.5928871122276469,0.17467422816190847,0.3923536275649159
2010-11-01,-0.09086298098761603,0.024877050297611447,0.12830466740698654,-0.09995003330836028,0.19723872272106036,1.1034402063279103,0.8264716518390891,0.8281620831727565,0.2825050644596594,0.08514289427639099,0.23985130134720478,0.06393734545948604,1.3505511066293607,0.1373312186535358,0.19145063720928945,0.6539941366944468,-0.3657266354457178,0.0997484239264601,-0.9919424052626802,0.10655302020383672,0.31010447798633933,0.8370061131816264,0.2703532309400458,-0.8184530173490856,0.541407577207309,0.0891471851924841,0.24785659448012254,2.721256352488499,0.11583216163746357,0.330578813449911,0.0810617353076637,0.25259535248105536,0.21957930073250864,0.2010628280398663,0.7680890493050541,0.8420169402623578,0.055038245577065936,0.32760395541471254,0.5984238194965741,0.550963993964082,-0.20833340868540162,0.05345578160662612,0.0,0.0,1.1084832424494095,0.1365915036280363,-0.31628787434723193,0.8319343109308264,3.8694435487720114,-0.49470219453464637,-0.29313055834157,1.1042210195679303,0.1406850510703883,-0.7272759329074674,1.2927234501454166,0.798022196968784,0.2994991895575616,1.0353092350277038,0.7410490890483068,2.6476460766400756,0.19860979716259664,0.09847366625415077,0.08869180182298209,-0.11946783935181671,0.21691982475458005,-0.40295846197064833,0.9888832129251846,0.23282897595899854,0.00980440218514289,0.9049835519923555,0.17531858978729886,0.43308859378363707,0.30371632503713997,0.8607604877699515,-0.28993010306432865,0.3304334161441602,0.20359694850986543,0.45093694685371943,0.6186497857495254,0.30627895305457287,0.3310478070165601,0.20614261398677058,0.1661798047181584,0.2166401012357433,-0.7027957039593247,0.027405183666218136,0.18709079358121272,-0.0703411574994206,0.042060369275631615,-0.6920442844566388,0.17436964924559817,0.3387616479580517
2010-12-01,0.6343467254840363,0.7094836380048264,0.3945612782812802,0.299550897980172,0.09847366625317377,1.7487536869458253,0.6280900128285083,1.365208916832028,0.36205202136638803,0.0,0.03544838820399576,0.1277521819275762,1.823895724653024,0.45641338929369724,0.6482390108915936,0.7392989828264085,-0.15715037283490219,0.5964207077654216,-0.1309889854279156,0.10643960557867871,0.9132222936843348,-0.6849588768512938,0.5130489492430002,-0.6815000383784131,0.6121492275061868,4.160061767932799,0.41501677234796475,-0.22396425935058417,0.4515154412981559,0.8762378078986721,0.6166986375083283,0.30657399459173007,0.4070645697223263,-0.4313450253719431,0.08324662291361307,0.0,0.5314283716695734,0.40799043834258697,0.9149254588357358,1.634909141703389,0.31233757822679564,0.32836436825691706,0.5608536005797582,0.35549143981610243,1.4073727211661335,1.2673589992978407,-0.2114122557038023,1.3965026852998719,1.5894374344466833,0.39618348789973723,-0.03788596370384312,1.0242493093621796,0.31312447977844826,-0.9165967014083343,1.5295272689582973,0.494174646850265,0.5347378885931953,0.1178185111327501,2.0301143817854417,3.112350292066335,0.3960401216101417,2.142243558741086,1.2334958157953047,-0.21758059062459978,1.0775966344491295,-0.25466712373098943,-0.3011225927144423,0.6952519314886274,0.17631506183768408,0.3270648868123338,0.2929294986493858,1.4586273194371557,0.07578812207436059,3.271439933632081,0.1771299580257235,0.1530050025106533,0.33840979842354457,-0.10764790392210344,-0.3530453799381661,0.07378907202459928,0.7011009488728348,-0.19522308002128952,0.12574994906531245,0.15445608795880972,0.5163696039624632,-0.30198552599216555,-0.7615510565276651,0.5213567052881452,0.17169831385563938,0.2971770389151196,0.17406613066732746,0.5381427822574373
2011-01-01,-0.09037027236145079,1.2358782651566536,0.5624746945269266,0.6954821873361716,0.49091900262432375,1.2884154631375822,0.8267044521162781,0.9446763910087697,0.8529973084795195,0.25499458628726046,-0.35131701416108996,0.26774250781285147,0.07977829359830935,0.31825441729251835,0.8986555225818371,0.6741927925933311,-0.8247107631320638,-0.19840837488454,0.5028673978156206,0.10632643213304149,-1.24928417284913,0.05063108133098737,0.6768915985137625,1.0146204677327297,-0.7345827902846658,3.5864254670106455,0.36419859872589555,2.655023209411933,-0.24125464053836865,0.10899183640251664,5.698016401078387,0.2544688193054867,-0.7134789364353189,0.2494484647598938,0.8183606038698166,0.4403353658267939,1.1722311259539708,0.730233812649228,0.8908034708370316,1.6086092653866402,-0.31233757822679564,-0.9113597116089167,0.11179214425176554,0.4090913417298836,-0.15540018667330457,-0.12962720415448103,-0.10587917380044942,1.0832560144713455,-0.33847343333270885,1.1815290436217651,1.2240054894497199,1.3495481474888216,-0.44298057420828485,0.18399269220052972,2.3219475026685643,0.4859822714418094,-1.0225310965908285,0.31556502999130487,1.1191163961259853,5.682829195247763,0.5911347263057642,0.7677580899030367,1.2098150084257853,-0.10896808313729522,-0.6451635281488954,1.0689600144038636,1.2058598956940614,0.690451534654013,0.39070180584701575,0.5698021114632468,0.5738687191341185,1.5215847237252333,1.9039969181205763,3.0698268883067037,0.4797124101387773,1.6180193418596112,3.3687156392900874,0.6246970046974276,3.475588748159897,-0.8253141756720872,-0.5180127626938535,0.43664815225508136,0.2564724856529921,0.5438420874154026,1.0563023264460902,0.4115740303821447,-0.011079718586426424,1.242251999855526,0.47518706951121814,2.7673021535684406,0.5203878012305374,0.7329476051313369
2011-02-01,0.6906699812793349,0.1632151938969706,0.5803840269243743,-0.6954821873361716,0.2933987434786012,1.6438726343158017,0.7968269433980879,1.665040131338813,0.7667938152638776,0.2543460173619394,0.37618214055799015,0.2289094039094941,0.24568192092955243,0.0,0.6008866373952593,0.4347254329000627,0.4307509627246908,0.5940586206055976,-0.6542220505932228,1.1621895205985666,1.1948793398238955,0.4617279684204334,0.5534266730875537,0.1248512203788188,0.12692137872587494,-0.485271022262701,0.6073059044346074,0.32697576815570173,0.47147659237030126,0.5431843882361953,0.1229640071759519,0.6783899243600011,-1.3094735370604127,0.20102433419717514,0.7502990128997133,0.7005282588416151,0.9443538323318457,0.4033822214760008,0.13453145974828828,-1.6086092653866402,0.9341012393139003,1.163892118570331,0.3346389655443538,0.29600442448636244,-0.4676547883898152,-0.4556082533875738,0.0,1.336117027900574,0.2727488170994441,0.6817933718046731,-0.6101300196174719,1.3976933024644644,1.5792346255063094,0.8238032859346767,2.0619287202738867,0.3744400344538157,-0.0700972967134561,0.37613733262551463,0.7128743060751397,3.626213111353316,0.48995688411563876,-1.7358198609754183,0.9557091986337696,0.7494739910245407,0.430571171121219,0.35481510771315783,-0.5568396841055367,0.3815342285658829,0.3794701707539261,1.2101801586569039,-0.005234962020850276,1.4987790965490966,0.3234529740371528,0.2531646921777764,-0.37359155952154666,-0.0730314731701931,0.33508934743169405,0.18470816508973087,4.426609947454718,-0.0212517267827117,0.6089490107472173,1.0888321144625124,0.2445876639012745,0.39830517857648573,-0.6863748910474143,0.7257423259725115,0.7506382524830713,0.9338971782961281,0.4919299537149868,-0.5791521979583436,0.5176810332035764,0.4680440457505851
2011-03-01,1.1730348033369253,1.4129132984081139,0.5037828708096548,0.2986562697746997,0.6812678417507989,0.884202395409428,0.7868810638251844,0.5270104424234034,0.6301714434329142,1.0947406757921385,0.6274091106380553,0.7593036443899415,1.092927731677129,-0.36380212930771094,0.27109131649663,0.2526146950401653,0.9776614184617394,0.590550394819811,1.314158452289771,0.628274317949451,1.1489360081746725,0.7243550156979417,0.3362603075085957,1.3585611077272297,0.7447911070311619,7.29333174147051,0.5453838795396848,0.10875476873994927,0.8119969661661841,0.3245000143326848,-0.6293195460502332,0.2345208872230664,3.2071219091672987,1.0464326842448024,0.9173441151695272,0.6956549793357247,0.9253347213384444,1.1209090943506972,-0.3247519348246186,0.0,0.9254564766205675,0.9601445871822101,0.2224651905184949,0.3933215541779056,1.0878118147184423,0.307826339344075,0.21163597897304598,2.258457563409788,0.4311159442044854,0.3884759921965575,0.8251336079332816,-0.4637305428518701,0.7221781599385579,-0.09119927672687211,-0.06920415501099342,0.1916558314110084,0.9829250706405723,0.6869506896522992,0.5509655810973513,-0.19962932624295604,0.09770396478296917,-0.8793412792393873,1.3617231691826603,1.1298339372331156,0.32171609517757105,0.152245276807772,1.3930438957491909,0.9097864117520338,0.7064431566822016,0.3202564786875861,1.5961972577126282,1.6393809775673063,0.21505169982516392,0.44150182091113876,-0.5484580831067731,0.1316393714330566,1.0942425097954178,0.6486299908254445,2.341649182380312,1.571016548433679,0.6762411454928952,0.8224874929466885,0.16116785229867148,0.48805384116521466,-0.6764293348037853,0.4177509537738544,-0.8836907169502695,1.4088161112185915,0.9703802766803271,0.3864739109888049,1.1976180424464467,0.7106467793714071
2011-04-01,0.4847411797470613,1.7743676131921404,0.2405054186782607,0.5946499187722054,0.4837938802472408,0.02627430388271179,0.76708592980399,0.9156375285995111,1.5196084352349537,0.33444956946979687,0.11024319752399592,0.3146856612193716,4.755271120746318,-0.13676774413609039,0.12128199455432309,0.15378218905528485,1.157280382985526,0.0,0.30847330296914777,0.4166672694846163,0.8703392178952996,0.12140690653961173,0.8167359455667267,1.2043025627070492,1.2368394329837606,4.092089914037178,0.1940621043880597,0.9735068770755362,0.3415622013434927,0.7530966201164446,0.9945456440485501,0.2930926039838688,0.6218230370686584,0.2551865663432906,0.6320211616420934,1.1202185218506244,1.0121583709230997,0.6349292353030833,-0.30987572298419863,0.5390833440650056,0.40858075225802537,0.7840566927371562,0.5540176925339146,0.4894706338964383,0.4626068388779103,0.6973476928795463,0.10565545053120573,3.1524253182036333,0.8752383618772619,0.09745181093201438,0.20522395262547732,0.0,0.29585820397448614,-1.1009285508374766,-0.5553641486948813,-0.00794118890201645,0.7327468936033199,1.4021048486612564,0.1568627772621234,-2.7787605536516935,0.1951220131259035,0.39177327289099395,-0.5084756718103378,0.5335622518432004,0.5339040979420062,0.5084430261438122,1.387151285426036,1.0510607270851402,0.6727560213056094,0.39888365612315013,0.420220240757363,-0.3257331870309521,0.32171863744050455,0.5295519937956961,0.043296914665358344,0.3487246405003752,2.063752118859341,2.9288011432346828,1.8189509008660565,0.7919182784704049,0.42796183933404564,0.9494602587872158,0.19796772500750848,1.3700224359453728,0.40855054608153196,0.8625487261399556,0.7406213038929188,0.3371060259579117,0.6418790855293288,0.0,0.33956218761046486,0.6274381502375374
2011-05-01,0.09665621201682129,1.8677042060526006,0.33363819492171487,0.8853968317259486,0.38535693159822415,0.19683754140942256,0.46902973675857496,1.229391090571763,1.0896845212748474,0.6655620337093104,0.006606842359246912,0.40135893654866805,-2.4375869123392846,0.4097433458552402,0.27933192659430617,0.6703430783564279,0.496789030289424,0.0,0.5943553900850773,0.10389611324193027,0.21783794980265725,0.7253623042775992,0.3452537348828777,0.20377326336005197,-0.033023466186943295,4.267837373158123,0.048456739233948554,0.4296462033506643,0.05165022582671597,0.21413284413434042,-0.04078755371414999,0.10545296085471279,0.17846067213067585,0.41446931977935364,0.493111949167524,0.5980368101492495,0.8649220554574732,0.23706296566627927,0.11929271990451795,0.5361928109663516,0.0,0.9099796178229091,0.44101683552213444,0.09761567452546416,0.7662872745572535,0.07393544402241048,0.0,1.0058620114495653,0.12044287368890849,0.19237214334841823,1.0106247066510754,0.5958309583635746,0.05273983561941975,0.27637051216196085,-0.5584656748518491,-0.7399129014726391,0.8461113591342162,0.3489774901499487,0.0,-3.2212746432386474,0.2919710103335582,0.48756800634839337,0.8460287349392637,0.07447204982735656,-0.2132196969840905,0.6934973130491073,0.2249273242553862,0.37271753919201345,-0.019158923327555755,0.15910902322477938,-0.05127788282770496,0.0,0.10701377553070657,1.5113971800719384,0.3310513734358089,0.5975019423567041,0.44085054690174985,0.4861185603580509,0.31298930089356247,0.826878096307393,0.18605950645538272,0.7447959053698661,0.29987995341089757,0.33959281537114805,-0.37592271731332616,2.391987268901641,0.19804165346100078,0.3263898452873448,0.4693141855093508,0.1926782869695387,0.507178610704262,0.3593426487769224
2011-06-01,0.0,1.2944213814066075,0.31178919248437964,1.3618887534798674,0.0,0.14410168210527985,0.14983123565786016,0.5131505808138925,0.9390931958772164,-0.6655620337093104,-0.2419199517654569,0.1750792180311933,-1.6067630521179765,0.4985281115764906,0.32490413206112123,0.5576953127065742,0.4943332319949256,0.09809564869787124,0.5319161477599366,-0.2079002827833243,1.0169627452414787,-0.021259256715122632,0.03976411501769306,0.41551734453957323,-0.14100699092711722,3.8168457918140497,0.29024837668796266,0.960007372901206,0.08258491230188625,0.0,0.43104694625490936,0.33167461040353174,-0.21515953705648627,1.149599089813158,0.5290763147265842,0.4249900149327246,0.5613098440059971,-0.23706296566627927,0.5469437641412611,1.06385069345043,0.0,0.5204109917294808,0.4390804138508564,0.09751000166202672,0.7604599385214073,0.2650807706603864,-0.10565545053120573,1.1834628346282017,-0.45473606270887146,0.19310299416126497,0.46937640820505777,-0.1982161203995858,-0.0843970933100735,-0.3686640120219131,0.03499562590389971,-0.004991679175070374,-0.2147290732566809,-0.7233740627497376,0.15661710327492528,-3.6109462330842668,0.2911210207458659,2.7819539855125974,1.005876041784326,-0.49040610011639174,-0.3206844009579157,-0.8060154818966048,0.9536095414286017,0.1486989121577409,0.09575793128542287,0.5548963901229165,-0.23209924750275945,-0.5725987014878697,0.3203330395615822,4.239688189078095,0.35482628980521014,-0.2357185845387022,-0.35080906647744214,0.05593884166001928,0.38986404156506893,-0.5056509406511367,-0.23744516418480188,0.20700981716954558,0.38418880234232233,0.12954015064439162,0.5662111984496399,-1.441086365755151,0.613633308363859,0.3539826705128313,-0.10715159679346442,0.09620010361981457,0.5046317100668496,0.25078350902218843
2011-07-01,-0.1934166509848012,0.3786099236293694,0.11408235948486833,0.48192864359490883,0.1921230177899247,0.5222625789181201,0.15983565243571363,0.8282939996345995,0.20189281305649232,0.166806255919294,-0.8251853068100168,0.12488063409508143,-0.2109779458280947,0.4510607557349111,0.1389107808027923,0.33536238113658356,-1.4817623685511983,0.1958821092633123,-0.12779554454906972,-0.10411245084105403,0.8467029235051271,0.9662592370377254,0.17566749674911009,1.1908181550496444,-0.538295355559093,0.5276261517088265,-0.28056195380408155,0.21208915691381947,-0.4446979767583237,0.0,1.0116386026227886,0.430577544894728,-1.3952031833295742,-0.018587360647970286,0.9453400551434399,0.6762494072295233,1.0165940965992881,-0.31696069958071504,0.6697070838017183,2.094311364566881,-0.10198879007452533,0.0914546864546395,-0.3291320095121897,0.29197125470856733,0.7547205635386689,0.15865418453673286,0.0,1.2626320979454597,0.15799993992802186,0.48061649638659887,0.6497986530372479,0.3301422609052196,-0.922447297971285,0.5524875931969042,0.3492843229703446,0.47864896173379634,-0.5886371380893429,-0.9849301411465561,0.3125002543133526,-0.9790067140465375,0.1936109026863697,-0.28422567689361244,0.3330560947163441,0.501040438404754,-0.32171609517757105,1.1547717479668762,1.2618053591767264,0.07426662056904121,0.7912715864383912,0.0,-0.07508751303344496,0.0,0.2129905080646033,3.0270064302751365,0.4077786428254626,1.4655589714894113,0.9760821138783626,0.26063497952577563,0.6979477731525741,-1.134070313884905,-0.04819930581394516,0.1710693598703017,0.517138085252089,0.17908670590820464,1.0335626575256995,-0.4102281080259118,-0.2953888696710649,0.7516328616751444,0.08856309744027513,1.432005377474077,0.8354224878602601,0.2734078294787378
2011-08-01,0.1934166509848012,1.369772589824958,-0.0829589339148562,0.3838776307169667,0.2874942085598242,0.3769420203718177,0.3692514140229086,0.7585371389261297,1.003394847607364,0.24968883523008856,-0.29276521577612513,0.16210287695468395,-0.16845814773587264,0.359389425458545,-0.03702476815439226,0.2563516515603048,0.05175983552367924,0.09779735552521984,-0.38436946745692424,0.0,0.4952212157501634,2.111336154304677,0.484798266800901,1.0963119896238105,0.1240459452851006,1.6790836414600996,0.3867735338538125,-0.10598835120427808,0.5169038698330297,0.4268949919575604,-0.06877024672631293,0.550321736070547,-1.4112594085316843,0.19499518690722084,0.5969601278212444,0.37839019291316944,0.03210598534435505,-0.07939739918123578,0.9300834560051818,0.5167955496431453,0.20387366898475534,0.27942527317854626,0.5479462389557987,0.2911212637001448,0.5997019472369303,0.6587447960514581,0.10565545053120573,1.239015724617687,0.7401958295670141,0.6692213274962278,-0.4113539325784288,-0.26402655601733827,1.4172632783550299,1.368010390407992,0.20898649194567298,0.1580606793436523,0.20120020645029157,-0.5452609618903814,0.15588467692948527,-2.21411258772104,0.19323677510607595,0.9442940800282074,1.6488419712497482,0.159379516285707,-0.5385042630887682,4.856131508897743,1.3864150183108492,0.444445176043029,0.2655288425922997,0.15797791595240085,-0.43930220726311475,0.9795996703181764,0.21253782250489905,3.6592880926370697,0.6690792292588732,0.718896409964831,-0.06251655572979686,0.11149308968763094,0.23157092556038705,0.2612468176887539,0.03213209571351072,0.9593868306565057,0.7406842833727723,0.4364220376594119,1.3631123137685108,0.7234422061958234,0.0328641072137259,0.557683755505689,0.2753790163702696,-0.3798675033215737,0.0,0.4375850392400437
2011-09-01,0.3857252573693515,0.6080259751589878,0.26935223877000425,-0.48007773433571543,0.09564802259589555,0.3108810793957417,0.5286921119353138,0.3143668102958408,0.3985557648404914,0.2490669425599279,0.2693912299337242,0.4971415135990753,-0.43893285009870553,0.536673917794328,0.31430272041284013,-0.15596185810000662,0.7817573424750535,0.1953187057919692,0.2859539492288121,0.3120127336243783,0.21323260201207006,-0.8211756457880526,0.7877506173603166,1.423559608522229,0.24434079084958427,2.5893911793112068,0.41412403910658924,-0.6383000395028482,-0.07220589307470604,0.6369448285480139,-0.9847156526912038,0.4212659689244447,3.2599430500962256,-0.17640782625925056,-0.06615319430416378,-0.210039984801913,0.119756145298755,-0.07946048874609701,0.2719179175548092,1.534552658174615,0.3050332817623236,0.615342233753946,-0.21881422944360907,0.0,0.7446050784082558,0.2097632161911278,0.0,1.0105165488161205,-0.9912536582127096,-0.09595586703943226,-0.24762703532665853,0.26402655601733827,0.10496484641686621,0.0,0.41666726948497157,0.24502855655264,0.29089219010831613,-0.1413949148980187,-0.07791196342719076,5.061168641556346,0.19286409064029897,-1.1342276603929058,1.3804522911908812,0.3603225602566873,0.8602203582663392,0.6482039358521874,1.0273411429241541,0.7363803525739065,0.33092262979526055,0.07889546760297961,0.8121170628941243,0.16233769798876807,0.4237366006480059,-0.42567099138812736,0.8600218174950491,-0.1870405154655863,0.1933191913310317,-0.26965472660300804,0.231035913318145,0.6345925067316571,0.6980279590812266,0.217119005246591,0.34997977032595884,-0.3370678317723197,1.2916830710842042,0.7498217620158343,0.13134853026750548,0.5077107558911109,0.1517338974826643,0.09510224207014417,0.6633587857878709,0.363475307447244
2011-10-01,0.09620194696848827,1.6854324557822764,0.15506453627800454,0.9578617297069769,-0.09564802259589555,0.4773894622201347,0.42920947245876917,0.7504725654072786,0.39697360158132966,0.16570065940069156,-0.06651807606177229,0.48235118746386973,-0.43919377834109596,0.1337196544255015,0.18440693828098986,0.2363233655563235,1.4358175385127403,0.0,0.1967342755328616,0.10378828124197881,0.030969355001175813,0.8486613877322746,0.3515405269037153,0.33076230996629263,0.7853452112608572,1.8844842464578626,0.24956651589826961,0.0,0.23705241711402536,0.0,0.978280781287566,0.38288619760704634,0.10483948860446901,-0.03717817683899227,-0.03782148305342403,0.08406894147929833,0.6712412096697484,0.7128815531743271,-0.11644039635090309,0.5063419911046196,0.3041056575779244,0.330078651908039,0.10946696429359193,0.5797122501281393,0.44411619999644714,0.10690520012817117,0.105543937598096,1.5618549813654958,-0.3170461439784944,-0.18999640821508734,0.8048333182825829,-0.13192614050563378,0.14676593472087163,-0.3629768050576132,0.5873224690807533,0.6724744778292546,0.875162150386366,-0.15391722293687238,-0.07797271350229451,0.706933941490373,0.19249284095810282,-0.4764182427117625,0.4827040748309308,0.04230565901277572,-0.10712373814989462,0.5722416206251246,1.4344572438982794,0.219860843420161,0.3204224775238629,0.39354635602348864,1.0452940453462567,-0.8143367477175367,0.2111912142923167,-2.3540630491067027,0.5500413738371179,0.4090995327846514,1.6293414646615823,-0.07451565173353103,0.537017017459096,0.7027000083970059,0.003199292956512778,0.6384829883757881,0.2772818288662826,0.1885014695771403,-0.12606178333367524,3.2197302777936976,0.5345564466420427,0.71021698400342,-0.20648736748594132,2.5341571960480813,0.6589873195815166,0.3813608084407031
2011-11-01,0.09610948776286321,2.709978600388485,0.3917518364913164,0.0,0.28667004820750464,0.32127509482346994,0.5186383797206595,0.6211200092641533,0.6540407099562273,0.08274748065382198,-0.17470999247928276,0.320272192853821,0.5186681009175409,0.08904720089688567,0.13809083993141513,0.2998576998303193,0.3200272227733336,0.19492751815972653,-0.14751440940150573,-0.10378828124197881,0.0898777045306609,0.3223928436311141,0.3029088755265086,0.9986766484394671,0.4045512233536108,-0.26445208083289984,0.06708109703197351,1.2725516371499879,0.2775637865265246,0.21141656923351348,0.07201321191745436,0.22351771830724232,0.15330319352599986,0.06505274147885487,0.21727843794412394,0.37743806602925645,0.12295981815837465,0.6294128909562602,0.3411970661740149,0.5037779433830103,0.0,0.017517541792866353,-0.10946696429359193,-0.09638217404566163,0.44215252578831965,0.29167004032224497,-0.634920194043076,1.504883068681373,0.8555804074498852,0.09503808842827866,0.227469276007497,0.7234493900931227,0.3137749671967782,0.09086779362172948,0.7549795641327073,1.0757974565994033,-0.22213614196919806,0.4181019371525707,1.7015105005987685,3.3431814005321137,0.09610764795544569,0.6663518230764609,0.08022463326406992,-0.30712229594902496,0.0,-0.8576192664871307,0.28567899195603985,0.8746411442871249,0.4318850014177755,0.39200363800722116,-0.07916584923757242,-0.08179959556251504,0.2107461368026975,0.29186207217577476,-0.2953762074139554,0.555663843441323,-0.4233281917662701,0.14897581898649648,0.07648183929243046,0.26737983844018487,0.2357659111854815,0.29911213950457594,1.4276793178304104,0.21782186830181516,1.2138608936150597,1.7121210804045717,-0.02176278572250112,0.41815792938733054,-0.08438656456837279,2.018417146454876,0.0,0.37460632500109653
2011-12-01,0.19193169799471832,-0.6428190479156548,0.0411457156808126,0.4755120705010718,0.0,0.48636983116923105,0.4986410078958947,0.06190034242861131,0.31929291524894765,-0.5806754419052318,-0.15469979998510297,0.6008227538083055,0.5348971894297172,0.39973404326172357,0.4222956485941509,0.9113105267170241,0.01681520098202327,0.19455870682092424,-0.5031829471366933,0.0,0.11234965132453922,-0.45989716230598887,0.3971480475929212,-0.24033167550454593,0.12977440940682428,1.7298490084483475,-0.02873906362639289,-0.1054296354905837,0.3995702257907574,0.31628914085084503,0.6469003246936111,0.38275491550434637,-0.0945717524168721,0.11142062434119637,0.21680736210942797,0.1672940582563065,0.16666793588351325,0.23503071842263523,0.5635044802868805,-1.01011993448763,-0.3041056575779244,0.35351158277290295,0.0,0.3849829017247508,0.4402061400634594,0.686946792868337,0.10609343031466878,0.7412868625306324,0.6645155971238381,0.38034770931894,0.5257445032341046,1.1726518740319491,-0.05222750419031641,-0.45516692147158366,1.1218883604792396,0.8184042602839448,3.0361988491016234,-0.3011032477388653,0.0,3.9209320452582297,0.09601536983367964,-0.09492169673244177,1.0371054265485569,-0.25488543960614507,0.10712373814989462,-1.0952020432270615,-0.7032421551508072,0.21747018356865766,0.2713198090487978,-0.1566171032740371,-0.01726307077385414,0.8150004361917595,0.0,3.0631395870979183,0.220021075914012,0.03728977930395061,-0.26790720928371314,-0.17693350986336398,-0.30627895305457287,-0.5871160708132983,0.19719263554778266,0.9420914939844316,0.5084095379982223,-0.48579880401335984,0.07480946193352267,0.5742188924764413,0.2174150220482396,0.7022760335835265,-0.24696036573583768,2.2452671976952665,0.32786016998134215,0.30123218791402256
2012-01-01,-0.48052705624321845,6.950243444061233,0.7275744796961803,-1.5296665375470475,-0.09546540104539147,0.2932366479370785,0.5584179938212586,0.49382816405794117,0.5258342901830915,0.4151119524327562,-0.4266130804492896,0.0855394964616174,0.424402925475853,-0.24146910946685196,0.7301911371239811,0.1756633571567967,-1.6102042812050854,-0.0972372505886554,1.1212864602800465,0.41450836551684134,0.43520602049440527,2.2853473695707116,0.5655499558288035,0.14521689492159595,-1.1056678144883314,2.111476232054965,0.6304939958786449,0.21074823395652587,-0.34825396254118957,-0.31628914085084503,5.836967177298469,0.18563693254280977,-0.8064727402318006,0.1668985088386421,0.09411765400706429,0.20872476790803063,0.1452108180194145,2.0140102685067163,0.7591743095051839,0.5063419911046196,-0.5089069507470789,0.2901676785608487,0.0,0.287770220154826,0.29239786914327937,0.03777454295113003,0.21187057042650892,0.5564422864830831,-0.4240419333314094,0.3986412928121297,0.7475828557393704,0.2587323564947397,-0.6814515021951628,0.14587894636513,0.9016954396715349,0.7053694228014606,-1.668967233635943,-0.3822917468811582,1.1437410230716871,6.15791479332346,0.28749420856000185,-1.338452103475607,3.278982282299392,-0.05318300396588427,-0.21436235432510387,0.3699479656172677,1.524665419405835,0.5055987657463845,-0.10282777255623543,0.3910837991997873,0.4761298148446613,1.0496664805345723,0.0,3.4293297038345827,-0.7235468264199518,0.9235320776221911,0.3294151874638551,0.334977516171886,0.3827023423303544,-0.5178675478451744,-0.9351687884799453,1.836084577783037,0.35284370857242564,0.3967471976735304,2.4316283990434506,0.5610325557269036,0.3144145269183163,0.7339482488042393,0.4390567390291089,-1.341101905999853,0.48980163534242394,0.508153695062071
2012-02-01,0.48052705624321845,0.45044777268508085,0.5904503072896361,0.28860048891337087,0.19083975257663255,0.4952705533078472,0.4489178121782622,-0.1848998985943595,0.25580134540499344,0.41339589421109935,0.28135199947456613,0.3901053954165512,-0.06974335867129255,0.0,0.6074727519358447,0.2799349458350697,0.4007337928703336,0.6786317310277568,-0.6279455484843766,1.131117458152353,0.3504891984891678,2.129013951898351,0.7744801578164484,0.6632220108018672,0.10351403363415557,2.007329267148794,0.550813653184612,1.566611674440388,0.40958484456172783,0.5265941605287594,0.633286153192536,0.20263332914209897,-1.5262605605906643,0.2775466672033211,0.4973500609887438,0.9545621350600442,0.42314698649930094,0.840008158186567,0.045826223828271395,0.5037779433830103,0.9141759958094298,0.9916509183374167,0.0,0.3824065390393372,0.872098550544731,-0.3444549376213857,0.2114122557038023,-0.04086224438584196,-0.22195514522183046,0.37848944292493414,-0.296562787563559,0.3868476777920016,1.6794845290650784,0.2729507654045449,0.5976113403339589,0.20307854907937184,-1.7390240242097121,-0.08652658141876657,0.0,4.118614888288796,0.0,-1.4542185499774263,0.2301496988276419,0.7525606559822151,1.0672459890771258,0.6241793993043032,0.300936815475783,0.6463218190207343,0.33952499163030225,0.10136848308412993,0.08081267882200649,1.514576580799698,0.2103142036390615,1.8841665071401614,0.24993386211145108,-0.27161436913161197,1.5705012991888978,0.3246003313843282,1.5163292803341832,0.5591813265778178,0.6615454432252754,1.2284165292531846,0.41181118616471224,0.3655949924584512,1.5820692314839846,0.5628162050832941,-1.3404003877787396,0.8283693993416108,0.4393237613752099,-2.091936222374269,0.4874142675395099,0.44061397189159807
2012-03-01,1.049136952669727,3.45314463635944,0.21292609745380275,0.0,0.759737747393352,0.29093689486359153,0.2097705522570159,0.8599561595676875,0.4491116367201009,0.4116939658457497,0.5559210897539302,0.17019512611113896,-0.2435064887820637,0.3952574315826851,0.11743628826073049,0.4002819444224315,1.251496124590279,0.5780235174810855,0.49091900262387966,0.5099450112348691,0.147207681381456,1.437839292771237,0.8968838073549534,1.2104451215461332,0.6703134435487534,3.487175359978778,0.37809837221312037,-0.41536923686953386,0.8243063008098517,0.20986366569211157,0.14572504882739423,0.35009249488817673,2.7917664321369884,1.385406809275036,0.3270878108912356,0.7407441277867299,0.22475195599263031,0.7575871346303664,0.06869387778660752,1.0000054578032547,1.0060447025841412,1.0563085269390982,0.3280522834678834,0.47596853416367324,0.4332136739131798,0.7559406336139496,0.4214986919025776,1.3301911107758357,0.35120183972754404,0.0283854740978029,0.22474949901889474,2.1643110879486116,0.3407862026868713,-0.18188437171469118,0.6598506290692363,0.05740952813129141,0.4073540579906165,0.04945292800329071,0.30280113976388634,0.2823048198500544,0.0,-0.39138993211347284,1.5963850989019868,1.1339894722430799,-0.10621349909829547,0.13934149598204826,1.1644697959396488,0.8553152641721518,0.7152111544245443,0.2024292189229726,1.1595941966369594,0.473560474583401,0.31462179896575293,1.3720802746947314,0.002778894059485282,0.754887663690873,1.8755440674911306,0.14803851704323634,0.45045121211080286,0.9864444970913766,0.2799939829874809,0.20835940085293103,0.17212647196469533,0.5900302297935589,-0.7113851138879745,0.41270659472383286,0.13156454041141075,0.983274351188701,0.7565932503983852,-0.18399269220124026,1.1281214816561302,0.6117569429057009
2012-04-01,0.3787850966857853,2.3538496095079076,0.07088154334269348,0.8608374536594354,0.37771527437477914,0.16406894574600983,0.6379466751499585,-0.5519793223596636,0.9642113993190371,0.41000599353635536,0.07470763990076179,0.04857083914844296,0.20576559918863424,0.2954211897434611,0.14435555305913894,0.632325412333401,0.8784829555732898,-0.1922931932687888,0.14680697522937436,0.0,0.009193288905606778,0.8914787722436479,0.15787131272739785,0.9761230775526819,1.3952352094142917,2.0000649863568754,0.3484883705437092,1.7535261064520746,0.13166558847466092,0.5227403435151601,1.4818674977467694,0.13721054889739293,0.8457861778213172,0.1365809454289213,0.37250927783913923,1.1009285508369437,0.21600567129187453,0.8267598504479778,0.20582333000600528,1.9705015249538604,0.0,0.7645843603085289,0.8695640118820513,0.4737036406106121,0.431345025372476,1.1819494264583952,0.10508992297042496,0.9191336621571011,-0.17544674152771833,-0.009816465243783767,0.026936027099377924,0.6277484519144672,0.3293539411939328,-0.14574606332811157,0.5247634213474406,-0.3142075774383635,1.3425309645317185,0.4378263707808472,0.15105743053620557,-1.8102382092303415,0.0,1.169603976319511,0.1507159290566662,0.40635638099271176,0.10621349909829547,0.9446368809028272,1.8139724970680504,0.7072165261366337,0.4936818873493287,0.7052925961889223,0.281086127918595,-0.23649991314975694,0.20920301892495274,5.463449626991057,-0.578691923683472,0.5352900040988651,1.8990724282211602,0.6175419413316341,-0.45045121211080286,1.1184661587894773,0.21894291772897034,1.6926155235104545,1.3188817938230457,0.42072367719772075,2.7660802994919464,1.5036368999711947,0.9161368471358067,0.813557748176752,0.30165362755179004,1.8248681588398874,0.47962188282051343,0.6233388294331244
2012-05-01,-0.09456446561726395,-0.3221179544108388,-0.030377490084632086,1.3245226750025374,0.3762939529543985,0.49059787688534584,0.35927001752185106,0.5519793223596636,1.322628753542432,-0.08186682504636167,-0.01776377617401792,0.024276575713777504,0.241350445371058,0.392542211610003,0.2970678712908459,0.9827530122088923,0.36584392679310795,0.0,-0.2349947228486471,0.10167769050868358,-0.2669491160461668,-1.0928363798178076,-0.19424474564750938,-0.2371257418463557,-0.1478264811222374,0.7829679131340583,0.009399558943545827,-0.9245058144044194,-0.050620097259113095,0.0,0.5787971468667941,0.40051275176873347,-0.3251602138839793,-0.07281995588455104,0.13005110983037582,0.12158056208848578,0.6155107891547829,-0.22479555534395956,0.0685178032981959,0.48661760324968384,0.0,-0.012094808476792451,0.0,0.0,0.4294924282877588,-0.1721886187214139,-0.3156223678365322,0.26200522473747156,-0.10171529842661897,0.17886460537601678,-0.008977869557469376,1.4290395409454426,-0.14395889375649062,0.09111617942449968,0.0980873055586251,-0.3161412709864919,0.018433139002027588,0.6378824376917613,0.0,0.9867646933078511,0.19120464716317898,2.014456609246995,0.7501910651796173,-0.1456816074508538,0.0,1.8263705430084265,1.142260814274909,0.4219415542705107,0.029543552334754253,-0.10045204260009655,-0.35098947161200655,0.39385635789255247,0.20876627342047982,2.920447046717012,-1.1378403672913429,0.207686561985021,-0.4939677578348345,-0.2760399250048451,-0.15060243810331997,0.5947897972601979,-0.08246988826252633,0.2514207021465431,1.8569476608239377,0.3897880592956149,0.34662079764835596,-0.21273409788475917,0.49816000789757453,0.3910073407840109,-0.11742108719330346,-2.101493508129071,0.0,0.1981642182550744
2012-06-01,0.09456446561726395,-3.061193650832994,-0.23313290557842592,0.6557400546160608,-0.18796998015737643,0.2130994225422178,0.07985530890763926,-0.24494807103474514,0.5077052053318987,-0.41034247976030613,-0.28248495293450304,-0.2917197787921211,0.6134193834739676,0.09789525989853942,0.0898479484789938,0.15710922320417708,-0.6578149371265773,-0.19268434565367087,0.6156872612952391,-0.20345886977874983,0.21177670085315015,-0.29953789407972664,0.17494173322649686,-0.5534523117704637,-0.18699587391504124,0.3059167286472153,0.06579262739325742,0.20618564005587814,0.030375133124760367,-0.3133161832036713,0.9495177064919424,0.476853190150095,-0.3025085487155188,-0.5936361558543268,0.12061048917617612,0.0,0.3030999431161696,0.07499138943369843,0.6220611387016461,0.9662009748320877,-0.2004008686715686,0.5026295164234362,-0.21668060817177093,0.18886101543955647,0.5698021114633356,0.5041312208954096,-0.5282576765407221,-0.7718421970040801,-0.175934116402221,-0.14175763188317703,0.8760224074520373,1.8943432345249533,-0.07205723714944767,0.5449604767560956,0.13063359140588204,0.45995518967663074,0.19076797705332993,0.3539826705128313,0.22615916160617644,-1.2742338576928525,0.09546540104441448,0.2844952132227796,1.114838748261704,-0.48016793717930994,-0.5321992337941062,0.30102170992245547,0.035302424466454596,-0.07020007308291554,-0.05909583546372943,0.4012041489960261,-0.218985986062048,-0.39385635789255247,0.5200335341883466,9.244925421514871,-0.04353357226456467,0.007297710086273668,-1.322977715526008,-0.5451115267423035,0.22581868835898078,-0.625128069222658,-0.2477188798020613,0.13201125593855778,0.5658911592481886,0.16520095103480514,-0.843886864586274,-0.8994382585272298,0.6353329937020646,0.3010983500447928,-0.1467536153582749,1.2844213274243899,0.4773324873895035,0.1323271644880743
2012-07-01,-0.2839620935561449,0.6775738192827951,0.18250027508299738,1.5748356968132704,0.09402915596350425,0.3749535701482287,0.4291959938504952,-0.6767174394577857,0.3174792483799038,-0.0822709407115596,-0.4824788001808855,-0.012178599511791788,0.5085881819173466,0.293112080886182,-0.026952516171707686,-0.302536052662461,-1.0835434221055706,0.38497753892245967,-0.44917564047306513,0.0,-0.20255968623761333,0.5333345975362391,0.2608865902521629,0.3828493032802527,-0.23395148765885665,0.9178967416534789,-0.1880865822077915,-0.30943810147485706,-0.43626102774103614,0.10454784015525576,1.0996603651829417,0.6126308377698564,-1.3593053465754679,-0.22926324866254788,0.35172194718908756,0.08097166434302139,0.6952589926025432,-0.07499138943369843,0.700855346111684,1.904814042984615,-0.10035123772400567,-0.7316747307165805,0.0,0.0943019850745408,-0.2844952132228684,0.8463688618479459,-0.31830137333193065,-0.8572621307793682,0.32384946185084473,-0.22614786470400716,-0.10685664418366159,0.9038928669865776,-0.9414998934602181,0.271370587159403,-0.09795919150725751,0.5598467972262711,-0.6408687304873872,0.3709451181046042,0.1504891179415324,0.36572663544580664,0.0,0.4723674347776097,0.29520316640798683,0.6570394393571988,-0.42780813910781035,2.534130349881636,-0.24737908716376822,0.2805050927606523,0.14767415925174276,0.2998502996251595,-0.01601521690464125,0.07889546760351251,0.20725188591486088,6.257337273662689,0.543356947216278,0.23116582377227246,0.07603992942453175,-0.3061936978197899,0.1502629884538642,-1.026797004806479,-0.38874735801552873,-0.04276521158672608,0.15738993375133958,0.34893899900731995,0.843886864586274,-0.22980925455655665,0.38568721476730516,0.264924210051376,-0.1631068029722904,-0.18248180246338563,0.0,0.1849580195811248
2012-08-01,0.2839620935561449,-0.21227252530318097,0.43463563104531033,-0.1839926921999968,0.0,0.361123610183256,0.4091511759201083,0.36968618813286724,0.3047710716816532,0.24661004490678096,-0.03017052303455614,0.2188989919867268,-0.0046071313034801165,0.4866189651168362,0.04490581881029243,0.5270590358437133,0.5390394590000902,0.38351140128245476,0.04892128662721262,0.3050332817623236,1.0087201533405477,1.1672656957618877,0.28825138084469515,1.1650286610268346,0.5612194898794165,1.772870458670095,0.1880865822077915,-0.31039859375914247,0.658730529952134,0.41710175173381714,-0.4128345345798756,0.36223628968974353,-1.015050245594118,0.22010280345767796,0.45171775358312516,0.6052066082048668,0.3552149524135295,0.14991646407125359,0.9492148317181481,0.9389713844004888,0.6006024060211779,-0.153701107330928,1.0787583934162903,0.3762908800715614,0.42643987864625643,0.6905362093521106,0.21230997670587115,-0.30875251442372686,0.05541189650495326,0.46157616272957114,0.22248930105259745,-0.6016865324228071,1.5267472130788384,0.7200751185587606,0.2610115674330338,0.29966232464380127,0.3350905443729957,0.9604713057929537,0.1502629884538642,0.8568142771823162,0.19065782705887102,0.09420631879031305,0.6610380295866136,0.12466238888499959,-0.42964620335048664,5.194079508175697,0.8923912917515153,0.48899852941888255,0.5102552528970072,0.7952328190492963,-0.14227778094966226,-0.23687338355502519,0.3100691351827223,3.960067289319813,1.4855421852366213,0.6200444977625175,-0.5737334834750918,0.1764078262594282,0.971244093560486,0.712761392423289,0.10214558592585021,0.7050830934863583,0.141620657782493,0.3959253880409186,-1.2434877959242918,0.5564825945896246,0.9683502111164977,0.930484241482521,0.5549770105223395,-1.2867824611388023,0.4750531446879869,0.4431851329173216
2012-09-01,0.847059291009078,-0.7400941554490004,0.17131109408241585,0.9165967014080678,-0.18814680997021327,0.37220886643769546,0.5684102991219575,1.100928550836766,0.804340758919686,0.1640694738310522,0.31115961107373025,0.7623949102770311,-0.10904959035871187,-0.09713453896331714,0.286914124567339,0.06880026842441822,0.6280112748478395,0.09565616186515413,0.11731353383721554,0.20283982613928941,0.6457209467376934,0.5944978675258561,1.1156670761862664,1.1924943052907366,0.9797455178919279,2.1529664677784055,0.3938086044660061,0.0,-0.24271856576110196,0.3116885640253031,-1.1227223585409618,0.42900558585081683,2.4340897530440664,0.393143363516657,0.4863064132813122,0.7214460149329582,0.6782884413111034,0.448425743337566,0.01488056090792611,0.4662000037818359,-0.09985023295895346,0.7695705451703283,0.0,0.0,1.9663554908772696,0.20085949138097803,0.1059913966260595,0.2861053697507998,0.35943082795188985,0.7127088906877077,-0.20467192906812315,-0.12077296154027195,0.42905367688685914,0.15237712061804132,0.3577821347876764,0.4397618529569769,0.9145853573821583,1.728393941132289,0.07504690783672885,7.301785240975445,0.19029501460829934,0.0,1.019673802051635,0.41442247460263815,1.0706740394423875,0.10021098612691404,0.7859616042380502,0.06966214144474847,0.47844645288277476,0.0,0.6217021706321546,0.15797791595151267,0.5146695958726966,-0.7455486678202838,1.0407746885042535,0.5710119513144818,-0.040375567522143996,0.4073325387640381,0.22279994363101352,1.049666480534217,0.4010327891043275,0.44461592287659,0.25624528538479296,0.3271435612737683,1.0950831186745447,1.0266879691236852,-0.32882554158168986,1.2071882238833709,0.44522433374023507,-2.909637448764002,0.7867937302888706,0.4882631493210946
2012-10-01,0.18726956190917576,3.1151936728069707,0.18106831161661674,-0.09128252573651352,0.18814680997021327,0.3708286078913048,0.5882861237576975,0.42488683039980657,0.42866311367495413,0.16380072678039426,0.1234052105071548,0.5649967547893375,0.37226388156090806,0.48473192343303495,0.1610384446836477,0.44487111787780975,0.6738513913799871,0.0,0.6524832030148531,0.0,0.23542205730153754,1.9252606656541715,0.08597067695745864,0.7833185584933844,0.8463478054073548,-1.037002368017248,0.14961484884032927,0.2070394114308982,0.18209413225838134,0.4140792666031956,1.2218950060836953,0.4939897668126747,0.8152116921581687,0.09120759479444018,0.02745618467860922,0.4383350313853285,0.9387926537712588,0.14903285447056547,0.1634926555217575,0.9259420106647376,-0.09995003330827146,0.2654715382120365,-0.21481868213797384,0.0,0.8310297133630407,0.20752446630387666,0.0,0.4314911242952135,-0.09203866273335137,-0.1871755131393371,4.749131385122229,-0.30257209165354126,0.13243011154608908,0.2761919978340188,0.485830915108032,0.5046637416434407,0.9640535761637814,1.0579621424871455,0.22480339178878594,2.4452256862740995,0.18993358036496488,-0.4719215931646481,0.865806274311165,0.5876002680799353,0.42508034251946825,-0.08439515026452682,0.38201123032264306,0.13917886728300743,-0.10720726137698477,0.0,0.3134201502518863,-0.23706056143364407,0.6141316814726849,0.1892216349496323,1.1521827953718144,-0.20370586988462946,1.3066946630456933,0.08311400949443382,0.5917177028087472,0.1404635527424425,-0.06989790411653374,1.0196228215352043,0.12372787149992348,0.13439571956643803,1.4254357843649146,1.9420058484182157,-0.0744008112121719,1.1415943042653254,-0.03889807151180591,0.28530689824091127,0.6249965017850023,0.46331223903831725
2012-11-01,0.09350343284859619,-0.9774103420805424,-0.1106178415913206,-0.18281540740652247,-0.3766482795469095,0.48003046205264965,0.5982921348548942,0.24198438910341125,0.9778622642234502,-0.24580181520938993,-0.3283653959931243,-0.45655613690414043,0.45921265704365055,-0.09675859487368044,-0.13417520212879452,0.8077597843874962,-0.2074947833303753,0.09555451044178653,0.11641444853704996,-0.20283982613928941,0.6310875615300304,-1.3342761984705298,0.13924934691731394,-1.321186692880083,-0.12390680073890437,-0.39225140918066614,-0.3275781715868398,0.20661164374722318,-0.15172207431799478,0.20639842208511894,0.6546933972028768,0.5918470661337771,-0.4890719300351343,-0.19163212507669058,-0.00915122398339463,0.1589193818769985,0.27745312681162204,-0.14903285447056547,0.06681395129914947,0.459769598604165,-0.40080213975395296,0.31608377115039943,-0.4310368687598043,-0.1879735030510865,0.687287928776481,1.4070603790737657,-0.31830137333193065,0.6526063866640897,0.24831023932581076,-0.3558458738980086,-0.2551672729238952,1.264696170077162,-0.07128672841227868,-0.0489140396440213,0.6762221871942309,0.6770608056627658,-0.15896636534824538,0.542259571937187,0.5970166986500658,5.386970991273898,0.09483168088628702,-0.09465216040327462,0.5730674708983585,-0.41198945904232787,0.10598835120436689,-0.9013621107271774,-0.3936101400379144,0.13898542890533605,-0.06828269299132828,0.0,-0.315402644427909,0.6309169193261965,0.20387163951145482,1.1783781510421143,-0.24194039951455082,0.12865047445371758,0.30007884463865153,-0.13856175141961913,0.5882369903065232,-0.07020711386118705,-0.24512798215257092,0.24519624490588754,0.12969819273243033,-0.3555815576871346,0.0,0.37732141716046996,-0.7470685759307649,0.3493081294047684,-0.47493048802058624,-0.47596472529853884,0.31104525071725675,0.11101471234063666
2012-12-01,0.18674498697777153,-0.5085918458133776,0.010060302435732638,-2.0333417728783054,-0.3780722839907824,0.5266070586147364,0.786994693585541,0.0,0.30862458056901687,-0.5758981441727151,-0.2139973639108561,-0.024097581614856978,0.9773572293051203,0.8674753193672835,0.08947013508588952,0.27598483229933635,-0.08311861504246565,0.28612711848490235,-0.7395907593373607,-0.20325210249225734,0.6271298102497269,0.41098979794718105,-0.18595464982427146,0.15031959769311598,0.06988964452681046,-0.8267215471415845,0.13116210273880213,0.41194702952305207,0.31330562795597316,0.3088010688576226,0.7922193515642384,0.548414886967219,-0.2621443446851224,0.20986366569202275,0.538494433182457,0.11902401722583278,0.6835108915009158,0.07454419072239205,0.5402462322070534,0.4576653885943749,0.10035123772400567,0.057982719325622156,0.10793099672552486,0.1879735030510865,0.9543358046893324,0.5064416465256016,0.0,0.6909529682123328,0.35758530744836037,0.1780760740262899,-1.0874791419621666,0.8936609966402997,-0.23458626699524032,0.46484074499701933,1.0217202546655813,0.22964776211802373,0.035010737184659746,0.1568810060000203,0.14869891215818498,4.879016416942239,0.0,0.37807228399042714,0.7826436249467328,-0.13426286550863864,0.3172927040576923,-1.1830675629570742,0.231722963147174,0.34662079764835596,0.1657485876468634,-0.09905894816917282,0.011954444569628464,0.7050557996666207,0.20345684855422874,1.6129716528028304,-0.6187788736498945,0.7286324066897443,0.05877167374608305,-0.04622994858385354,-0.22018357519391074,-0.281322399945072,0.2514028669283519,0.22103292663651075,0.14839510775788156,0.38435715617826105,-0.783933461055053,0.3805837449221805,0.24608154503384938,-0.7341048759582414,-0.2696752796080837,0.2858505995956051,0.3100807584694998,0.1946961029099612
2013-01-01,-0.5612740584684417,3.0621971487508226,-0.030183944107076144,-0.7309563048713663,0.18921481520335348,0.6695502522317653,0.8562869214284063,-0.7277169773891146,0.6030626458120913,0.08247449835998566,-0.26141446378309396,0.1805242651057526,0.40090194203719065,-0.38461585874820514,0.2946804098097111,1.3029311323491832,-0.8937207116804124,-0.477337790791843,0.117141754902228,-0.4077477616656111,1.251403062404588,1.1605788810451934,0.5015629992175974,1.6729669136520187,-1.2858450074809902,0.3253848272388282,-0.08429947138264282,1.8330452143988651,-0.5058179727353007,-0.3088010688576226,3.590141896592769,0.4359984377951598,-1.40098445295056,0.08200082460350089,0.49033059285221725,0.474684435621775,0.23632695592610276,0.8162994713337923,0.5995695058128803,0.9090945775097836,-0.5027662676964972,0.2741292856818234,-0.10793099672552486,0.1876107505328406,0.6761350978046643,0.0387484952030448,0.10621654639120237,1.0115494505451572,0.42013031018255376,0.5981545650113773,0.04303852013931575,0.8269391482509825,-0.9026628117683622,0.1505372615111078,0.9170024732220838,0.4019950962287133,-1.668967233635943,-0.2332858629089607,0.8139149630197906,3.7354368083037492,0.3784299691234061,-1.0431578709818368,0.5653725307226409,0.020667562334608647,-0.21141656923351348,-0.13056361358421142,1.6527404779798083,0.5521063023746997,0.12656380991433736,0.494316379752302,-1.2502198437809753,1.1641575015485905,1.1116892168852033,2.869746206721935,-1.1380924655266078,0.1887206831763244,3.123446506174332,0.42451152713622875,-0.8856146443708468,-0.7777424183934123,-0.8330135245836701,0.23023475626224865,0.490611797724938,0.16290550294240091,2.5256320604558624,1.6327092680100463,-0.18182795533130403,1.884126006391984,0.29529673514883115,5.281449643028235,0.3091222291510931,0.43842276817088
2013-02-01,0.28102563864207397,2.167995521241828,0.32151356500609296,0.35677439027148594,0.08174944252594685,0.640989072577991,0.5981938196450542,0.908821765797363,0.18134426368359158,1.1475469522113535,0.294983855942732,0.10815392925263012,0.11475794883155643,-0.09638554962982937,0.44484398712159035,1.014969347543282,0.2179015277202545,0.5725284555610166,-0.6656250104272843,1.117330059812538,0.325804893490389,-0.14980341107495576,0.1845239242317831,2.468227610027718,0.17262445167425255,0.3985308001085208,0.5885992505515247,0.302267232658604,0.28357321007908,0.5141399500418586,0.9105958202693998,0.3269316825781132,-1.6635871395914492,-0.02459318781147246,0.811912443849927,1.059872531844075,0.15714431300652976,-0.07391795443991711,0.6995764279968952,0.900904448125317,0.8032171697264445,1.6201687276026,0.0,0.09368361395774016,0.6715941965440564,0.5361358690739948,-0.2125460323006756,0.7115085503584417,-0.8144634361429759,0.33374922499174176,-0.650197697604149,0.4000005333342216,1.8882929013646965,-0.0615826930966179,0.43969920087310044,0.4910023041955647,0.08632426950594407,-1.0315234254695937,0.6610380295865248,6.448712179033134,0.1886793012583432,-0.4777839953712615,0.7722046093913804,0.7822188916733808,0.6329135051647228,0.8571928425629594,-0.3363647309243767,0.5490748180420724,-0.038925652496235585,0.1970443987298509,-0.12011980558357394,-0.7745972114649113,0.0862440760658778,4.094852712530805,-0.14633050954468985,0.9998663622377002,0.9634531879148867,0.4227170418828585,0.2221400395151285,0.8079219870546162,0.44452400682910564,1.3918382194916035,0.6388180637706853,0.210425711313178,0.2873565195728567,0.2994631892770272,0.46993571477607077,0.9872078836686171,0.8156637190928961,2.495673197385706,0.921662994069461,0.5391486247732791
2013-03-01,0.8383897675225072,1.0951000537625433,0.1403390467135779,0.009371632076415892,0.7023287050483162,0.2528446353356806,0.46891274246867454,-0.4836768800620561,0.5420679563520991,0.16286702267134245,0.21708705504241976,0.38360517074487177,-0.17374550299544822,0.09638554962982937,0.20396127492263716,0.10948157013555004,0.6841341550708258,0.4746090105524736,0.8800291467459864,0.3025720916537189,0.3773092705058545,0.510904538106427,0.43742636441468363,0.635462388120267,0.35180652473938423,0.553357009106481,0.4554049501718005,0.6018072325565171,0.7556330347385121,0.30721990369704244,0.49489041623820285,0.3988551742596158,2.5145001901085706,-0.01184332197432525,0.47506027586008415,0.5451726898309417,0.36882176737416117,0.22168985388715257,0.47331240669414854,0.447426783486371,0.399202126953746,0.20164264689013223,0.21574562803365893,0.18708424627469356,1.3298068304629318,0.3336971625621743,0.2125460323006756,1.0007398657631228,0.03674781851206177,-0.09246887383085323,-0.3107886216464628,0.0997506317125918,0.010110712308275538,-0.24753018580154773,0.4377743076521057,0.731091962936059,0.5317794520578012,-0.22372590912196344,0.36536394315787035,0.1540832354152144,0.09420631878942487,-0.38387763071643377,0.6968669316087528,1.060585099532485,0.3149608902896617,0.2885850474730667,0.4046396539226116,0.4098366392280006,0.7853062802472444,0.0,1.6389475129456876,-0.07779074682474629,-0.021554046856131492,2.068727185539476,-0.5013092426696453,-0.5392539410598474,0.33783815916210713,0.4483286707945844,0.14781968693062808,0.311323374725081,0.4012372774526263,0.12261838461737895,0.4906906385038212,0.06686088409963986,0.23883460122959832,0.6602163476092215,-1.4489118514138255,0.6555224071018273,0.26110990457723915,-1.8658915386874142,1.2158097056669703,0.3458881018870905
2013-04-01,0.09271289280876616,-0.7370332125716139,-0.040084000020090826,0.6631509848840977,0.263371302967208,0.07212405649834608,0.5485334615823234,0.3025720916538077,0.6511024349065586,-0.16286702267134245,0.033584128061825425,-0.4797423486979646,0.4659248371190472,0.0,0.2477414475490214,0.7279614678362911,-0.4834148437245389,-0.4746090105524736,-1.076647377605866,-0.20161297151846114,-0.0613255089528586,-0.4110106670283109,0.1788464025444192,1.460697766005925,0.37293811522252085,0.4924162681897215,0.14825623246697006,-0.6018072325565171,-0.1506705121561147,0.20429016298004754,1.5608641080947727,0.39122602107832805,0.4575036142834499,-0.009111202229306059,0.1697565741585194,0.23273866207764726,0.3213517587488113,0.2210999923686785,0.04817098844602796,0.8889038301672869,0.0,0.1783851699865835,0.4301099228641192,0.0,0.39551798429249274,-0.04793023423390608,0.3179640007411777,0.9489122368412595,0.6317834501785136,-0.13887915973729292,0.0028475934950478177,-0.4997511650468134,0.09095043828404314,0.045933317173929566,0.1870324734748685,0.066034280192806,0.7735566992222331,1.0734602288251516,0.3073317739722192,-2.1004272770529298,0.09411765400670902,0.5752652489452004,0.5540180375620984,0.09125475918443371,0.5227403435151601,0.23471615493990683,1.0861063887296574,0.34025211458370563,0.26040425574871406,0.19665689720405055,0.010982504880807653,0.15552102668028311,0.0,1.0223189288034007,-0.07462756567351292,-1.494258355675182,0.6164211168965927,-0.6318991675022367,-0.4441161999962695,0.6596066289658253,-0.19727421174406956,0.7136424723759305,0.18799813781074093,0.1621905617193775,1.4681769759305574,0.419534258636034,0.6250693915711203,0.4456188262029315,-0.10401560214070571,-1.2635547171534256,0.15094489287061919,0.1689510679534826
2013-05-01,0.18518878631077484,2.140899759188475,0.1502044602509578,0.09304922975310603,-0.06071645602405695,0.2759946553052117,0.3692461303414163,0.4220687604234108,0.3016593539428847,0.244201170638636,0.10995845586787567,-0.012016751299537276,-0.22585180800538396,0.09629273733944288,0.282392834161449,0.014708960611731214,-0.02506789233960305,0.379869272416844,-0.059060932911148,0.10085729548849898,-0.18420249934543165,-0.713930888101455,-0.21813605392040358,-0.15730348774205538,0.18381683049764064,1.1526499971407311,0.01852287855257373,-0.10065426114014286,0.06029544952044219,0.20387366898475534,0.7165716371264175,0.45325633323747283,-0.17658435437040154,-0.09115770913856736,0.26745134958163774,0.27084559021810506,0.22297230215224673,-0.07364569391121734,0.09627241940748377,0.8810604315688586,-0.0996512289739293,-0.04775891143031785,0.10723653703665903,0.0,0.6557400546162384,-0.8568290992617023,0.10575680517259656,0.17579401580194443,-0.009127835340194679,0.0,0.11924643567944315,2.2784541853200224,-0.22246950221109785,0.4622176855560767,0.21776334628116345,-0.3333666443918304,0.49683137006901745,1.1967633488198182,-0.09675859487394689,-0.15735644474279553,0.281822638384277,1.8693797757404873,0.6882339622936051,0.0202675314840306,0.1042209578443476,1.122850714211232,0.5106776159091275,0.4067802219331895,0.1539942556489926,0.0,0.1707724274478295,-0.31128429804843094,-0.010778765842012206,-0.0816862332468915,-0.23983989816382945,0.3546303486865021,-0.2797204621059812,-0.14709941054587006,0.9597711179213597,0.31824989566180406,0.16231358193730117,0.16222754406056694,0.3250567501355661,0.23803867464637918,0.46904401189111766,0.14551336248285196,0.1824720089834031,0.32060531387276825,0.17788143748296292,-0.8207980417835437,-0.15094489287061919,0.20539549045010289
2013-06-01,0.0,0.20090700871380207,0.16995808100706,1.4221312723071478,0.04048173317077186,0.2991327387587006,0.2597617335668545,-0.06018658021007539,0.23399642968433554,0.0,0.09830743407217568,0.6352242833323807,0.08905585503153901,0.28832312140876226,0.23764012831639647,0.01810036658183023,0.10858217813591864,0.09473973813562964,-0.029543552334310164,-0.10085729548849898,0.03511235991151551,0.6952083867201253,-0.14489478519275067,0.8735819764919661,0.14744427683188732,0.6103725274706484,-0.064829974209335,-0.5047966297306417,0.1606103537383774,-0.20387366898475534,1.4920268071226594,0.5867888189498238,-0.23935484382988648,0.2732242136870511,0.6212853924196793,0.424137902070143,0.4983851600097289,0.22087390878882118,1.01484807243315,1.307204434123932,0.0996512289739293,0.5504324538253336,0.7474231152771793,0.27999177955733145,0.13063359140552677,0.8362049816621919,0.0,0.05051321322540048,-0.2650703073899585,-0.12180942056341237,0.006267728274789164,1.458460465476108,0.33351893061386306,0.022002310464142028,0.4031638272172344,-0.06072388726696687,-0.09414054304430763,0.6928997888834942,0.09675859487394689,-3.771004376546827,0.09376465759665109,1.5144017024156575,0.547196987799925,-0.3756158926136344,-0.3129893008927631,-0.12758639764536284,0.7194877519548726,0.33772406297822855,0.24014227956579148,0.5876608488983415,0.05151359918462717,0.4665638323551491,0.05388221478517252,1.523276543353802,-0.5666145347020368,0.20398442851332632,0.44717793913928716,0.20220595124973428,1.241344892213725,0.04963518243563669,-0.17498672123554826,0.21845447102242233,0.4503476581223964,0.15204792437977233,0.2803740154434742,0.7604905277805329,0.502755511566999,0.43405334106694227,0.23968530550035894,-1.2903404835903132,0.30166228549139973,0.24149432331940796
2013-07-01,-0.46360630275854575,0.5545438672546865,0.09983465149758786,0.49391850160045436,-0.08097986068573704,0.6074701546471495,0.029863127939844247,0.0,0.17791620394227436,0.08126804928823006,-0.3573073773449842,0.26249706252832183,0.04492585309199271,0.0,0.043946722283472184,0.3387766638709877,-1.471665966850022,0.4723671094994941,0.6870855455786362,-0.3031836582120029,0.6212015251666259,-0.4002506906827463,-0.018662075639142017,0.8604932680084332,-0.5176060763429469,1.8434260904074407,-0.018524812214604225,-0.202634314523209,-0.3013563305263922,0.0,1.2504188083714673,0.7087177933701838,-1.6671254283586734,-0.03638679199546857,0.3003801180733845,0.4223465675242899,0.08222397517680946,-0.29457387955735825,2.9749334927969606,1.7167866707162638,-0.0996512289739293,-0.2724296471139809,0.3186843819213081,0.09313996958049131,0.3908799765049764,0.5666708638999651,0.21119938812930172,0.19801801369840888,0.09148294481180486,0.2144169542146912,-0.4683298278155057,0.19286409064074306,-1.1569035062066746,-0.3111133991264836,0.4015449410799121,-0.033136692164692505,-0.15711011745942471,0.5081900942223605,0.1932367751053654,-2.0653357011778617,0.18726597232898712,2.1938722675851174,0.5442190302683336,0.8406389708025763,0.41710175173381714,2.092644018009615,2.0027077801973547,0.26936043222214323,0.5262918228837954,0.19512201312616995,-0.23616412008431453,0.5415873973026564,0.537231334020305,3.675064440137099,0.9415928845315946,0.2791626937598046,0.0,-0.11943590927776526,-0.43636432877764975,-0.31809171950252235,-0.14021017841931993,0.39521448679389337,-0.12923900057497661,0.1043990034554021,-2.0269371762067223,0.3106911981974214,-0.14949282015246368,0.7652267884863839,0.039386126982066116,-0.09280743125517077,1.048708872323889,0.23754443001770828
2013-08-01,0.09289541957233638,-1.4691023716488338,-0.059888829753784734,-1.6281461619937154,0.07086096363648764,1.332959871794781,0.23968346634140048,0.6600684031354831,0.23303567112575863,0.0,-0.07203064384073699,0.2380382221999433,-0.18058962582978566,0.3831422311559862,0.0790533111551639,0.046210461292250926,-0.10171216337138134,0.0,0.8862111853891186,0.10116338748442644,0.6606996128395437,0.9355772103115001,0.17344044931162372,0.6795233830641401,0.3106469036561421,0.5501881608578785,-0.15762989923144843,0.40485885260004295,0.4617091409934382,0.40733253876350517,-0.7191075182894302,0.4715158255980789,-1.608779406324068,0.11820869755618801,0.14104374693619803,0.3824096438409974,0.15169886578734193,-0.22152622713615955,0.9845105809383803,0.8474602583635971,0.0996512289739293,0.34424561798083175,0.21186038639706695,0.3717845388974794,0.3893580519137352,0.42908048063132753,0.3159547543044816,0.30329292241839667,0.35598595395871513,0.35348082353996446,-1.5295120855892463,-0.3861008657462861,1.4490804305977711,1.0023928921675918,0.3385139407367177,0.28410315366338423,-0.23928849245455908,1.42464148729875,-0.2899953699793123,-0.5860209320093013,0.0935016430909208,-0.2716162828782842,0.2710028758864169,-0.12110204325939122,-0.10411245084105403,5.300795312665496,1.15357774140179,0.26863683045812436,0.5425226270128647,0.1947420284394319,-0.7441029077003058,0.6153865574383133,-0.04287245510470328,3.179859767490889,1.6297379737627793,0.8024574327468947,-0.5649868144366188,0.08270158982739417,0.5089069507476118,0.33793889630677754,0.09239703009074063,0.5238604522484813,0.5305713606850837,-0.009486315996909411,0.0,-0.10346042430926516,0.11747745250261232,1.0326836428326658,0.12022401076858813,-0.46533355256386244,0.2976111166455908,0.28283145694442746
2013-09-01,0.7400627738848975,0.5759040254871728,0.059888829753784734,-0.6886310481194258,-0.19245384516972663,1.3501136177978879,0.3493739857921341,0.35820933825068124,0.2435515429516144,0.16233823166578176,0.3003451925778222,0.5453546844339741,-0.2018983182734857,0.3816798526695919,0.2980998116785649,0.1317515829049043,0.5497075028951137,0.0,-0.5054443108998719,0.3028775662160754,0.48405315363009294,-0.4791695281672226,0.5662743360202782,1.556771424914949,-0.18710733041853445,2.518173700215698,0.3520097237920794,0.5037794029958853,-0.23058810156975085,0.30441423812286317,-0.6799357828470853,0.4801741179793595,2.5941056790189876,-1.8434969727484152,0.2902759657959386,0.3048782849357501,0.2769472385741878,0.442562800091828,-0.2475222010121847,0.42105204865023893,-0.0996512289739293,0.33408640045387017,0.0,-0.2787112391363422,2.8098911222354417,0.5076851215473077,0.31495962357430685,1.7865430742083355,0.4001096544408611,0.19394308427269635,0.7018843034542144,-0.19361090268610326,0.17088007374645997,-0.0722848858634606,0.5514719858516592,0.3757209163947728,0.16656270005865892,0.4622891368769366,0.1934236579829829,5.631843059022401,0.8376037802174885,-0.6366551745536242,0.7414931175866002,0.050477008794747036,0.4158010148663571,0.1707547297587375,-0.2857992185061775,0.06704659989669182,0.21808191452690195,0.4852023104532144,0.5839462083306657,0.30627895305403996,0.09643718936542811,4.478615956003651,0.8056132160092488,0.14879825402296376,-0.5060454993619068,0.17436796048251324,-0.5818198230985949,0.24775791871887165,0.3848504213885384,0.2811234278229158,0.16262785535410273,0.16114511283786825,-0.9569451016150587,0.7621324391933193,1.3042971604466658,1.3552503347313838,0.11623317543234535,0.27945989310085295,0.44477893732564056,0.4204222960936252
2013-10-01,-0.09221015690501488,0.9277142781859204,-0.07985974603981205,-0.19628926244488198,-0.11159017135637939,0.7256842305363165,0.5683244196799109,0.11911853701489505,0.2319289791093304,-0.24360628095401182,-0.07670532747567904,0.14177018150638432,-0.1011429447870249,0.4750602758602618,-0.2629862520979742,-0.7636384314309907,0.09272919526388534,-0.18867512278024634,0.4666545509101283,0.10075567602996216,-0.13806197723251756,-0.09985646464105713,0.40744095328895114,1.0548676254630074,0.4057496945705452,0.5177669033430199,0.13861320275116995,0.4012041489962037,-0.13056798922184143,0.10126583143863499,2.235665050663016,0.48386929237373977,-0.06708256820147085,-0.09260974916314169,-0.02635393347762971,0.1140901435786823,0.12816140332345682,-0.29479090064459257,0.18339877832573848,1.2526224269650221,-0.19960086467154525,0.005195309090577638,0.317000765752784,-0.18621326934162852,0.7528266420793628,0.46744601558152965,0.10475962588065713,-0.052277970173442156,-0.1907617420018326,-0.30554357530094833,-0.1402646274105912,0.19361090268610326,-0.20106571567213294,0.11693949037061557,0.6395636236405267,0.47450738551937377,0.23598966184614767,-0.021303761373037133,0.38572853997651535,2.430539090111683,0.3700281742860412,-0.8245580386749829,0.7360354406287684,-0.28299998673366744,0.20725396019729558,0.34736199253657674,1.9465855284469313,0.1339584929056059,0.05681280334624006,0.09675859487305871,-0.048786468839789876,0.8374620700175583,0.4381519165598924,8.227697474634965,1.4108718951737487,0.1566566760484278,-0.6219980471652953,-0.13763364103214215,0.0729128723509831,0.039584364693023844,-0.20659076455027403,0.07315668529042085,0.07585302546386785,0.1703416707900196,1.1947573421122293,1.7838246745764508,-0.2742907089461788,0.8201291927264265,-0.25785833870779484,-1.3108801947773863,0.29541311055822916,0.314961712040702
2013-11-01,0.09221015690501488,-0.05992786813582285,0.06988076482707939,0.9034663046825209,0.7885997798787514,-0.02295684123918562,0.5386554626366724,0.2378122404965488,0.35238446331105067,0.0,0.006912801919423117,0.36533906226718926,-0.08334849396689492,0.0947418356040508,-0.2196757815303485,0.16768642043949455,-0.7187887697365447,0.18867512278024634,-0.29140380018555234,-0.20161297151846114,0.06042557048671071,-0.8024618323236865,0.3934137385149583,0.941740781553424,0.20749562881983152,-0.85595351465102,-0.14785890580713001,0.3996009313382842,-0.040209087795428644,0.0,0.7726068735953717,0.42509220250606106,-1.375400100831392,-0.07414960020950545,0.44707503789052083,0.26570522369704364,0.218560662454248,-0.07380876484974763,0.16478062324845055,0.8264594216726096,-0.20000006666665016,0.3572508723372003,-0.4228252369479435,-0.27999177955733145,0.374298627883185,-0.36989553154986865,0.0,0.27428547146479687,0.22705608955586598,-0.01933380088168235,0.9482900558114515,0.19323677510554305,0.0,-0.5586568522028657,0.6656605517593839,0.9278754863193406,0.0392374524805561,0.5873609880472586,1.0531452052341628,4.542794711356102,0.27662534928900584,-0.6275398962421797,0.7372754329415976,-0.4971853374989621,0.10346612407756695,0.5321489974604354,1.2578120200498866,0.06691201320316864,-0.06628474273302487,0.48239360308564017,-0.22229599391145882,0.680017731906446,0.14917424183495953,2.838875503187399,-0.6169532673075295,0.7044408722074458,-0.9689445998320778,0.08260291415496113,-0.21889829973789077,-0.128706517445476,-0.06360632090380847,-0.036091623200018574,-0.009439598936289428,0.09450903264678345,1.6022962965919874,0.00876809370149445,-0.7209530803431896,0.2039856348309499,-0.20444986380763197,-0.7568626480007445,0.14739630054192432,0.18826419967148034
2013-12-01,0.6430809915711322,0.17459022745693886,0.15955438045720527,-0.5392352225826791,-0.2924715916702958,0.08032589794444434,0.9157535533104166,-0.5369676776433963,0.28540085234123325,-0.244201170638636,-0.22669256694554107,0.5981352842451493,0.2655473468102798,0.2836881335193553,0.2635638427245901,0.5047578681161902,-0.2889684145774396,0.3762957078932594,-0.8499049840735573,-0.10095912013525776,0.3703867449793563,0.8960801883571179,0.20328986129918292,-1.0221341339750722,0.08986678595341857,-1.1279768044192728,0.36923314160004495,0.298656269774078,0.3412630030825703,0.40404095370050186,1.034377268661757,0.23034132499795135,0.9081523295079386,0.4625355147203969,0.3056637461286371,0.30280113976397516,0.07723695532240171,-0.5183628767787773,0.4471791800381375,-1.6597952175345654,0.0,0.511434814930567,0.10582447119515948,0.18674492258838882,0.49689543231909994,0.6211659338023701,0.1046705440916007,0.49567936476480057,-0.27252923844578447,0.12127864100399677,0.5282465391341695,0.0,0.07041899591841982,-0.1731750543626731,0.8707456307149641,0.5719992159166409,0.8645496812641262,0.0065435231969779295,0.2853068982401119,3.990373441040873,0.275862243908076,-0.7526867296598461,0.7778549437929883,0.05084659691592108,-0.10346612407756695,-0.900494408959851,-1.3319842088806766,0.26720122778005617,0.22707929144729633,0.7670219771307885,0.3606207587478316,0.07527286768604924,0.11705242091970547,1.0999390472915316,-1.5829634639041856,-0.31739043538028255,-0.11461319306258488,-0.01835030741945687,0.0,-0.8756274852057544,0.26701434545284286,0.247579942667997,0.14797982704841672,0.1415962855168651,0.373308879637424,0.4595501142180325,-0.09581094042134808,-0.7236718438112355,-0.008583334830181144,0.6625674972139173,0.14715758170487092,0.14186995433060023
2014-01-01,-0.8275864109934972,0.2524400449673614,0.1394028109826806,-0.8613478963093613,0.8348049486694542,0.26347457821538356,0.5483815280869386,-0.559633752822819,0.818737175439388,0.32546921992686606,-0.27394181896820413,0.17524090183966834,0.08078225143384188,-0.6631952303749244,0.4901063959779961,0.7462428094862084,-1.4920530613133032,-0.5649708306735057,0.3134491742589951,-0.10106115059231868,0.23186922664617526,0.6838696220344609,0.7191177608093291,1.4100876584001831,-1.339357440134492,0.30042643275782765,-0.064505175711016,0.7920833491446899,-0.5627024493818134,-0.5053067851391368,3.8546177182899655,0.26683060159768957,-1.1575631634345385,0.018456995253224306,0.25255837504820633,1.5004032408284296,0.2750881186104337,0.3704817877413724,1.0597489583648034,-0.8403386797533052,-0.5017571991979608,-0.7189624093765445,-0.6369324772625973,0.18638682654943395,0.49443858454605305,0.24255691031740412,-0.1046705440916007,1.0702057033237011,-0.44673457165282926,0.5359561525229317,-0.21697669941742603,-0.48379388024653025,-0.9091890086638799,0.292981776295953,0.7595891189491333,0.890129729777378,-2.056624414838293,-0.19650524356444876,1.7882829496776331,8.51723232870727,0.5494519317641888,-0.5518416473530685,0.6610188014169793,-0.21372966255217563,0.0,-0.6457156898271421,0.4864131404858085,0.1999334221498117,0.24542206013054013,0.47641824271220656,-1.3868073311263274,1.3453117697117989,0.3927192862470896,2.1757429569777997,-0.29044191678613274,0.10255895524711178,2.938064439321675,0.48514901327205706,1.3062595026384294,-0.6215558857602943,-1.1653796130437044,0.4575858025574142,0.2650996939976835,0.4235898459598708,-0.09319665166653834,1.9587739733657905,0.3083960544952191,2.4101310871563086,0.37133796054318324,1.1257154524633606,0.7326002729022285,0.3281895246040142
2014-02-01,0.18450541942236498,2.040220651028868,0.1590784720983507,-0.43347222038789823,0.2500876609810909,0.7522260224969379,0.6875988115054632,0.4542666173739107,0.455581653585746,0.8090685531971786,0.09929645168940127,0.48905345465870553,-0.1312589889139737,-0.09510224207049944,0.6266322831127269,0.6607818566361168,0.5342077153637881,0.47103208755014947,-0.5885254848557508,0.6048405535880264,0.3425247397470521,-0.2543504581649536,0.10984323469216406,1.0230860667150843,-0.04284687421467481,0.48017317571735774,0.24862676095764868,-1.7910926566526264,0.5526819072620981,0.4044494896506379,1.1201239359879267,0.5383499929981106,-1.3387083431437574,-0.0276867705145456,0.19985234961428233,0.8157256948979175,0.18927949865270577,0.07391795443991711,0.2609435556809814,0.42105204865023893,0.5017571991979608,0.6778133378541717,-0.10660087967053755,-0.09313996958049131,0.12322860462639085,0.43284761412794026,0.0,0.3795457552881132,0.35572619260149096,0.26636471388084004,3.3931413036231817,-0.09704027932793124,1.2204498654155849,-0.17683470567408932,0.46540327640647305,0.25300132610865944,0.513905139831472,0.11520986817830092,1.2053924343812028,5.4032843423357235,0.2735979818874412,-1.9988350788199938,0.4750602758592848,0.4270034954877211,0.5162634078806683,-0.015800171319479972,-0.316957476127655,0.5312097484885925,0.5265644512713941,0.09501188363154611,-0.26148152747795805,0.6659292089977065,0.2961711494328334,1.2842326451126596,-1.4187963854946695,-0.02211166399277431,2.689500182936211,0.19157967817262644,0.35984205795340785,0.10051262279526796,0.41981344855797076,1.3901340760535064,-0.25982091336160806,0.23455468838680105,1.2508849691715618,0.4272758739102045,-0.39363846775488653,1.6433281493718255,0.3691060501693322,-0.46750903290009305,1.0167215783254413,0.39800952392575395
2014-03-01,1.0087090052478764,-0.9122168839252431,0.05958548879858583,0.6964078587722078,0.3988438829938268,0.20417429960390976,0.9158405063280028,-0.1729329202960983,0.3457220383857873,0.5624782030240638,0.3610394483291479,0.8328482337952359,-0.038420572657038576,-0.09519277253824399,0.3896644576348862,0.6134037569033524,0.9833761745638547,0.28155190850798206,1.5036409053267086,0.10045204260054064,0.5201017820449572,0.8104223266347965,0.6938692508793309,0.5120774324898214,0.22256958636193147,1.5456344270817546,0.22961388250584136,0.200601872686601,0.449933269159164,0.20161297151846114,0.9210907166568028,0.3655810751399535,2.313761935425074,-0.425493195822213,0.22544013709939748,0.5891033237235277,0.16681349066702822,0.22152622713615955,0.08084721043175591,0.4192866311030663,0.6982572011130728,0.24302055701985736,0.21298858861475978,0.09313996958049131,0.9804000096621301,0.41205245950273195,0.2092111158126464,0.4487601247669559,-0.529488182455573,0.1839102167077833,0.3183407286591944,0.1939864817828152,-0.010025565199622832,-0.26583976666083586,0.27338190229100334,0.27358616735888575,0.5562010501817483,0.26711637801248855,-0.7400588818176956,-0.2478316014467019,0.09103323341399516,-0.9324749132661125,0.7760499401990195,0.8284549302566724,0.2057613894679733,0.3634840725526445,0.9583560264053936,0.3965636393336247,0.5424629838055139,-0.09501188363154611,1.355505134189272,0.5148963196194067,0.010561334962755353,1.071102241500821,-0.4543625880029545,0.26602034429696886,0.25647616008424023,0.24577864996242482,0.21528533610988276,0.770581746498511,-0.006393381349401039,0.5865284390988101,0.46017122127315346,0.21530548921075976,0.8709658541640408,1.1193251102691093,0.19169334943507366,0.5820342218024521,0.6419305978205614,1.5806930697844557,1.2921843785123954,0.4043455034680067
2014-04-01,0.09121111280476768,0.24483054013968442,-0.3082613312014537,-1.2931418104454195,-0.1892525092981323,0.16982738301889455,0.6677919378877739,0.5862421895654002,0.7949338240788251,0.3200013099038834,0.06883342435601847,0.6201339365261127,0.26913087025963733,-0.2861232281026638,0.45699508732344185,1.1338126828236206,0.22099456508044568,-0.1876131653846258,-0.5246805662679321,0.200601872686601,0.42430477778649944,-0.5932535011718088,0.2950402260204932,0.7668610626402561,0.88553562079694,0.8466350695727876,0.14673648674827788,-0.4016069654891652,-0.03991219370487187,0.3016593539425294,1.7049728919727336,0.5104196251622284,0.45783068604876576,0.07412898782703792,0.19036087776687083,0.4030047586680574,0.45219040910939867,0.07369997076853707,-0.01796160061182661,1.2474246994083948,0.09935420588780275,0.3078149904979455,0.10637419417154348,0.18603008155428924,-0.2442003655549918,0.10526141811713075,2.068334620941581,1.080554184491067,-0.18323413280620926,0.06477255276360339,-0.39331113327047973,0.868312257345405,0.030073680743925024,0.08869180182271563,0.4227836564848708,-0.18673810076830222,-0.31528243359746355,0.7810319603503757,0.0,-2.1951336103533947,0.0,0.2796934841607701,0.6165326831276019,0.46175548819098466,0.410256985677826,0.8040778763376721,1.683681427345629,0.5263170044287335,0.44672014726439,0.2847652612506302,0.23611310661291185,0.4392393591916566,0.4846195746744719,2.5395541218453666,-0.6537883016397572,-0.4088588303540419,3.8852843900373024,-0.4738913452558613,0.0716589066853679,0.5071357759090844,0.3862653963395246,0.9060470286799571,0.12460330519799001,0.49438093324791765,0.27347327891407147,1.3359961420648325,0.668047657079196,-0.06031363270873058,0.3291348211358347,-1.1131840368843626,0.5689970923755894,0.3245070802062746
2014-05-01,0.27309499085124145,0.8500265591948164,-0.1096047316672788,1.9661044399155614,0.019938191672874694,0.41767854366323576,0.4588746303410218,0.34278904292479595,0.23511820171790987,0.4780901029263873,0.29258061410910585,0.34285156876405765,0.8386167445848969,0.4764182427114072,0.4891638094973949,0.5268440801049934,0.2120351924550512,-0.09393874312335626,0.5937823759412098,-0.10025063496259534,0.016934801056667226,0.3032462019962878,-0.04113246216670419,-0.7366141276545335,0.02335685524421649,0.7377040288813141,-0.24771163956192055,0.7017572658648774,0.01995808808148425,0.0,0.8520299397364539,0.3825867588051146,-0.7991420866960475,0.12034252783044153,0.2245057501129466,0.5105773309162842,0.45009991225297696,-0.14745429845746116,0.1615275834665475,0.8230475229695777,-0.09935420588780275,0.07490110254577687,0.10616171703494715,-0.09295678179315203,0.9732436918231002,-0.5717030182639249,0.408572410014596,1.0092661067985453,2.042276563386114,0.16437673278462128,-0.7129141969258512,0.7655539781327825,0.0300646392002335,-0.1774623358376637,0.30271881269960943,-0.320291630351921,0.09089119978806792,1.035764196295652,-0.8391657636240168,-1.2763415129039224,0.09095043828439842,1.8511979024598446,0.7780651497101942,-0.34109182347528133,0.1023017992034525,1.3800697734145828,-0.2631512573500139,0.1311475597801426,0.22261394964617764,0.3784299691238502,-0.12746126305041017,0.29175804795249505,0.12603719765289512,2.4071175119058985,-0.9533446101893439,0.3356483469535654,-0.26315804660574926,0.22811269529343647,0.21466913431611445,0.5933561712388347,0.050898611067751176,0.32042195462818057,-0.40883817403134515,0.39931334110265837,0.2727274417729575,0.39445119610084234,0.14785090875824025,0.316241510451043,0.34861062762496786,0.18639334380585737,0.28328904233410057,0.2667479486713998
2014-06-01,0.09086952965331463,0.09213961862473141,0.07972444405748291,1.1576883175050234,0.009967605290572834,1.1981555349954043,0.3991936337221169,0.33184485073016745,0.27715613093866054,0.07945993411517804,-0.072769421149399,0.045623461928645526,-0.1511447275959199,-0.19029501460874343,0.08557313857275872,0.3803418989225982,0.2876482524820645,0.28155190850798206,0.23089063505965512,0.0,0.01693193366740786,1.7579235654803682,0.10400705598607729,0.8345775205166994,0.027506587407355454,0.40848326578997174,0.07351920570801695,-0.20000006666673897,-0.03992016021081568,0.200601872686601,1.6215940001846896,0.4336762444144604,0.6422689675671833,0.3785959552409679,0.5333345975364168,0.4355723764914998,0.47592770035116416,0.07375432768892409,0.42944390237842356,0.8163287121069729,0.1986097971629519,0.3487749747758784,0.3180088571118844,0.09295678179315203,0.12099215027125965,0.22968901968898336,-0.10198169941855184,0.1383999980556716,-1.6122077301310433,-0.12829714953115356,0.07180086024280996,1.2316593405591547,0.16019226493328986,0.1774623358376637,0.3506191226502864,0.17313601621573582,0.20163406066400213,0.3949631728932701,0.0,-3.7962673731402496,0.18165309263951102,0.9784629761643515,0.7657538288441401,-0.2716982803470991,-0.30721990369704244,-0.40298526502882126,0.612945852695912,0.4576667027408554,0.13888248146916027,0.377003274054033,0.07069849150314056,-0.14577262056540974,-0.04199475127331098,4.375619296802924,0.060375071161899996,-0.16868828805360891,-0.37950709685494743,0.3911407178958548,0.5702082448906687,0.10840109462586511,0.20682077114200226,0.029724513063911218,0.1757497380803663,-0.10199824705505733,0.18140594543964994,0.3103151968015361,0.5157634716225878,0.34521610269031555,0.18613267572016312,0.5571045049459045,0.28247833657220056,0.24469835192752298
2014-07-01,-0.5464599109600954,0.3469095991926352,0.16921373403047113,-0.18433184942914238,0.13944225367037433,0.7319540275698699,0.010104257875287459,0.3775047342204907,0.1170275148188793,-0.15898305725476902,-0.37492611281795263,0.23919793731836947,0.34640528488605327,2.166829947913307,0.1538431700586429,0.9076045399373456,-0.8654389668767415,0.28077143663516324,0.2315895348303343,-0.2008032803245463,0.3633448587343935,0.10922993986071106,0.40255616257001137,3.4528598503670516,-0.9448876675026696,0.6170583482548508,-0.11019912386434072,-0.5017571991981384,-0.3199362857007948,-0.200601872686601,1.5401589023777973,0.9369962759804729,-1.2519361669584228,0.2117572029143311,0.5731655196790975,0.7577160553226214,0.4523545865538381,0.1473456646797544,0.9242131632047013,2.409748326460104,-0.1986097971629519,-0.15439565296357927,0.10581162358853646,-0.09295678179315203,1.3213405458389005,0.5673353340899467,0.10198169941855184,0.4572909507432499,0.446408977115631,0.14630893946225854,-0.06989943019153344,0.7504725654068345,-1.0256500167188598,0.08861320916571103,0.36373580395414606,0.2746284119923281,-0.10617158069923249,0.3390592929659597,0.0,-2.2260615656001903,0.09070295406461426,0.6346264883370978,0.6472514505617255,0.812890220614193,0.8171649149319116,0.8401447271075391,1.6854188517314128,-0.8516265031485837,0.3970640980173634,0.5628532683096488,-0.6922801965332681,-0.29218428383677164,0.22027595837075253,4.682641413130195,0.6798673411966938,-0.29689888506885254,-0.5636619698135448,0.5612906280485497,1.271203558836298,-1.0992930706572146,-0.3278222225479688,1.271871991577811,0.1778084500470456,-0.0835305631199823,0.7223507707457166,0.4533769858393377,-0.03150102404374522,0.7463835217186521,-0.03908897864919325,-0.3710579396535074,0.8427097680319129,0.30785533614396854
2014-08-01,0.0,1.1684691797917424,-0.37862611426433546,-0.31414605896280534,-0.4389034477130238,0.06627637489931004,0.24977732034248135,0.9122114296828521,0.2760672808753917,0.0,-0.03223876492137734,0.3180431555056984,-0.27524989631055874,0.09315324381127255,0.20476023551863065,0.3316965559499785,-0.23888758054511072,0.0,0.06745362818953993,-0.1005530502018459,0.38723846689272534,0.3571972921552202,0.20920675694195978,1.0861590199045423,0.15806935189717208,0.6339634377083847,0.14683865073585878,0.30135633052656985,0.439648989542718,0.30075210639557426,-0.22675114139829589,0.49653577061823384,-1.2233387718556976,-0.08280811992760206,0.41711062815332767,0.14367818563707502,0.5236606676414901,-0.2210999923686785,0.46771280322852604,0.3960390145373971,0.1986097971629519,0.2306999541563215,-0.10581162358853646,0.18582723419635627,1.1862535309826505,0.28822841925491005,0.20371187435959115,0.9396727065120736,-0.15465092916278067,0.17466258841567495,2.372596358015322,-0.5623257554359995,1.0556575188195083,0.6181035131430868,0.3043487667500955,0.35855301113318916,-0.22039180786999069,0.26885101477454043,0.3738322110605097,1.1529459691336896,0.1811594698347463,-0.13964532362962245,0.4811456777987111,-0.06998950443177776,-0.4077477616656111,4.756614550444382,0.32766254898408675,0.1314924581308219,-0.05530973592335897,0.18691594227027153,-0.22781434082626006,-0.36643500144890595,0.13611854884301167,2.9389643260993914,1.787670262769403,0.5317797960649351,-2.049114357086168,0.2434517229654709,0.0,0.0,-0.10214648412851801,0.3017378591458453,-0.11516180041519775,-0.08360039500390215,1.4735698653757012,0.09453617837289485,0.44011388237512605,0.7482347757975738,-0.16717075667518344,-0.18604656529239705,0.27932214860744153,0.29186983821736723
2014-09-01,0.6372469428589156,0.20309308579733454,-0.07990171979992411,0.04625988887632104,0.32935805011300445,-0.3761482474629041,0.5683516074030059,-0.5571628938484174,0.16950952252541285,0.07952312313959098,0.1409432358685514,0.8356820369820106,-0.9738741254410321,0.2789402087572057,0.1362777453415731,-0.13789493310047973,0.3581177087899512,0.0,-0.28940788094917735,0.3013563305263922,0.19305835517471337,0.6985876046773143,0.6108547098254924,1.2195392190015752,0.15254332283136662,0.7684176102036311,0.5399467199822539,0.2004008686715686,-0.37958291505679753,0.1000500333583787,-0.18341216772075342,1.0599185359945196,2.0476192620881406,-0.43356001681846834,0.050955415115438996,0.10762332877334302,0.4987333947100048,-0.22168985388715257,0.2725649121349427,0.0,-0.29806281381379307,-0.11983597299360937,-0.3180088571118844,-0.3720405035379848,1.9848871139975799,0.17096547131520978,0.2032379001438933,0.14730096095512124,0.29998658922556487,-0.06453158026022976,-0.7520043644401397,0.0,-0.09004953332496513,0.08798944694383692,0.4786453954169545,0.4406845813925031,0.3352233364275925,-0.04483111039883525,-0.6551263487223125,4.997752691984303,0.1808318756790328,0.39051653534336594,0.5532603550918225,-0.02000600186731205,0.6109998641578684,0.23056498610625198,0.3516707969967392,0.3279766797007255,0.184246942955113,0.1865672182958633,0.5700563988990659,0.0,-0.010464082048233792,-0.5922258243740153,0.6813518993838308,-0.18966863861056282,0.4740147693858887,-0.11714351418508073,-0.07020007308318199,0.24864501347723333,0.1594707030828424,0.4776757286479416,-0.01954523544229758,-0.16741075338524425,-0.6225008985848213,0.13959492783985894,-0.05229305144531793,0.9987598628348415,0.07520665998130838,-0.18639334380585737,0.0,0.22196242010619036
2014-10-01,-0.0907870318988202,-0.9647466108003933,0.1297915332323818,-0.3799643142340159,-0.0598026530338025,0.08863284426956497,0.4190378684710616,0.6282126124293796,0.11637134346846878,0.07945993411517804,-0.001777849769801776,1.0293242749716214,0.4210909774617022,-0.0928936434659633,0.16158442114351246,-0.290307061450612,0.5178499623837318,-0.28077143663516324,0.30867199197048834,0.10025063496259534,-0.08389262237038508,1.9787329696083766,0.20259256432684225,1.6981455873279927,0.4646625110937386,0.2605121470891092,-0.17359174735922522,0.29985029962569243,0.03001951290872995,0.09995003330827146,2.6341597605589406,0.7110410894891395,-0.9139278048511557,-0.1943275492396701,0.15271064306485727,0.28643055744694834,0.0738855091539925,-0.22212232097560403,0.46428173343162626,0.0,-0.1992032531240362,0.13361311649155994,0.3180088571118844,0.09313996958049131,0.11554016305543868,0.0304535036567799,-0.3050619692622547,-0.21323901186249827,0.3352819053143108,-0.30207514979130323,-0.42717665175135977,-0.37664827954815294,-0.23049566751431882,0.6137678189213069,0.47111919191067386,0.5514002369207738,0.4450962637674749,0.06783937891174929,-0.5649732542116759,2.094649734655274,0.5405418566899911,-0.2880909013590838,0.5070503072278854,-0.12012013456335069,0.10147134305462657,0.2899567096746658,0.20540574843037618,-0.13106161771281322,0.4499755055649146,-0.09324009999556182,0.329139004417911,0.22002209096028125,0.17774065006550543,0.052777453171160005,0.7716896295469233,-0.29978695342487427,-0.711867412952305,0.05408328958225184,0.4204631282035187,0.23811897351055933,0.054098296524429657,0.11630855880699897,0.14176663215019758,-0.10244471210274497,2.292869405721376,1.8817470445135598,0.07320261764798275,0.5901441483530334,-0.25154135852361037,1.7568644202316186,0.13937419711416155,0.23808830104385753
2014-11-01,0.18148168321712177,0.5783900305910805,-0.1297915332323818,-0.21378453092788519,-0.2995508979792838,0.7172444541191147,0.5086810117232332,0.3533501446569609,0.2850659165296143,-0.39793256782143516,-0.039021884856982325,0.03339063431404554,0.339164909202605,0.556071868470287,0.13587270466981494,0.3416390199286745,-0.38176080299479054,0.0,-0.23141462453546424,-0.200601872686601,-0.1427791784991861,-0.5546064130273365,0.18106705950895474,-1.5468607787174626,-0.06998830509532539,-0.30969203694688474,-0.1921266516096587,-0.19980026626731373,-0.17022985135177748,-0.20000006666665016,0.86845662625743,0.6843377675953555,-0.9391326804690792,-0.34330815439806983,0.1947915077074036,0.3568883159921654,0.6298372614033099,-0.37133731273497617,1.4920529824850703,0.0,-0.2995508979798167,-0.5064275430815002,-0.21186038639706695,-0.18638682654943395,-0.5790404134707217,-0.4130109648945002,-0.30596534612588044,-0.045191339360961535,-0.2989809701663404,-0.2018982949429038,-0.28234963696158744,0.8454723918933205,-0.23102817769089512,0.0,0.5585802568112364,0.8032680904468847,0.5219016403601451,0.808048969594477,0.0,4.843116219106758,0.5376357036380952,0.00930622121515512,0.5965027064993578,-0.5926985053817724,0.0,0.20944504739253134,-0.5117923865611829,-0.3158961154505313,-0.08249691104493806,-0.1867414174794746,-0.20732692504550343,0.7299302481605707,0.11484054088750639,0.7526774100711897,-0.8960975119976844,0.18722073351300494,-1.4218654961679178,-0.5149760669470815,-0.2801122279711521,-0.23811897351055933,-0.14649237329571463,0.27986389424139446,-0.45535881128362377,-0.12120648539966083,1.6429249781066524,0.18101906942531443,-0.924182171270882,0.14518004872901002,-0.5413852851859247,0.09161704717772778,0.0,0.04795798069460239
2014-12-01,0.0,-0.22269128893839252,-0.10996542775449925,-0.34487613993574584,-0.8032171697260893,0.832151960672256,0.7769263134998816,-0.3395971763452188,-0.23221458608864154,-0.7202935641803521,-0.4969568341068431,-0.4125512412441523,0.1246660891644602,0.36900410874487477,0.26271684576055776,-0.21405721358291885,-1.610865095573022,0.0,-1.155408746460651,-0.20100509280238654,-0.7000408126842217,-0.17765149458233154,0.11468755152410637,-0.07234172477224021,-0.5845169327709065,0.01714951640430229,-0.12832306864645204,0.6975613736418751,0.08014426395712704,0.0,0.9822008614233546,0.3324193573003953,-0.47922826257273954,0.07432872218036124,-0.11005292116088583,-0.24968801985822964,0.4181879761580909,-0.6718918172432531,2.4327154096642545,0.0,-0.40080213975395296,0.3063918674691024,0.0,0.0,-0.349040493976549,0.1562344513003744,0.0,0.4321307415768416,-0.8016805257064163,-0.009565756053664387,0.30257149997545696,1.577758946883634,-0.6153244814363745,0.26189451896252436,1.100837615655248,0.4888734040971343,0.18551397973114447,1.0027816969854442,-0.37842996912464955,4.333230604113059,-0.08940545968743052,-0.8504326756042957,0.7938972995110483,-0.20171464227400904,0.0,-0.9912471651539079,-1.011182082742934,-0.43470447445486116,0.13745706631693722,-0.2807676154202632,-0.01597298573443595,0.7246408520769521,-0.020870291215846493,1.1588928963194967,-0.12456284847290888,-0.11369983465616684,-0.7620404039688111,-0.818558458644425,-0.28089906110544405,-0.4679652090567643,0.1560713092229271,-0.15127091367199696,0.4359281982173613,-0.5050515786067855,-0.12872775860444108,-0.4430697458444932,-0.33819520714706286,-0.5309296445744849,-0.5686253043770684,2.621026676731475,-0.13937419711416155,0.020103828791508568
2015-01-01,-1.093904132871515,-0.015697903724554152,-0.13010329357046047,-1.0040904515996374,2.852083812457895,0.9549719889097474,1.2323208255279994,-1.6196477467054216,0.7894362349936124,-0.1607722622400054,-0.4314992713208454,0.06700318864352184,0.7359167849270598,-0.6466535235744253,0.641186741710964,0.03856412941072307,-1.3391504471782056,-1.0362759827773793,-0.4992912619205647,-0.6054508908706069,-0.1863775531031564,0.11254925217345502,0.588629650097694,0.9825193262420484,-1.620220992025967,0.8223974625528818,-0.6901985356781992,0.8897735419867381,-1.0064497193649657,-0.7031671363680658,3.3893856215103213,0.3258676322937859,-1.3940514238139023,-0.7177175796629243,-0.35638561267461455,-0.3936308535808841,0.44912447784808407,-0.2249641327970231,-0.24399443831697454,0.3944870227410746,-0.8064559836729934,-0.728102784146234,-0.851968779283041,-0.3738291688630824,-0.4672905699396601,-1.2509250553398132,-0.10220018361257743,0.6044270890030568,-0.24726419484721873,0.6753313822756013,-0.14913492616077662,3.794493156412493,-0.649682520689332,0.261210422792324,0.8819662306535747,-0.09051149263399338,-1.4948775756237431,0.9444443887411502,2.24939193479754,6.166907870961946,-1.0791471632766836,-0.4797977123805808,0.8298802814697304,-0.9127852422089688,0.0,-0.8082484896944742,0.08127190979196897,0.09779951879753668,0.20126253248715642,0.09367682183913928,-1.423174663556015,0.5759555158364016,0.0521675633931018,0.8270955794095869,-1.916620473613495,-0.2156802319637663,1.3126267914207013,-0.742475568145462,-0.21119332031487303,-1.285674599754838,-1.0563183950248245,-0.12741356201653176,2.592904018899578,-0.5924689357695634,-0.9491011710589525,1.0960194706361115,-1.235635661467338,2.192659066320246,-0.4716986775993526,-0.7162071796606106,-0.13956871992846231,0.03409407793383511
2015-02-01,0.30380276829635733,-0.2572248868814242,0.40976224356263913,0.08014426395659413,-0.17650524292127656,0.3342501359838046,1.212512425772605,-1.4711240447917717,-0.3886763651418157,0.8810658264203575,-0.2573363972143028,0.35666897920885177,-0.37171473900423635,0.3700281742860412,1.1455480350910818,-0.16507314128739736,0.43675820651909447,0.7081499470576347,-1.164870032614207,1.0070578563595944,0.2033037549040273,0.6432408358009845,0.6105231710965775,1.842398385876276,0.2059924873774932,1.0616234278175263,0.2508404465812575,0.09837679101325492,0.6653921112055983,0.30196298737195093,1.1710250326547822,0.3671996853184645,-0.6440368137700325,-0.1685235863684298,0.31402529518658184,0.6433188734391138,0.3464139055951776,0.5241446718172504,-0.36288631893750534,-0.3944870227410746,0.6054508908706069,0.6674775086265683,-0.7514851778162246,0.3738291688630824,-0.7050557996660878,-1.4405811057105922,-0.20470418425952985,0.4572997660533318,-0.643917228101909,-0.05919345483622607,-0.6874483443159107,-3.518630912504239,1.6664527439918864,-0.43573053689529573,0.9457650468213785,0.1895587848316005,0.5082021344030352,-0.05133085348454358,2.561896745049985,4.168369211773459,-0.634922767866275,-0.9312017625619617,0.6793545231016829,0.5486703461445863,0.30379770200772427,0.08111945283646449,-0.9283886310011091,-0.7850874475738401,0.29202429951569187,0.09358915049002547,-0.07494130584673186,0.5012541823546712,0.09383308825823278,0.4600334927440386,-0.176073605109206,0.09781924390193097,-1.416992777585957,-0.11967780484889445,0.35174148118795046,0.23224123125897833,0.6990723302327417,0.8480397776214232,0.5580063558300985,0.1225432589606612,0.0,0.7121757288636843,0.3423928018626121,1.0926744161815272,0.4333647753167469,-1.1748892489088725,0.6959037749700414,0.1902942043948411
2015-03-01,1.1060963842092875,2.5810337524899474,0.05983320428253336,-0.01001452106317302,0.06867795217120332,-0.48556879866588076,1.3114465246974127,-0.8053630163736614,0.32575030118886517,0.7151424172622711,0.3256284846164803,0.6211208628558396,0.415874598410948,0.0,0.5802929019725234,0.14793536422939013,0.5042611971981081,0.5027628911927984,1.164870032614207,0.40000053333457686,0.1437571597623588,0.709243616646571,0.41333044916518347,1.533448657883607,0.6359034109903128,1.8478994992480402,0.3301488667352359,0.49043747150916417,0.6510113632804071,0.10045204260054064,1.0398714464612269,0.27061873389735425,2.3320073361300153,0.10302037904823536,0.21162237550251817,0.6745986882591204,0.052337964604287635,0.5956891241922335,0.16894437308696553,0.3944870227410746,0.6018072325563395,1.0123735308367188,0.3227582656167627,0.09324685696894264,0.5878911699771727,0.908090461773714,0.3069043678721073,1.1129984148548822,-0.12928250023120924,0.009517029799344101,-0.2444752923529414,-1.2009382211235042,0.14012613643066274,0.0,1.4020848241938388,0.4063146751450475,0.4414349132665585,0.38066747631688713,-0.5434795985954644,-1.5625317903078084,0.9058032946750671,-1.5715357479629155,0.9066028934050507,1.068343158605689,0.3028775662160754,0.3844213130693497,0.22523684976514247,0.8827914123563652,0.681108749425352,-0.09358915049002547,1.8726334350343876,-0.07145409378717105,0.09374512430735393,1.2481046697550902,-0.5793133193104261,0.23960547051711245,0.17388284680288635,0.49618773124144866,0.6300335856251671,0.8836286031283613,0.08305576824190197,0.3559413436504677,2.4616249162932036,0.16942775137227528,0.0,1.1784101455085683,-0.22456299871667085,0.6961808646008372,0.5933987447702016,-1.0969031370573035,1.2405414445866292,0.44406976084610605
2015-04-01,0.19984683700204897,2.8468042937563887,0.3780711073868126,-0.04006811633354701,-0.07849293966541993,-0.42274194440379276,0.707527953351228,0.7118680542591349,1.0540144538990326,-0.0792081790343957,-0.1815503497737403,0.584310817505429,-0.035326327313001116,0.4606180414892691,0.5358447778816888,-0.0782283987540211,0.026013440423522383,0.5002478254909626,-0.039265731338833376,0.0997506317125918,-0.2538287173806886,-0.3334799053631876,0.8337541072590327,0.1094232164044584,0.9148887939274708,1.552536678283989,-0.009988513218139872,-1.2801750410044832,0.10975306664198214,0.30075210639557426,1.804295756730312,0.4949869922459271,0.49356164764668975,0.38305274099599274,0.33766704378122014,0.24739365860462215,0.2809708554129209,0.3704817877413724,0.36227486874107484,0.7843154947289044,0.0,0.15931134979334516,0.6424080558788958,0.18621326934162852,0.11716462968891506,0.25346960685954656,0.5094599973623382,1.8022330779177587,-0.555968815330754,0.030650914054763945,0.16850063819555672,-0.5591813265775514,0.04999750116647661,0.17452011410297175,0.21816207180185287,-0.2592361736089899,0.6691313329710624,1.073659377515579,-0.09086779362217356,-1.6406824762432493,0.897672096155322,0.31628914085084503,0.7571312638335215,0.6395544933462283,0.40241502997249157,0.6441246102856901,1.3156413576545845,0.4870930234599058,0.3613699840041562,0.1870907935811239,0.32356128859571953,-0.14306154085161893,0.06244796206313907,0.9165780936527312,0.01969279250193523,-0.6253865993457453,0.052105949940806084,0.00916548279787932,0.06975933313952964,0.07994404343030226,-0.00957521993845134,1.0913081634676303,-1.9497828156723074,0.0188075983253988,0.6975613736429409,1.6167640217041424,0.4592798460462788,0.5660194700050525,0.20308387104730485,1.2785562296966368,0.95432486132907,0.32199070589128154
2015-05-01,0.1993187530369589,0.5851431976050314,0.1587627792592805,0.9770765668298154,0.01962901174215048,0.3578209293557677,0.73717228683714,0.5986388533459674,0.16595792627569494,0.5531741528129075,0.23256450631183867,0.1757394227452913,0.590076131982542,0.1836547807303468,0.26274346613126554,-0.29417154009641067,0.2943470223193856,0.19936866568217582,1.15190652841628,0.0996512289739293,0.28762391878398574,0.4210532536347067,0.17687111394666388,1.1815833957276922,0.47660875808288594,0.7961852656343638,-0.07994404343030226,-0.19841276350467396,0.23904393852980377,0.20000006666665016,0.9846471370825505,0.8430679107265249,-0.8423562898399517,0.23285066172196167,0.20205428662380953,0.42268467299138024,0.3060932712952713,0.7369306408378407,0.494941593050946,0.7782118277367189,0.399202126953746,0.2789402366769167,0.2132155447380768,0.09295678179315203,0.5837728195688285,0.2846879707783856,0.3043929993722827,0.8090097323313117,-0.512367789110435,0.27970506067314105,-0.22475888350728113,0.9302392662315029,0.41899502638544917,0.1742160719383712,0.16330978044347688,-0.5006294828367785,-0.20132501782370582,1.3984134880435484,-2.4851716155765757,-0.6918059811386712,0.35682464265223146,1.5666116744400327,1.1017457904641148,0.21890556005237372,0.200601872686601,1.612135621549271,0.7541134727172327,0.4847319234327685,0.4229477620977917,-0.09350164309109843,0.4252978771233096,1.4920347835110093,0.12477905331165218,1.2128911969932155,0.2949274650559275,0.45429843716711105,-0.17379218833788457,0.20142837793937218,1.2474174225176604,0.7662110225272301,0.344311096840233,0.7204922276172532,-0.10589963037741512,0.16910939768628452,0.09925559127523798,0.5612830243432398,0.24479816386397957,0.486585139113771,0.5084641383676924,-1.9240172073648587,0.13560459687189663,0.33553745148986996
2015-06-01,0.0995603497556452,0.5301140763268819,0.14857220194652854,2.2369224681911604,0.40154796621720834,0.34575939362371244,0.7870295805331828,0.8052417196154238,0.39304974060012654,0.2360984501104113,0.07338682503181815,0.48166189593805697,0.4293544383282999,0.4576667027407666,0.10654108452534672,0.42808697913123694,-0.15572284486138344,0.0,-0.2526726319993067,-0.0996512289739293,0.40465406759340183,0.45414925218834057,0.406720743654887,-0.7015860713096345,0.2671222597739664,1.3422385742373422,0.0,0.0,-0.07961783860066518,0.0,1.7632478216984993,0.3970711821740025,0.635009935874109,-0.2888155918273405,0.3693758397202984,0.5608146489676002,0.6368275637844256,0.1466970632257869,0.534140014053186,1.1560789790959092,0.19900504080094805,0.2387958323226691,0.2127619031157657,0.18575445734319018,0.464576909916925,0.780676670752456,-0.3043929993722827,0.29347944991906516,0.2611698154615816,0.019991863378177044,0.14068686188091206,1.0133665714800344,0.18897016911871845,0.0869943508539528,0.4612679457918212,0.16744357551932154,0.14717056424151664,1.118045426867642,-0.09324009999467364,-2.3836558762720728,0.6213956967937584,0.9283202303549842,0.9224140819237725,-0.37841112671843646,0.3001503003756234,-0.11853023908479088,0.6141574665780247,0.09666506310939127,0.24216344405374457,0.0,-0.07995302442003194,-0.9210125324228713,0.14537904948817015,3.111763864113559,0.19613618134375344,-0.10884354816091957,1.4505521130350196,-0.08235348408893728,1.9100171373415797,-0.08925472898777542,-0.29004363495293006,0.39216883487576126,0.4991994541331479,0.10320402473462664,0.19821612039931935,-0.5150416144378944,0.688598515183525,0.4497188193204771,0.34962357096191,0.27713643603854976,0.540547050008211,0.33087502818794823
2015-07-01,-0.39873761159539,0.6524752897626662,0.0,0.0678919574113479,0.019546520781510424,0.6022171119883346,0.6179477129783173,0.06726237797654022,0.1031778878157752,0.07857577346372935,-0.6163769708087408,0.41410461408180055,-0.17502411048857525,0.2735979818877077,0.1882312521189533,-0.4302374011516896,-1.4300906438905692,0.19907136480439291,-0.04866416953310804,-0.0997506317125918,0.24368736062347907,-0.6761508623235102,-0.07953348353941792,0.71179560916379,-0.9326769901702114,1.783588631852151,-0.22017622985943675,0.19841276350467396,-0.40903932922953246,-0.09995003330827146,2.2720922835035573,0.699134089661424,-1.327546989459094,0.06528937414298497,0.5098427191770227,0.34891870709605755,1.5353539626989487,0.0,0.9279616908845156,0.763390172218692,-0.19900504080094805,0.1795196688497036,0.21231018774976462,-0.09288400493998594,0.8078520565202751,-0.39667534879122,-0.10167058211809632,0.0716802513476722,-0.1398275688085704,0.17994668369452071,-0.45833065448182,-0.18348629001048167,-1.0588451738094307,0.5203827875023492,0.2973376971001862,0.1464982510787749,-0.272653557030722,1.4074646687608272,0.18639334380621264,-1.4820480152518023,0.7933051740797836,0.10261673553122463,0.6905707365347347,0.7652971804485098,0.0,1.0128411477195343,0.362724305173856,0.0965717119957965,0.4290701138854658,0.18691594227027153,-0.7275664006565208,0.7798692485823544,0.1762480369152719,1.0965787248676584,1.1688065267900782,-0.3565858447114323,1.5142781907893088,-0.07326007653700728,0.6734032181346272,-0.796896337902897,0.03194651011542149,0.4371977315041242,0.0793081246102112,-0.06566296375920544,0.7123440496766165,0.08859639933884722,-0.1056300932693155,1.200824118299515,0.006753582629226429,1.5560954723085274,0.8054009682291863,0.20511575106032104
2015-08-01,-0.20003668974668543,-2.370162781420593,0.06930214814442337,0.26143805740668213,0.12695934123900798,0.2035024533507901,0.21978052642070978,0.11718576682131499,0.16486350977880093,0.0,-0.1604651617833852,0.6828008920539475,-0.23676952351046054,-0.0911161794245885,0.4812626552453736,-0.08713097627017774,0.07901321687562302,0.0,0.04866416953310804,-0.1998002662672249,0.3184182345139952,1.087757576954207,-0.0013089184901282636,0.6269746253073194,-0.33283370071988116,0.5917783117975972,0.1801802289262966,0.0,0.31939342452576014,0.2995508979798167,-0.7521643761374541,0.4677876312515039,-0.4378778981382503,-0.45792332718059825,0.06667222515490678,0.03482500470468608,1.7571816492276682,-0.5881835224875509,0.386852278963179,0.37947622324576713,0.39761483796389996,0.5252477364050101,-0.21231018774976462,0.1855821863209428,0.8013780723555186,0.175868320162742,0.10167058211809632,0.20567476264661266,-0.2615357365988835,0.13987891739528635,0.06656313417181536,-0.4601940933373072,0.9594317050392931,-0.08654262764284937,0.4040409537001466,0.2107435804116875,0.050567554496883105,3.646083520721355,0.9267906930777947,1.827357000529073,0.0,-2.5975486403262416,0.5889601608680017,-0.3074026913735928,-0.20000006666665016,4.1303240604750435,0.31198183128031687,-0.3868476777915575,0.4094718201212544,0.0,-0.335814489730879,-0.07064641763294688,-0.02071894755202308,0.4723150710428392,0.6370677917016287,0.09406815070898134,0.941183418234548,-0.3119554782357703,-0.20154524793474238,0.11994004436344241,-0.19805277161619728,0.22372906736158882,0.3006569402533188,-0.22545805698710453,-0.021665428351536065,0.39956893325578946,0.6216108094597494,1.1730936358233635,-0.14172219658226126,-2.4828861653870327,0.1335721339597029,0.17269272783268014
2015-09-01,0.39955438040486513,0.11888412086307198,0.06925415352645459,-1.539691301330759,0.07804878445032415,0.46968489419381143,0.5384712454116425,0.07746307381566453,0.16459215730941779,-0.15721333700433604,0.09930246455240876,0.5063952854619913,-1.4147008708738085,0.27309985112342616,0.7134791181316658,-0.26508636212856374,0.49897245382153343,-0.19907136480439291,-0.8010984616518613,0.1998002662672249,0.15882970946101693,2.2594983835912075,0.26407777001509203,2.4445070653048795,-0.30812783612992334,1.3105964863751929,0.13991607319541188,0.39564838950756354,-0.3994014295937376,-0.0997506317125918,-0.1459283578562065,0.7714502719942118,1.7839678381314172,1.9019917426594368,-0.033330556095911845,-0.20913217799973793,1.6154135496218913,-0.6659259693174491,-0.049375851660471426,0.7547577896478863,-0.49726606693782927,-0.38838390547253354,-0.31936278278630326,-0.3714094205172991,0.455063356399954,-0.26965440066062385,0.101567318025797,0.26524777948493394,0.0187038249868543,-0.25977409087820647,-0.4593442079866783,0.0,-0.15926740376421833,0.0,0.3756376834478381,0.37393172552038223,0.31263222613384656,0.8754792441477477,0.1843318494287871,5.917193531255904,-0.26373641660857317,4.728527299001506,0.6025141855874772,-0.188876242839342,0.6982572011130728,0.4963254089954461,-0.10388583387435091,-0.48567361129530084,0.08879418093643565,-0.18691594227027153,0.7854291656383516,-0.14144273928078377,0.15528757196889842,1.4055150845221576,1.3665461834696302,0.0010110047872657901,-0.7387541993113977,-0.3774805384583857,-0.06727211824522072,-0.07994404343030226,0.3987970908531757,0.24170094774902395,-0.16869095569074233,-0.047034477137408714,0.1964637174166839,0.8895632659808861,0.6908128791305757,0.6852562925055317,-0.15586776494496135,-1.1236073266926105,0.0,0.2986458059349866
2015-10-01,-0.0996591818553938,0.4301046761540306,0.3454537573779781,1.2782532439240768,-0.7734142032852276,0.329594684636092,0.8165435527841325,-0.5932106020150485,0.27713643603854976,0.07863756354060669,0.08314407683780445,0.4076200263805063,0.1779359900083044,0.0,0.6762650919230673,-0.282020576671993,0.5138712697059233,0.0,1.0828845879619742,-0.09985023295895346,0.7406516610655167,-0.41375069651943264,-0.09052254830379525,2.1473866566987354,0.6388656751286526,0.02854900232023283,0.1596647380405436,0.2957123889745006,0.0600120042015817,0.0997506317125918,2.651676618074461,0.6243737568656371,-0.10187992641546018,-0.12874748881559483,0.49879561392058847,0.06975933313935201,0.9161296137865982,0.29650915424142,-0.0821822095047331,1.121513292822307,-0.19960086467154525,0.05455404687326748,0.10660087967053755,0.18582723419635627,0.3399436701461589,0.025252168717226908,0.0,0.4961447261925933,-0.7791637635080839,0.0,-1.2929552918445886,0.7352974305257831,-0.17947955760231338,0.43196611445228683,0.4542425980217146,0.5132066282942382,0.4683937442249153,0.724659286942142,-1.018055993211675,2.5486567250829317,0.43917505809849544,-1.517479801923649,0.41848163770232816,-0.08959236077856758,0.3968259175620936,1.225528289921396,0.4888053774298129,-0.09741841978421206,0.13304361357580063,0.09350164309109843,0.08912408332593103,-0.28348707858496525,0.19635204985668508,-0.11320262241687473,1.8990887559400704,-0.4306006177177579,0.9559821233155574,2.1445362629568976,0.2016807406302057,0.02998650629697508,0.07320629940972267,0.17678991899892083,-0.6802357622439636,0.19739631356721077,0.6845992507986232,1.542479877555003,0.08341153648032673,0.6007627707549368,-0.04493421596905023,1.8657257604542288,0.26661021109815053,0.315859234437621
2015-11-01,0.0996591818553938,0.7578540147621382,0.10829963690186517,-0.7005282588410822,-0.04915212681915193,0.05305884350024215,1.004879021794114,-0.19182440622893537,0.05123738391521471,-0.07863756354060669,-0.07210096691041556,-0.03212794613638437,0.6202944124599874,-0.18198367169883767,0.6000793724286524,-0.00973904763670319,0.043427281700569864,-0.6996164911731384,-0.47658505807568474,-0.20000006666665016,0.16568639363221394,-0.7239180016918034,0.10735165476054576,-0.2985425544824949,0.36471648909817134,-2.1448164115655644,-0.17964076687251307,0.19665689720405055,-0.19016169469621147,0.0,1.0312448628760684,0.7745111890043788,-0.7593649899869881,-0.16577642403987625,0.47156240435333174,-0.06975933313935201,1.218332263941413,0.0,0.20542787861854706,0.3710277055974487,-0.3001503003756234,-0.33564575093372184,-0.4268966884175107,-0.3720405035379848,0.4514680354523293,-0.7445715589536661,-0.40694977450348446,0.5166475637936152,0.4419584983132552,-0.18973985983423702,-0.29955469638727195,2.531780798429395,0.059862318459291686,-0.518583703237141,0.4787243185245593,0.5444932947920478,0.11869154583949992,0.8999083860799395,-0.4662013105805052,4.789681253449007,0.6116227017431974,-0.7161155922828399,0.6581006399230205,-0.5592744029520702,0.296589441337769,2.2626638127419163,0.584409275324127,0.0,0.38924323738225297,0.2799815174750364,-0.19715421681238965,0.424929817865749,0.13412434303701204,0.25170565910697107,-1.3406660280116611,0.1998266129932702,-0.01669309744283254,-0.06321969052347498,14.480076352753368,0.1298377211112367,-0.1719301347582025,0.20989807994666876,-0.1417003606603906,-0.31978958780207734,-0.09751341582067141,0.6639795661492975,-0.6902349093611981,0.4250238832788966,-0.21129192172537614,0.4610427714779597,0.133137506540848,0.28422552260010064
2015-12-01,0.39804374507843576,1.00833098157036,-0.12808443995098173,0.3119519004712856,-0.3842179988931882,0.1695993622559122,0.9553678688864586,-0.22718086783637403,-0.05123738391521471,-0.4731984722383231,-0.4116632525272834,0.01071046231411188,0.6164704684055167,0.3636367643387928,0.6202121850640729,0.18596007218549815,-0.7058545275182126,0.0,-0.8223247513668319,-0.10015023370897325,0.09101063797825049,0.7295973996773064,0.09436071037027816,-0.08871956014484539,-0.29218530224834893,-0.029824983249948644,-0.11994004436344241,0.48995688411599403,0.22015419679553005,0.0996512289739293,1.0803937520035944,0.4178795543170466,0.0950529792715038,0.3496507058722287,0.42826617920042054,0.0,0.811187193872076,-0.29650915424142,0.9558643124966792,-0.3710277055974487,-0.10025063496259534,0.3307778377823034,-0.10701705445210763,0.0,0.2249719734020772,0.08713996599460927,0.0,1.067762579653575,0.12189977598344726,0.29915867321417267,0.8015572326937281,1.0657294473984003,-0.34970310904300916,0.0,1.2130950451425981,0.40658080790585416,0.289512132957892,-2.346198320918713,-0.09350164309109843,4.55370857697055,0.0,-1.0320009031990374,0.9929792623891487,-0.12025254480469982,-0.3956483895073859,0.027059937927376154,-0.5696342254315034,-0.09751341582049378,0.39652869509732014,0.18621979310635695,-0.2610479203860372,0.9145332822193986,0.010309809793351832,0.9614175931331737,-1.1868166837816219,0.009119603608098714,-0.5860209320093013,-0.07230004833642667,3.3707847074589736,-0.440132750119826,0.14650350316633975,0.2236300347437492,-0.3309405801704024,-0.3869937341959506,0.0,0.20797643785659403,-0.7478836144366952,-0.5515513865905319,-0.3423052413009664,0.7332755129391799,0.26554798120743683,0.16254129603188733
2016-01-01,-0.8977466840311088,-0.7295944173849378,0.10842037755054434,-2.7131344051361417,-0.05924170789350924,0.40164941428360024,1.2619681828025975,-0.6646448814084494,0.3785364384982337,0.23691406743555632,-0.3892711466669141,0.46993267863326693,-0.3518033531672238,-0.3636367643387928,1.283793750619644,0.6771220841844894,-1.5969462237330312,-0.7045860261265524,-0.07867047312988262,-0.40160696548898756,-0.008270272510291221,0.7581365874235857,0.3076829281852156,0.11123130562777916,-1.9262903761183559,1.059037544490149,-0.42092665877646596,-0.48995688411599403,-0.9642501388259284,-0.4992521603121247,4.48831113379633,0.3420314446993089,-1.9638864372588216,-0.19307687697045495,0.9080931221382649,0.31353448433364406,0.8434904700930446,-0.14858994376094614,0.5108691423760803,0.0,-0.8056438339125727,-0.5972695296488695,-0.5367696068257821,-0.21458887041232444,-0.45045121211080286,-0.7140920478573065,-0.408572410014596,0.39173523241817776,-0.648711906881072,0.1702793270873748,-0.9656706394975956,-1.0657294473984003,-1.2083522315130324,-0.0866926798985368,1.068775078708395,0.3806178574683017,-2.0226671314787836,-1.1084143345154729,1.3011335975948057,5.012234750887767,-0.26166608911726286,1.0320009031990374,0.8622172466862033,-1.0280275983980403,0.5928871122278245,-0.3795070968553027,0.2115361753020295,0.119343391582305,0.4124802899483804,0.09298001599624683,-1.0421579219796584,2.5580378551639527,1.32113140751553,0.7021648880264131,-0.8344171561129876,-0.22011582714895894,0.6861377433091675,0.053074968149680046,3.2064659629504,-1.3829524402779292,-0.3443241028244337,0.5556879140542037,-0.6341627212168355,-0.2651516704985646,-0.09760859730487681,1.8016002238399942,-0.5619481468690068,2.4161012013091288,0.16517666525714958,3.9396321196578654,0.7926339256259851,0.11929420838916191
2016-02-01,0.10014855854780791,0.05474283718678308,0.05898059074116446,0.5584935230907639,-0.49505051598588423,0.5889794056058939,0.8959383695584577,-0.7250787053691532,-0.061287029497592016,0.2362844048027668,0.18543378212303452,0.2766707348996533,0.263968477077281,-0.0911161794245885,1.2676158945819083,-0.024679038500785566,-0.7989390033478649,0.3025720916537189,-0.5722193987782731,0.701757265864611,-0.5639892199337027,-0.20311449095355982,0.13794842891048376,0.9606035409834845,-0.3532703966324213,-0.3807823762735474,0.13047625677993224,1.0747538723585137,0.2520035606105253,0.20000006666665016,0.7300815867448129,0.5300433410191374,-0.4238433711627465,-0.4242374711004082,0.21151976646409665,0.48577472347828277,0.776296878602345,-0.14882112164338324,-0.08897747157181612,-0.7463088814723129,0.4036332422460376,0.6871386991049278,-0.3234441445719938,-0.20100509280238654,-0.7932052919905175,-1.1463794110572856,0.10229468551736787,-0.4194634275754616,-0.01886614475941073,0.42750888245599583,0.22628137067979281,-1.077209698191517,1.3083922558628558,0.17331026868339094,0.4060919286317244,0.4368936375742649,0.31298748700718804,0.02584484094780848,1.6483889721691014,4.062992020436429,0.0,-2.916873459065883,2.2743091258084824,0.5959312621330426,0.589392668877764,-0.5992935397612698,-0.25094116054296123,0.07558844402240084,0.16626562570163372,-0.18604656529195296,-0.4489731021532606,0.47667778376485614,0.1423343062577409,0.9052691167309668,-0.30867199197013306,-0.10261569294840456,0.0,-0.26912002515633304,2.8956446696187577,0.04065040706384693,0.32198321671588204,2.4136689718278426,0.04878383966424593,0.15160131764639928,0.9718249468920526,-0.021841235199104858,1.9270853819143952,1.5874373484597193,0.08231120227524258,-4.305597761410862,1.4369791145049327,0.20676178663134528
2016-03-01,0.7975981254833009,0.30544291726224415,0.9010236190010623,0.3375698201624644,-0.2384975790140409,0.12575981535905,0.42894699444460116,0.0,0.3875183311643049,0.627474761315483,0.29315589208689374,0.381763445501182,0.4384049108530519,0.0911161794245885,0.9382596324757131,-0.9120177055418566,0.6662249825416744,0.7024948214696458,0.2470479046898788,0.09985023295895346,-0.008317737580298967,1.8466195369980731,0.13692183742772812,1.4269120564873283,0.6391171944354568,0.707197706293794,0.38041891908635606,0.09713453896322832,0.6922525763493503,0.29925209364547456,1.6706770247605363,0.445867386856591,1.3372857912621328,0.3045266045544004,0.20296333332323613,0.24200530393745368,0.9447146827178621,0.0744332194351216,0.19412800715894463,0.373801888535219,0.4020105916665351,0.3647041010641061,-0.21622223434674126,0.20100509280238654,-0.11383040500598796,-0.020101852378218155,0.10220018361257743,0.752932953186658,0.23557136924621247,-0.25861287157544766,-1.4214008771483044,-0.7246408520766856,0.019996000866395747,0.9478743954546509,0.10126583143827972,0.1472229141407766,0.6553101086817392,0.34177367890446675,0.9041652916946141,-2.5898284636404867,-0.6132301302058885,-0.10576415581358134,1.923392360342735,1.0119819844266686,0.39100734078436616,-0.5662632721817218,0.14768869912389349,0.29168712951204157,0.6014924642020247,0.0,1.9176117052792208,-0.47667778376485614,0.11169214746953315,0.14111514472539,-0.6007770007941282,0.04166857284486625,0.2831211817080792,-0.04856630636149717,3.428907347863319,0.7389819527973351,0.4954123145812339,0.821565817807457,-0.21410840530124986,0.20807725279112788,-0.09675859487368044,-0.04018133901615428,-0.6172536206086932,1.0317905687303508,0.42960495498016726,-0.39826366824042836,0.775224382956452,0.3238749787762428
2016-04-01,0.0,1.247066392350682,0.1753458713226408,0.35618915663624406,0.5852900989779641,0.3867668021025672,0.6082666154979322,0.5443013135640662,0.8412353871793954,0.3122177387916203,0.3302805808283793,0.3275500181904256,1.0443959161080762,0.18198367169883767,0.4963867080223672,0.0920097703504652,0.16331533690161493,0.09993335277593829,0.31533333184894374,0.0997506317125918,-0.09154080446140966,0.9436374962990435,0.3061070361204621,1.2573935839414574,0.6986651636963437,1.4697047678242647,0.2893491667053105,1.7324783657302056,0.06996152401699263,0.19900504080094805,1.374919228824556,0.5097803798046918,0.7393092077735197,0.23927859750711988,0.17017142796271756,0.20696799385255815,0.6839353988420172,0.8151494875977328,-0.4535203820610789,1.113190875731629,0.2004008686715686,0.20312579537868913,0.4319678623804002,-0.10045204260054064,-0.34227072774992706,0.748671462713002,0.2040775408846507,0.6893501429659388,0.018821758007891987,0.1885634570863992,0.5464396858679166,1.4440684154793715,0.06995453240854488,-0.08580009106360365,0.20222453807692276,-0.3171546256940161,0.558231407245291,2.2168517037139956,-0.813379992677099,-2.570387643350358,0.4384049108532295,2.817087696669862,1.824934956854296,0.08968163622355974,0.389484426154052,0.15558507691677548,1.5377032870590668,0.48426244757902026,0.01738072482000419,0.2789402087582715,0.34977133751388223,-0.34188067487903595,0.0,1.9401112654763963,-0.6044081569798188,-0.051834273778617046,-0.18310450392595712,-0.2455159460218681,8.894094486394977,0.39257184646031007,-0.018959368938187282,1.782642092170672,0.24074997598644288,0.5465009361527606,0.8674753193671947,0.78087430092042,0.3247946697259252,0.45517843161198,0.47304886413606084,-0.14166932832857526,1.024308815321806,0.5328910083449426
2016-05-01,0.2974964907939359,0.6652312289666007,0.3206057974669996,0.6595485837198822,0.5818843776623339,1.2235739545558566,0.7768571239098243,2.3249929538978975,0.13112110406483524,0.38890633557979726,0.14422860161404927,0.2214116203924199,0.8620743043907808,0.45351551653869393,0.5090785293171862,0.19348533548448899,0.6202043163235693,0.4982736162047807,1.066702877620962,0.1992032531240362,0.2494596337727195,0.6787480215396435,0.031794501040405265,3.0022464259505277,0.5449378248091996,1.3193264538334581,-0.029893876960240817,1.0441480720421836,0.4087946268202636,0.1986097971629519,1.1353827284218632,0.7475800265412502,-0.449112641408167,0.13778535225306143,0.46043944183580265,0.3439975872441714,0.6577583959735733,0.29479090064459257,0.235112045213981,1.4652048781650606,0.4992521603121247,0.4082617241939701,0.3227582656167627,0.30105391528714165,0.228310601456716,-0.10758248228013301,0.10188780524122976,0.5498290900693092,0.31004863471375543,0.05953521038479792,-0.9302673491371927,1.8642350809284558,0.31917042853848443,0.5136997597912973,0.20181641562384556,-0.4469706119018646,0.11369173679129929,1.0671306122036484,-1.8315530306433736,-0.2651349321621588,0.26212334798749737,1.2270092591815107,2.7164926508764786,0.17912234861894305,0.2911210207458659,1.9291455490967557,-0.21337479605207932,0.19305025300555556,0.11290113666095891,0.18552881017450673,0.28275375484447807,0.47830634406018646,-0.06090752396152865,2.2131014590386577,-0.36244345892439966,-0.6537870897674658,-0.9037718420270124,0.0746711905060593,6.66571659978521,0.9399129289479724,0.180414963567177,0.17737958615704486,-0.2091918117299585,0.5622203714932716,0.0,0.5771576890228225,-0.3877801851401408,0.9604292149596461,0.40375335369917664,0.784594278301487,0.12737468022301357,0.5123923432407147
2016-06-01,0.09896914554241576,1.6621828224764101,0.10664058733498294,0.12746974320023696,0.27496825730830565,-0.48556322479367253,0.3493443689516873,0.05891016370682678,0.21144850047170038,0.2327179123577494,0.1395648939990224,0.45165039754637704,-0.948691893175102,-0.2718624238987388,0.4762710350711963,-0.02051979897839118,-0.14200225532556843,0.09933762494025444,-0.17537027097827007,0.09945301665084116,0.5961763124584962,1.3438294886807256,0.35821486334599584,0.7736748841196572,0.4609474700352223,1.0017141118988881,0.04981816473286216,0.09438415047062776,0.12926964461117407,0.19821612039914172,1.3268542391289273,0.569082978108959,0.7944120565951174,1.0773408318879518,0.4422828970001902,0.6503531394317363,0.5238134608251066,0.22044988630609552,0.6537991328142922,0.7246768858901298,0.6947918768796413,0.18403388902701323,0.3217098577473543,0.10015023370897325,0.9080652635746311,0.139468820822497,-0.10188780524122976,1.048613464998116,0.07501875820743464,-0.019841132120745897,-0.14176188621526364,2.088848794735476,0.23871107416546522,0.42607648608612436,0.4024150299726692,0.11026187573559554,0.1707060984876385,1.0682152389941635,0.18467225931644293,-1.3811758880462044,0.17436796048242442,1.312487290958586,1.6978144360377811,-0.31866189084617247,0.579711768432567,0.8574543424580305,0.6339395519756152,-0.09647854100975906,0.15611451566179824,0.37002817428550827,0.13263930921860734,0.27229424584582773,0.07105517225287628,3.398456469636546,0.6845992507996002,0.7391468762669717,-0.945952999752464,0.096590416207043,3.8915416249674095,0.5458799719752605,0.10429176886876945,0.00597662483476924,0.29501687013926414,0.028028215253161903,0.19175461292730844,0.47006853305733287,0.35639450721340893,0.39902790023722545,0.3279106459492809,1.3380811294682715,0.5076012295555543,0.4299835342345468
2016-07-01,-0.3964656363363517,0.7214910672283636,0.11629442364551323,-0.08823097479346842,0.0,0.031063940193210016,0.5187229322519471,1.8092118812002234,0.15076137334677497,-0.15501962434329997,-0.44471781009294276,0.24075238546812372,-0.6084329938675026,0.09070295406434781,0.5190931741851479,0.9267388801384335,0.19266851774588645,0.3964655298699604,0.5639843809586154,-0.09945301665084116,0.18969860115607418,-0.480186522500059,-0.08523869654846195,0.7385876885735776,-0.7303544757149893,0.35231759272731367,-0.06975238188244859,0.37664827954779767,-0.37833577585635325,-0.09905894816961691,0.8668662160363105,0.7634917080981296,-1.6629094819704093,-0.09994095230627664,0.6876726283931767,0.30659196218296714,0.631201797192027,-0.22044988630609552,0.6895886528345052,1.077216102158296,-0.19801986668621652,-0.31061861219594533,0.4273128631990808,0.20000006666665016,0.45095905059788777,1.405654231746123,-0.2040775408846507,0.6330720565170367,-0.5451653693877567,-0.18838915020280567,0.3989443032869744,-0.778214044205594,-1.1088470838008568,-0.1702128070529163,0.6006024060208226,0.260394737552172,-0.3398690052914155,0.8163474382762104,0.09220839749719545,-0.8108152528423673,0.2609831842371513,0.600001800009764,1.2318460770401884,0.4974639649052648,0.6721100673077629,0.39055615062304483,1.332139111274877,0.09647854100975906,0.18182610316967995,0.18450189735688127,-0.6632738510373493,-0.9562914406237688,0.17235265583508408,2.990875119755021,0.8733679968755403,-0.2807419121732657,-0.25490709698665626,-0.10318536908950904,1.7029739844805825,-0.8249313788876833,0.05997049156629686,0.31095194549148886,0.8012246919673061,-0.34623157218804934,0.22736019807609864,1.1567878051619296,0.22993321167117386,0.3912440947847706,-0.161998661491225,1.7943160098970345,0.8821722743172167,0.23538932313190816
2016-08-01,-0.19882382414122546,0.1820347526088284,-0.048455861176321946,0.6257353228752649,-0.03923491958106595,0.13449901153332888,0.43900436554897837,-0.28960344596518084,0.16056200137803955,-0.15535865072813237,-0.1005486280061696,0.05218580952233154,-1.1398632841673972,0.2716162828772184,-0.3156166397795701,0.032098950639891655,-0.08107834638906297,-0.0990433640533972,-0.20383409144306697,-0.298953884836628,-0.05769627194824878,0.4155766026301855,-0.16315010523166862,1.9080544602424254,0.1288885593544009,0.40906828591067423,0.04982809410982725,0.46882411234490107,0.32863645571401534,0.2968829493801728,-0.629798325580122,0.6924327446377276,-0.34145926046260655,-0.06365083188279996,0.18311378071507178,0.13596195160383573,0.837911082478815,-0.3685996654943402,-0.015974102741722618,-0.716884546746499,-0.19841276350467396,0.3534850114323973,-0.32029580874697317,0.19960086467154525,0.44893453625913793,0.03907294969369701,0.0,0.07738142972026907,1.301577436502921,0.2574193090056909,0.8485993173016126,-1.6630580227832148,1.1485769214311325,0.0,0.1994018606865211,0.2813881643703553,0.18251963228799184,0.20825291126458367,0.8260717007367191,1.2584435741308297,0.43346405104376373,0.8933061885476157,1.0163595812429982,0.11902401722547751,-0.5758173299684088,2.4675326655072105,-0.2955620209481147,0.0,0.2936859673317471,0.0,-0.22369894231477616,0.20569085071775461,-0.2129494289492051,1.8808588784946068,1.6291687598180893,0.49179594118191616,-0.7000796969977685,-0.2441195403516616,3.230553199688746,-0.03992812989759287,-0.11056763296659611,0.816500785989227,-0.6148179636016771,-0.037502344335571536,0.21080984701153938,-0.290626871198274,-0.04176673340445802,0.5686047458092425,0.09185770283925976,-1.726434521664988,-0.12561560028849783,0.18663706566783356
2016-09-01,0.6941607539376449,0.4743838750899343,-0.21325014879973736,2.1215839150267257,0.15684740006038922,0.44359695169067237,0.08004213554073658,0.28960344596518084,0.27036515743175116,0.07766036271368293,0.06079912164143053,0.24004900631364734,-0.3533572581313038,0.0,-0.052699756133556264,-0.4728952413954879,0.5157517626519947,0.0,-0.14585057765650333,0.0,0.041215019335627545,0.3763040673193885,0.15225298293986,1.2414876640919559,0.00429142032842833,2.1597446335736237,0.16923004387203733,0.09350164309065434,-0.2389011687712106,0.29600416284765174,0.15658208226909665,0.7458158217832356,1.761897326416051,-0.09100009728006953,-0.20702292607674977,0.1696928966512523,1.291805324284212,0.14756309253867173,0.22350158761419436,-0.36033155541179696,-0.3980104756626801,0.4798870397155319,-0.10701705445210763,-0.19960086467154525,0.44692811823008327,-0.46039764949279416,0.10209584146609885,0.34275257449154495,-0.09307521148427256,0.5940068325569925,-0.48739775407637964,0.17636688874986817,0.04964011022758896,0.67911975779964,0.1990050408011257,0.6088309234560718,0.2672503327525888,-0.10831572661773592,0.18264845260338447,4.6042821930885935,-0.25985289632641795,-0.2968829493801728,0.8097775756417569,-0.3077689200275735,0.2883231214084958,-0.17301042377795284,0.20031484735074656,0.19267828696980516,0.23260833231928402,0.18416211466494303,0.6923485097974691,0.20526863177421362,0.0,1.5483037362677088,1.387665633378088,0.0091220993059693,-0.4465059796718407,-0.3105215962508012,5.047552141026301,0.07984032360246474,0.1674370943629988,0.4520898464183354,0.4269864597466366,0.037502344335571536,0.1482070254597012,0.1809214363279743,0.4584774103768119,0.24621457717088902,0.24002629991253244,-0.33608392637249906,0.12561560028849783,0.3343982533290643
2016-10-01,0.2959301676988879,-0.5412888349014544,0.2907096756763039,-1.1033933005148988,0.12725761592076168,0.3698761023581021,0.25969535820768996,-0.9880928981607973,0.1998002662672249,0.2327179123577494,0.05182179621430194,0.166717848647302,0.08845644097368321,-0.2716162828772184,-0.060301908447968344,-0.11722889474956588,0.08066142804814547,0.19788993159890467,0.6498252826618867,0.1994018606865211,0.304464337231547,-0.6621649453511402,-0.08228188047283425,1.686179527744347,1.1366135543489087,-1.0416670206202738,0.20865425623632916,-0.5623257554355554,0.029893876960240817,0.09847366625397314,1.4078189930153862,0.6319946257950626,0.38868785533336947,-0.05463983379723203,0.6910548173348019,0.0,0.654352397905722,0.5881835224875509,0.14345050275963445,0.36033155541179696,-0.49975116504716866,-0.003025705319004146,0.21390969681380767,-0.09995003330827146,0.22271724128222203,0.23433620378110476,0.6103957374077318,0.6208042457706675,-0.04657011214446172,0.13700285062139272,-0.7071651482254637,1.0517187213863188,-0.029781109070103895,-0.254129742867093,0.19860979716304072,0.6050501694209842,0.09837814375881493,0.36741350058235867,-0.4572481674892437,1.628803856910288,0.34632069246214314,-1.2967762769012126,0.8316660608462811,0.2581927948734908,0.4786988557224703,0.13843227682190928,0.8019974176715294,0.09620010361981457,0.43790049797500785,0.1838235811750799,0.3418718996337944,-0.20526863177421362,-0.1422186342916909,0.9655054096314508,0.3929645775397006,-0.2872383971260106,0.08602151068064501,0.25375004120515854,1.4573768445317548,0.44791793397109814,0.3432983273149226,0.14898801439988674,-0.20035691971136416,0.1592282451349014,0.17433378531528376,1.428062769205951,1.4347152223167292,0.18426391799213349,0.1246020499794831,-0.7990917964641575,0.5006130230194472,0.20915634943963227
2016-11-01,0.09848190944810042,1.8220932145628588,0.06774009926155955,-0.5029510553809402,0.06845631287832887,0.4093752518951277,0.17993796724971034,1.1614532420695767,0.19940186068634347,-0.38809899598195585,-0.19785613163953997,0.05194691218903813,0.441112316497172,0.0,0.11300166458152461,-0.0010761308794293711,-0.06048997059178163,-0.6940861250647856,-0.4262746233963277,-0.0996512289739293,0.1313736948945099,1.5170079989436758,-0.1453476961317257,4.735711629222639,0.3623622596490961,-0.7541664240654278,0.01984914655182024,-0.18814680997056854,-0.019928258336232574,0.19665689720405055,0.8194192856062266,0.8567180034027011,-1.1676285682904464,0.05463983379723203,0.3871227429938173,0.13554729286466838,1.0967148524113846,0.07336688472818764,0.4686394286896878,-0.36033155541179696,-0.10025063496259534,-0.035143929394365614,-0.42826789731380543,-0.1000500333583787,0.44395189453618755,0.29746966687076437,0.0,0.7096902058318477,-0.870180929504194,-0.14745073981234924,-0.34931044624633145,1.6429249781070077,0.07939659011766409,-0.25477720787963065,0.4948055617368219,0.7787589458195576,0.39227486796900024,0.864988981467274,0.2745997148858592,4.6729813181031865,1.0318234278392957,-1.1105616412510066,0.760098671413445,-0.33777103442567125,0.19083975257601082,0.3969286426360519,0.20775303756472852,-0.09620010361981457,0.3164965646103468,0.5494519317639224,-0.5043816716321814,1.0221554071537575,-0.14242118378922086,8.193587504558408,-0.8816414263526084,0.3206789770743512,-0.3617886623469957,-0.008367266969244724,1.4364421047037723,0.10918657097445106,0.03142818464070274,0.5858595759701934,0.011151997763114707,-0.056169258170069014,0.22704876560890597,0.515506936860799,-0.4210532536343514,0.09813543476528963,-0.155629531150403,-0.3376711177800473,0.3738449756913731,0.33838758624379095
2016-12-01,0.490959976375116,3.2585807643184417,0.12559789850916658,-0.6810689879533705,-0.19571392879909055,0.28556878152228293,0.29944972657203195,-0.3470217479009996,0.09955202414975162,-0.15562289220918402,-0.07964261628625735,-0.20823674831520478,0.08798944694428101,0.18115946983439102,0.41315847397251915,0.3898766034715173,0.4527853990084374,0.6940861250647856,-0.5256509718579494,0.0,0.8985520348948839,0.19133675781564108,0.1586639983281124,3.0780274662430607,0.5903975164897268,-0.33107535830643187,0.24778247475953918,0.09411765400635375,0.298507684345406,0.3921573653181909,0.9433149617146697,0.745694774007255,1.0102250053416029,0.02730872530785078,0.007884880745123724,0.27054463576670074,0.9097918741864497,0.36563473251280953,0.4191360859719495,-0.7246768858901298,0.0,0.14089168015907205,0.0,0.3996009313381954,0.22123902829385145,0.42293931804078255,-0.20303158151149248,0.7594657874268052,0.3096413452156277,0.10905765718343119,0.10807299075503707,1.1935350549269863,0.23781224049672645,-0.08507018803127764,1.6642576974995826,0.4598086682809921,0.6670174939057638,0.5882473382112785,0.0,4.579160390439352,0.0,-0.7131971137272153,1.0826182464029444,0.21868795991863976,-0.4777839953712615,-0.8562214470860141,-0.6815303960428842,0.09620010361981457,0.3580566485208436,0.3646312153019693,0.03941456547940092,0.6083154953405057,-0.2956621412608662,1.721388853499839,0.7040629881743143,0.15691994736179993,0.49926935078259405,-0.18811442341890583,0.16764463272505026,-0.5371543801911294,0.4955333132590667,0.2542037684967191,-0.18401182127094629,0.13101255851104554,0.24976212129388387,1.6301350960933547,-1.0240586001830643,-0.5471044843897488,0.032696408252075315,0.9162169450180002,0.37245257882299043,0.33347431897299956
2017-01-01,-0.2942866413693679,2.2469910628337253,0.7121759824684659,-0.7545726429687427,-0.039188792507793835,0.10179153973348676,0.37932693639604054,0.9227285769077831,0.4962789342131124,0.8530420616790657,-0.03420805788598713,0.5405733152085368,0.9628083128979448,-0.2718624238987388,1.0217146502508712,0.5675911917312426,-1.0901490822684323,-0.5946497223557223,-0.28343859077279987,0.0,0.6161349041524211,1.794454444219351,0.08776395235425838,3.9848569363839736,-0.5512910783409097,0.8599399484459092,-0.6056713148561599,2.2326508779260124,-0.23873481944560737,-0.3921573653181909,2.727287112813226,1.2150465591479254,-0.833041786318045,0.2000364369522778,0.5190323070697112,0.4380798918511175,0.6636113282360689,0.43698463047938674,0.9660293449542223,-0.36426963823714686,-0.5027662676964972,-0.5729985472971322,-0.21481868213797384,0.29865626977487736,0.44101504775566625,0.9502858746628817,-0.2034946512364577,0.9948918742500368,0.06555841958082453,1.0572957439635822,1.335780682419152,1.095670463821019,-0.6453877338800318,0.17006806820161202,1.0622987391289307,1.6858671561053917,-1.3738460962625432,0.016537195064980637,0.7286006730930161,3.495939543013371,1.1059236493972335,-1.5456258236692832,0.988188788492117,-0.358102441770658,-0.09583134418118533,0.8562214470860141,0.1755593438026004,0.2880462865350708,0.23799416248495575,0.3633064849879908,-0.5939515220449998,0.6046373811864569,-0.1737264756592971,2.517022298303484,-1.1288925154812723,0.17384277675080995,0.3771002069048457,0.7365772431111139,0.7509422022131673,-0.6002418982098412,-0.684349443272847,0.1311036424302081,1.0647494491326626,0.1555806059749365,0.3777152743740686,2.4313899725422417,-0.020796506261966385,2.5679882598728554,0.58115141555799,0.40494061759659417,0.6176272941255334,0.45484235041097576
2017-02-01,0.2942866413693679,6.549309741073017,0.3732841372719342,-0.463397427708756,1.729205705951209,0.37573032270561413,0.3295138415546184,-0.4026465031492066,0.19782400121055588,0.1543020289235031,0.4810568769378243,0.23815983924730943,0.5212870188531227,0.0,0.9967035811787817,0.40209398060895296,0.3444785574655107,0.5946497223557223,-0.5496137105535759,0.7944431058535706,0.41938927508544666,-0.5805911122969576,0.1980435017480353,2.594334103984952,-0.3600403098400484,0.9581800980519972,0.5066319881512626,-0.09203866273290728,0.11943865259844699,0.5876608488985191,0.6366049800457851,0.5088422531110304,-0.28566430430823075,-0.01816860470169601,0.33671383756646023,0.8704440630142862,0.8642973783428154,0.3627171174795052,0.23428131417793097,0.0,0.6030169026590926,0.7170023447303997,0.0,0.3968259175620936,0.2197803082477634,0.8050180038376098,-0.10188780524122976,1.7078536657589183,-0.20618564005596696,0.27281323776886524,-1.0790569427998165,0.5016732929596479,1.3652764500404757,-0.2552106872232507,1.0511324682688006,0.576214936102204,0.22219946836612436,0.23917775147284104,1.1727694181358217,2.3367255248676777,1.2610507591931608,3.569986451334106,1.4835288472125896,0.7347133923619964,0.382775586976436,-0.8562214470860141,0.2840373051435918,0.2872189624092414,0.34747270013051335,0.361991345513335,-0.23024562880609167,0.866961082065032,0.10222859201522994,1.4079513215286887,-0.09465216040291935,-0.0030295532931212676,0.4438382158015841,0.27550835215510716,0.580192261610879,0.9785400098872188,0.6999331791766927,1.0809872994364866,0.05757052548140962,0.03969435399957533,0.0,0.8074192691201354,-0.35420393319212096,0.49740910993447685,0.31407908778353644,0.13197494409862287,1.102314588558606,0.5266803441223271
2017-03-01,0.4885613309852488,0.8361861011342064,0.2290744385987864,1.5396234500011374,-0.5408028632048811,0.010135306348235673,0.2496205302887411,-0.3464206697663563,0.49285462011505743,0.15416173845990144,0.21542601283774943,0.3819035085486533,-0.6084329938675026,0.09070295406434781,0.4691541654883835,-0.4223477929249597,0.8961445462742468,0.19740049778951274,0.7256356609501857,0.09886308269395627,-0.20140993716966094,1.152645301154287,0.14012866252102185,1.9351467038364767,-0.021207604690420823,2.515939239525089,-0.00990932964199942,0.18399269220070735,0.6346079800469973,0.29254043291055964,1.2579323726538583,0.34856520975763416,1.7761181566054773,0.09081003166748758,0.2420457945325971,0.33277900926806936,0.7938302212625814,-0.07241866917402362,-0.015589167250773528,0.36426963823714686,0.599402394021098,0.05606445222667844,0.32205521917463287,0.0,0.32876741941958443,-0.2889459860774046,0.0,1.6523319656756463,0.15936258352766686,-0.06861970665594797,0.10825486469210333,-0.3341690661899932,0.009825595684631594,-0.5980368101490718,1.322021142813412,0.6117873405176333,0.5535990981809569,-0.5814278856050237,0.8928630744305721,-2.8552452051380683,-0.08357710473987368,-0.6030169026591814,1.704518999328819,0.34562815229488564,0.2861232281031967,-1.0389930633319722,0.8379279832495534,-0.09564802259554028,1.2610507591928943,0.0,1.7373617969491661,0.0,-0.061324613533031425,0.9939888979118017,-0.18957351649042664,0.04139595287515618,1.5716419820446248,0.20424704620705114,0.9868501140753771,0.3471709086334762,-0.015583735903845763,0.0676624049613217,0.18208831520185598,-0.4574391429271074,0.0,1.010842401416756,-0.3764119877225802,0.6732427347585279,0.08120953038917023,-0.6367199181930516,0.4860142394790046,0.30822888233618567
2017-04-01,0.1946608633174307,-0.05106839975210775,0.17134209803328915,0.1944391046191818,-0.5534800748795199,-0.4163922128570974,0.1398871483721642,-0.5218915875790486,0.7835495523946356,0.38412513487378064,0.20091777820514523,0.24697165486342598,0.7815932102949397,0.4522848053722939,0.46687416941955107,0.15233593545840307,0.25028796166379763,0.393734034414539,0.01953888243857449,0.19743343037177397,0.2657755359808611,0.36233799153757573,0.4344137533371928,1.6777677922478418,0.9556113355675855,1.5245058697654912,0.30673353094945455,0.27535584171838323,0.08891963239641143,0.4856736112949456,1.6086135010018765,0.4868747453144806,0.6369482939348359,-0.09686472572623117,0.2570194958231298,0.3647823643745163,0.7637482994801381,0.36166758126103815,0.08571036150835099,0.7246768858901298,0.39761483796389996,0.5105285535950799,0.21413871791544636,0.39525743158232984,0.3276900802313243,0.020708796513613237,0.40694977450348446,1.7703997981776354,0.13104934946737146,-0.12618482348933924,1.094060451518164,1.2474174225174828,0.25512721129246074,0.17123291855103417,0.9337135995938439,0.122815372536067,0.4728627411735964,0.08046620310242503,0.7968169649177348,-3.6298881148849382,-0.2511512412661787,1.8972111735600095,1.588183082109218,0.5309224938094381,0.1902950146086546,-0.49269851560937994,1.3872947226614585,0.0,0.025059516482528466,0.3606856930992386,0.9484501077857033,0.4637305428519589,0.08175779709365116,2.04053647881679,-0.962875068705138,-0.3053190527063876,0.10055305020229,0.07346295478543041,0.9772064733791552,0.3064909216171863,0.5801520010887629,2.744685114048462,0.6014050869756815,0.15934671233512887,0.0,1.2987239589034694,0.2406488213421376,0.21946092618598811,0.29617139586486374,-0.2700895768594336,0.12111296204757593,0.39122643978011146
2017-05-01,0.09723711256288681,0.07307312408855182,-0.08558630257962108,1.120351683849119,0.3013953961088056,-0.020356234167451248,0.30953858226636655,0.868312257345405,0.19493183560488347,0.07664828130078405,0.1856794200637779,0.12330457789149207,0.43159324655652753,0.0902120043138055,0.225367922148223,0.22116610289026895,-0.3104504020631005,0.0,0.19517913876443416,-0.09866799024456085,-0.1448809010670793,-0.3727098216565139,0.04710537559429184,1.6592019776658695,-0.05990093938805785,0.176713345844437,-0.1581965922169637,-0.5514719858512152,0.049365652382249436,0.29027596579611625,0.7255951842623176,0.4927239450758236,-0.8917138567650973,0.015327908128170975,0.3106557329060067,0.2974717116745573,1.3325852785764702,0.21631595228805978,0.3888562874234225,0.36033155541179696,-0.1986097971629519,0.19440168143054493,0.4268966884175107,-0.19743343037177397,0.10899183640242782,0.06319423939453728,0.10146426348569548,0.743654733700172,0.26158460357095237,0.10673725116578936,-0.27422749276304614,0.6589809679055314,0.07836990996725746,0.5119465106196763,0.2784224536402924,-0.11966912087828518,0.05354608979306619,0.2682739077811469,1.052641298698287,-2.2586629958071036,-0.16778527426133394,-0.2971770389157413,1.8638759289986595,-0.3241175552654241,0.18993358036523134,1.6098335408081255,0.013868663776506196,0.0,-0.5779636643969077,-0.09004953332460985,-0.2362461716333364,0.26402655601716063,-0.14312004078584906,2.7368384350613617,-0.6246116496954279,0.33963441118451954,0.31775258778115045,0.17481905394118868,0.48504541337495155,0.688640202963331,0.062154765413424684,0.2837604167344132,0.6923724723515434,0.14915728912585635,-0.09429515078638318,0.44529571009404023,0.11488851856427118,0.13026231932489196,0.08545568160824857,0.9601596419666514,0.24187620232423157,0.21249857631307398
2017-06-01,0.09714265384372922,-1.596089473457063,-0.15252701511405675,-0.6552345662758974,0.1358168621651501,0.10173975849641081,-0.23030245715718323,0.4600353139067259,0.19455259054979024,-0.07664828130078405,-0.1416951639227726,-0.3908926446266392,-0.6914461428827678,-0.0902120043138055,0.11609469470190703,0.08068883216036937,-0.5128474209884715,0.29421304579253515,0.12666246151917804,-0.09876544012721311,0.05636751769841908,0.2848340826264284,-0.5856808731153684,0.8147688392809549,0.04311265580341228,0.9067973515554328,0.07912957880744642,-0.3693448335353011,0.009870206788864522,0.0,0.9034198734170218,0.6067238134114028,0.6194868942048792,0.3988625243091626,0.8570488317330316,0.26367846523021043,0.7965470940543007,-0.014406514884601762,0.6884857885867568,0.716884546746499,0.09935420588780275,0.001545960935533941,-0.7482719433696161,-0.09886308269395627,0.6514681021196012,0.13114149606989756,-0.10146426348569548,-1.2054104841657143,-0.08400616539248063,-0.213491097283125,0.0365871975887444,1.3050756195490898,0.04895002300484563,0.3398473959109083,0.4623216741456382,0.2511030393081093,0.03793208107500945,0.12299095203971433,0.6089622994375432,-2.3108598012875348,-0.1680672664515548,0.8888947417246662,1.5680059168241556,-0.27583506800477053,0.3787883316936913,0.30330626831114316,-0.40761555349320133,-0.1915709398137011,-0.14291120922518274,0.0,-0.40313858025324834,-0.1979545351137979,0.265631541560829,1.241648461213174,0.25031302181250936,-0.14339526021434068,-0.40153977324495216,0.05847355134473986,1.2024192966801017,-0.039223377635622114,0.071459450291389,-0.24054253712533225,0.7908156446254644,0.019870839608415736,0.0,-0.267561890985224,0.7591155883709177,0.14781968693151626,0.09060786294563528,0.9148073861442896,0.24120334584871728,0.10654516043354767
2017-07-01,-0.29171152156521885,-0.5621723546298973,0.295226145875116,1.6015686371655846,-0.41773995756022586,0.7395809001143228,0.23982386409020506,1.2542923847372656,0.09713453896287305,0.0,-0.31303806465183825,0.23673815132774223,0.1733102686831245,0.0902120043138055,-0.05078040519110871,0.32422151732829363,-1.1763648484271805,0.39103991938267413,0.29168712951195275,0.7874056430905441,0.17694848982738876,-1.4323534553017048,-0.14221381870660466,3.1664288868217483,-0.6919440536411692,2.495418494885815,-0.2871431251615597,0.3693448335353011,-0.34603821172449756,0.0,0.6466075749455236,0.38131225390944934,-1.6793410005210951,0.06317846681893613,1.5032139909349596,0.295809582999329,0.7535363433634146,0.036012396439932814,0.2156017628919038,1.7699986586586114,0.0,-0.03198693491457405,-0.10735165724735651,0.09886308269395627,0.5396667172149705,-0.40085780902208157,-0.2032379001438933,-0.9688967976646978,0.22385980806518546,0.16524479117769886,-1.4543440115152961,-0.8136741393063751,-0.6973460464788417,-0.5102051883900671,0.2763705121622273,0.37745332755960703,-0.18125210090040866,0.20646268543442758,-0.8710856474244189,-1.8344363249095608,-0.08413967681946133,0.9784813879998744,1.2058276161527992,0.7273474173138617,0.2831526195738121,0.3196408924236671,0.34287866045223936,-0.1919386385800692,0.20169769002729154,0.09004953332460985,-0.6699832566024355,0.06602839460780885,-0.0612369890534481,4.188094519916419,1.4793875152950164,-0.23269706274025026,-0.06708033120901291,-0.01645564233738739,1.3454892334185509,-0.7185423897253962,0.5327755154612035,0.1692330549137644,0.2809253650133847,-0.1292310930880447,0.09429515078638318,0.14836055927656133,0.0,0.31854675355322826,-0.06901328222985725,0.7417551342007833,0.1203838517154665,0.17815484497764375
2017-08-01,-0.09732910815882789,0.5288448719889871,0.06657444976623239,-0.390830295877187,0.6598122132671413,0.7942534087528763,0.18970513394807043,1.6297073251346106,0.09704027932810888,0.07664828130078405,0.032343904191201034,0.2053923984128403,-0.6079046076374439,0.4498433136858715,0.13778527059864487,-0.21815109784624198,0.4579927602567757,0.09749715836893103,0.048531910683280444,-0.29455102297566427,0.5689345848348459,1.7730868773700337,0.01897353197986007,1.1253149528084982,0.19882165497158155,1.2501864801579998,0.2574768703087038,0.4597709248630899,0.5136828444497255,0.48192864359490883,-0.19851123144185578,0.5968939554391817,-0.44757967512127905,0.12651366227443006,-0.2958021042673842,0.32765429051240247,0.7266189807372925,0.04319776372812001,-0.06922009067427126,0.0,0.3964326301908905,0.26332163215787574,0.3217098577473543,0.29600416284765174,0.3224075871757215,0.4834894638288567,0.2032379001438933,0.6095373973228568,0.6315614936946545,0.5717175736062785,-0.3098269391616171,-0.08173273850999863,1.1952723864395942,0.34042586068077085,0.3673098711856504,0.4928605877312364,-0.0442980979358687,0.30892011049195034,0.08745081449283987,0.4954023189511325,0.9216655104922644,-0.39024439769317354,0.9656254604272441,0.15657112504747772,-0.7568626480007445,2.048902133695929,0.19408508865161878,0.2877699827611657,0.6193524987583743,0.17985616359226242,0.007778572596439659,0.2636784652305657,-0.17370872400519488,2.163442555003847,1.5884539073427462,0.33370105088392776,-0.45397303691574464,-0.12945372572188418,0.5488057678772584,0.1283380402223422,-0.1577217101259798,0.02194580090026932,0.14016728921948385,0.10936025347962897,0.18832397279657798,0.5175772105403986,0.14492756159905085,0.7685801570231021,0.2990359703231249,0.8607053155512467,0.12032811567239676,0.3273556820222266
2017-09-01,0.9699231495868155,1.720453960147239,-0.10458204598418064,0.4954278426168024,-0.3390654737857268,0.7979296275747672,0.15982304844550654,0.9983443984181051,0.09694620245443986,0.2295929755314674,0.24907931478344025,-0.15398115878371144,-0.2616660891180622,0.08972634069905894,0.0434296652750632,0.24882351142432313,0.28391826007725385,0.09740219399008154,-1.0829902424577043,0.09828010619079564,0.6371984920833462,1.0815903680987837,-0.1560840473710634,0.9960416763103552,0.17410082723285925,3.1626958577740005,0.20747920301662504,0.1833181081661195,-0.15777540005004198,0.2880462865354261,0.008693114437896554,0.4478841972594516,1.873083782913021,-0.1898305654804311,-0.5484056702663054,0.0,0.9306665709230444,0.09362836835800081,0.1307088616509411,0.0,-0.5952398527295344,0.1304385288748655,0.10701705445210763,-0.29600416284765174,0.6417134320629181,0.7287126445763903,0.30408446186287463,-0.5765898772031264,-0.03704046713268738,0.11621342809089441,1.468633787516449,0.8143367477173591,-0.1559454507068736,0.8460287349385531,0.36596564175326307,0.31245314644339217,0.14501806511120208,0.8643697342023415,-0.8779687652042512,3.7679808117182745,0.3330560947167882,-0.2936859673310366,0.7817580632910825,-0.2349487130707928,0.5681833467431119,0.9001112296746605,0.6304813908279527,0.28694424279578357,0.05005005109497418,0.6269613013589748,0.9431092323072932,0.32862336508152623,-0.04091653084907776,1.9365186223131658,0.05593362688944836,-0.020192637832572302,-0.5915676847689788,0.10935497004282979,1.088657719301711,0.23649991314975694,0.1361320215870876,-0.00011297632420692594,-0.2524427501154669,0.5746572833801089,0.0,0.6489140318286069,-0.01034500595764598,0.5362568225181441,0.5281091328019905,-0.6531450503358016,0.47960402355249343,0.34677574099831293
2017-10-01,0.09648654664839995,1.3698844358160933,0.28499265109083183,-1.3298449987294347,0.06790512944654381,-0.21879670588269562,0.4191520377597513,1.4790738001401849,0.0,0.07651069080507611,0.06072756594805995,0.5840400443742233,-0.17482521935257012,-0.08972634069905894,0.014472364689765982,0.553655796855157,0.5855645202230697,-0.19489935235901257,2.4228338919034087,0.09818361122571062,0.0,0.5288327182723762,-0.1446055199996188,1.0982254528856927,0.9184104698625184,-0.5368456326781512,-0.01974138788369828,0.0,0.09863879276785781,0.09583134418118533,0.9347805430697242,0.4916750589968544,0.10095851997720118,-0.03619909541718869,0.540809483547644,0.29397375409274673,0.5685962093135544,0.27289806944716943,0.007683438629513262,0.6992466603361613,-0.09955202415010689,0.4719694576414746,0.32029580874697317,-0.19782400121055588,0.42553255701411885,0.21010684549471748,0.0,-0.6327869686887588,-0.38045793583867393,-0.09686738241061477,0.09197568073524565,1.2092045765027315,0.10723861617520924,-0.08428150519961264,0.5464494472080972,0.6273409955144693,0.37043762602806396,0.9401280934126177,-0.441892013803713,1.4838226166261848,-0.24968801985876254,1.0726577738644494,0.7589799508012085,0.1371204916118529,0.09438415047062776,-0.1424680735423678,0.7449930478036215,-0.19120464716317898,-0.46811086064986185,0.26749904493064136,0.3439984580916544,0.5235614053942683,-0.5231586020440382,-0.5639061982677163,0.2141228765787595,-0.28920166173218576,0.06778512376142132,0.1256562617456325,0.6936443996656827,0.1180405409537677,-0.07419562024431059,0.11762148231797553,0.018721333013438368,0.15794672582769564,0.5628532683100929,2.055895146611153,0.618813855870215,0.45819759425675954,-0.06330290554625861,0.6331252383009023,0.35822158620630873,0.26887915391694905
2017-11-01,0.19259799761002228,-0.08507018803101118,0.1326808856304318,0.44205338177567555,0.9842789103815974,0.07961783860057636,0.27969456419913996,0.5423006782796946,0.19361090268654735,0.30507313551542126,-0.07269793928843526,0.09184174252681032,-0.26281224062687514,-0.08980692116766775,0.18094960879651012,0.1607759623774463,0.1006137523248185,-0.39103991938267413,0.7060424330273207,-0.29484050842976117,0.7593171023459355,-0.03550686080577847,-0.2740357702014862,0.9635398670444495,0.4555270870885586,1.6284010529131088,0.24648767717563302,-0.27510333718909763,0.0985415925226718,0.28694424279525066,0.9083741500496956,0.32869630921261717,-0.7433722187311531,0.17182911756536967,0.8547383832676836,0.48804391649035495,0.9186241885852375,0.3580420753377389,0.1996548549622723,0.3478890592126582,-0.1994018606865211,-0.16273817950231972,-0.32029580874697317,-0.19821612039914172,0.5293818609717782,0.15048261550090203,0.30316259082185937,-0.231139568537575,0.8055972083423235,-0.7470505994231935,0.9166371258322314,1.2739025777429802,-0.2731975550323895,0.4206989797634897,1.800228634947576,1.0256564915423816,0.369585917739812,1.3236104194138676,0.3536696878343015,4.175179468022261,0.664454271866699,-0.9746665852294889,0.7786094134289101,-0.16652793190612414,0.0942951507870049,1.125809330563321,0.36815713241926673,-0.1915709398137011,-0.19289644090898506,0.44424773195563816,-0.3488753221519758,0.7154502062628687,-0.6914729032294176,1.738444706865483,-1.0846296138859124,0.5775693587123598,-0.033886818352435455,0.231898510212325,0.0,0.29449319408616503,0.20385728923510982,0.10912248521002255,-0.45028218669447284,0.06902332276137457,0.2802430605703954,1.4809189258408573,0.24645730281616096,0.33506674906824685,0.0024982944337281765,0.6885965999343213,0.0,0.3133258763456341
2017-12-01,0.38427850572828604,-1.5437699384586168,0.1892937865267008,-0.17274476464601562,-0.19223381544559714,0.33767039731857906,0.4390351457311148,0.05406866852473158,0.28971531611556856,-0.38158382632049737,-0.0284353807892046,0.14284299250144628,0.7863736460212323,0.08980692116766775,0.382463086774365,0.47033277051129474,-0.41316126692407806,0.48853707775160515,-4.114688724907811,-0.29571238897441177,0.9645242388796937,0.2584046227979364,0.1755232106181559,-0.21168166275904454,0.044778432502656784,0.33346122999624583,-0.0393972230053663,0.3666365243579328,0.31468213596834715,0.2861232281031967,1.0137529857539462,0.8093513366547178,0.5241855204944912,-0.1899335803654978,0.9445347582594188,0.6470420503784879,0.9531730727066368,0.07143553874158215,0.7109434970567818,-0.6969012082608472,-0.09985023295895346,0.27602854867554427,0.10689264236170004,0.3960401216096976,0.5265941605283153,0.33496731178361827,0.3022462924313629,0.5335840726712782,-0.8148947770348691,0.3599022617235548,0.027652816461376517,0.15810279973207386,0.05860519800471309,0.5025136202669422,1.5929540375024587,0.5896196552501287,0.5801859004645138,0.5664924732085019,0.6159280360535924,3.9721016919568086,0.08274721200356439,-0.09799118863496048,0.5915152667662404,-0.02941609081359431,0.0,-0.5571508321160046,-0.0998592974813306,0.1915709398137011,0.12584422148265162,0.2656044058119811,-0.04273149952096489,0.517131081337574,0.2998813063729955,2.034641342090371,-0.15994734557400747,-0.09770986992192476,0.759689650087747,0.175290793191607,0.23014969882790837,-0.0098024800353258,0.3665928192531531,0.11300443469828281,0.30978668285497335,-0.07888768775092814,-0.09332711829994622,0.6833798702437832,-0.1539646185593213,-0.306137423208952,-0.0588225699548417,-0.007193174348163467,0.47561206483042184,0.222064770782691
2018-01-01,-0.6733630499867083,-1.3049336977717374,0.2927846867162742,-0.41387998826909467,0.0,0.30688535692204866,0.2896706794031978,-0.868626525595495,0.3849860385440884,0.6857290956089557,-0.13190618301770485,0.4574817595075942,0.08699435085430807,-0.1796945676694861,0.6245848241884566,0.4057012244619962,-1.229377942200216,-0.5865119452398204,2.4272086055956876,-0.296589441337769,0.2883306108175887,0.4896403109258429,0.19414491809133239,-0.06032714299601949,-1.0839859976823796,0.9837544288236799,-0.2959749595530248,1.001373866049704,-0.09823183501103117,-0.47732787526575393,1.402464569102424,0.6995167944316982,-1.6585577832753273,0.11762046142331783,-0.39621776501030936,0.2898086072826267,0.9116979255915147,0.2853291674781211,0.622730789802528,0.6969012082608472,-0.701757265864611,-0.08282438306110862,-0.535619554561162,0.29600416284765174,0.0,1.0458965533152842,0.10054609818572757,1.3104719371201057,-1.3668065242557148,0.41674054568767716,-0.3394233068015673,-0.6339165443735695,-0.863004277421453,0.440988869820913,0.7870613432330309,0.5299285208050897,-1.7141954951709337,0.7586177593434051,2.5975486403257086,4.427978388864062,0.3303058329252373,1.266456284132289,0.7959157551453266,-0.14721039019445215,-0.0942951507870049,-1.1911893219156866,0.03178423074832182,0.19120464716317898,0.18428552710814117,0.8802873745953121,-1.022988193912422,0.796816964917646,4.047087454721776,22.193441781139445,-0.0847816922340705,-0.19166756599036106,1.7174244548870732,0.13153314420133455,0.6111554546000875,-0.8169738830637208,-0.8398959382280857,0.01998999806946955,2.030102523964139,0.06903012946004594,-0.093414299179706,1.0150136514894825,-0.33955890011379,2.677024106460202,0.5432711570025006,0.7178065285603275,0.4733607000071416,0.5117075979529634
2018-02-01,0.2890845442584222,-0.702990592825703,0.15067881982702147,0.30816665374029384,0.35534251075883816,0.3158001242928421,0.3195101414051216,0.6521762246383567,0.28776998276178745,0.6056249189993146,0.36971605326616697,0.0507333776456953,-0.2612104227924128,-0.08996851708982234,0.7060303049393646,0.2110637665615478,0.7536444673999831,0.2937348350297242,-1.1181992150158138,0.6906786213254357,-0.10900032222131983,-0.5807657159051516,0.15303883240811444,0.28562889718930506,0.13450046297016627,0.4156486895734446,0.3058257205322157,0.6320562802590857,-0.029488376878550326,0.3820443997385681,0.23469789428567367,0.48553911914330783,-0.05073685882166501,0.14457398379779107,-0.2024519868180974,0.6410278360923449,0.9438093995453478,0.21348787666690683,0.16640977341708663,-0.3478890592126582,0.9013581305361562,0.5857635449650012,0.10735165724735651,0.0,-0.10509722459737247,1.2976988942109635,0.0,1.3546912407518263,0.07537925542964174,0.7605822687995811,0.7518217245297443,-1.683406486790151,1.2528303241495564,-0.6082129890569554,0.5212870188535668,0.3802555319465384,0.32935518736953995,0.12207612984616034,1.9467394306118102,2.120762237975793,0.0,-0.9727703168012525,0.7887281212251018,0.48008714166583033,0.938974034983886,0.45466105095970377,-0.31374357894780047,0.2861232281028414,0.29248339072465157,0.7175838070076601,-0.6811690645333712,0.2971770389155637,-0.09920635734239625,2.697966640074778,1.0219956751202908,0.46943713560736455,2.0615913389261387,0.07983783641059006,0.9852296443012776,0.6796381738184643,0.72913319196104,0.5590612780427939,0.42074522229844646,-0.2269924488103925,0.093414299179706,0.7289441282685161,0.9335794915632967,0.8747882848071598,0.4525129877543499,-0.4092304519947909,0.5885454519127364,0.3631396230425167
2018-03-01,0.5758654111273742,-0.44189201380380183,0.14115628018656068,0.3263898452871672,-0.29763355465055596,-0.12817354478436016,0.08996969246837239,-0.5431843882362841,0.1913876182283225,0.3014901762404598,0.3815448432335167,0.2025836373299228,0.6084329938675026,0.08996851708982234,0.2413665260053044,-0.031163650970089662,0.7177910816420052,0.5847967032995172,-0.19575224025079052,0.0,0.3732218001537113,0.7467993129517403,0.06368143429780204,0.988486908649211,0.11747848844656517,2.023724658565662,0.20664213995251757,0.4490353301627614,1.007491282242512,0.19047624806542984,0.392745503940084,0.4979590003884482,1.4825644362632673,-0.17170489058910832,0.23241004576028956,0.3508216004449949,0.8951369342669047,0.0710294792590993,0.19629322263439164,0.0,0.29865626977487736,0.5622785849642931,0.3213752549521054,0.2951305634580237,-0.10520779508036426,-0.4176800413642212,-0.3019420892766078,1.3833226603824578,0.46046221469806525,-0.10532314871136705,-0.1344004982210656,-0.730226368539455,0.08750182853765054,0.08364701449652401,0.690849034380836,0.32288593761204964,0.39458362777491374,-0.28526696689699094,0.5850413678176736,-0.93085046108623,-0.3303058329252373,0.0,0.8326804950232969,0.15626529207777295,0.27998151747468114,0.04199386951251327,0.3046634009702842,0.09519277253815517,0.4911151503483424,0.5094254521738506,1.8477913818553127,0.0,-0.12911557636217097,1.8062956720473977,-1.598529572057572,-0.2032193858338971,-0.2525323567553528,-0.10442512396711123,0.15071592905693265,0.2842721122308767,0.2735510732038371,-0.0220491474260065,-0.025052866825614473,-0.08896358022560946,-0.093414299179706,0.9885697798253545,-0.9748166055497443,0.2787691368205891,0.2258233405485477,-0.6220392731450808,0.4684588563511838,0.21972720297412357
2018-04-01,0.19122055174971564,0.6181035131437085,0.3003493070036001,1.0202710672853499,0.18252562827152374,-0.13821702269503078,0.21966295886590714,-1.0953012019198738,1.3295542481240652,0.3004889958095447,0.20863701075990448,0.3132467434769026,0.25962801256316226,0.35906681307231736,0.4598004248435039,-0.07899140859537468,0.6025929653409534,0.1941423983749857,0.595850358752692,0.49043747150898653,0.3950278170477439,0.5764571465781465,-0.13899175734604086,1.5063079569650917,0.822586785608781,0.22586283464978152,0.245447082135275,1.6881786974243695,0.16531340371992442,0.3798675033215737,0.6822725783689698,0.5456476079789496,0.9082883653003471,0.17170489058910832,0.04492026728168952,0.22261099986433663,0.9680823360259438,0.6371958257004096,0.09795693855805254,0.3478890592126582,-0.19900504080094805,0.03474775014877807,0.4268966884175107,0.09818361122571062,-0.42194155427113245,0.8054448605254727,-0.10085030134048267,1.3369630680974964,-0.6301455133298717,0.18215727950554594,-0.15156890517360466,0.08140008589414549,0.2232685487974173,0.3338901265512284,0.42936948746987724,-0.33959246278643107,0.49261139124805453,0.5106192854295699,-2.0156790004392633,-3.8338983529204285,0.0,1.5519225147593296,0.8310820600251567,0.6226306718225771,0.37209345256901116,0.3520540098880254,1.7998236122612532,0.1901141257022232,-0.12463131520634718,0.4056800695617646,0.6581887942870956,0.0,-0.2886292125652723,3.3458417921360173,0.0,-0.4703943424265056,0.0,0.03569255720599074,0.22564883587330442,0.6828628622486121,0.41055717028477545,3.5622354457980343,0.14586203108315487,0.44402855528584695,0.2799815174740594,1.8550614766399853,0.6475175509668141,0.06678911585709102,0.3966876847325551,0.6235067174973352,0.5823752475793142,0.3658587827286978
2018-05-01,0.19085559651399464,0.7017572658645221,0.20605658492254264,0.36930111570976365,0.5264933427253204,0.11848342618332453,0.3993035274912238,0.3847215517428282,0.09429515078727135,0.07498137681105632,0.3799940466429952,0.28208267883913507,-0.6938449344925601,0.17905107737901105,0.25374792709103033,-0.11235839344374554,1.0855058537858397,0.7729185069934807,-0.029221253799338598,0.1955034835803282,0.26248760535469984,1.803010851714415,-0.1827612372685472,0.1653212264582926,0.8974349791158076,1.2770137482182697,0.10780615539145444,0.43956114730390183,0.4266052620748084,0.378429969123939,0.5583368199127747,0.4346218015531811,-0.32501763781498383,0.1533811822332254,0.4704485397006408,0.09525322199834818,1.1312773531950704,0.6330665940155633,0.21074938015201994,0.3465925302839956,0.5958309583630417,-0.07282317973871244,0.4250720908655303,0.2939737540924803,0.0,0.16452458302032014,0.20159899730884945,0.9622640174396402,0.2073516294286648,0.04850650858791994,0.6317593225034557,1.1326981944680625,0.3388028989850689,0.49875415110447463,0.17123291855130063,-0.1622602836976128,0.1616675706943127,0.2974582244450019,-0.19286409064029897,-0.5799093328144878,0.1652892938296624,1.3384521034748964,1.0833810667070232,0.3001987438222997,0.09280743125543722,0.3674939406916877,0.5115100666773564,0.0,0.041561032974435363,0.20222453807692276,0.40574434296507533,0.09886308269413391,-0.22950666163437106,4.799671722785082,-1.2398823596857511,0.6213392862553846,-0.8699909875546474,0.12566976373635796,0.0805553997682118,1.1694909302997658,0.23203365089328187,0.25823861958995664,0.11643528828431116,0.5596205268087573,-0.1865672182943534,1.6089716396082032,-0.13327184298681516,0.8090479684071283,0.4150944547143709,1.9239370403584921,0.347838384066268,0.3824520616000052
2018-06-01,0.19039687629973656,-0.9661910911738403,0.10282214657086897,1.3145729212509671,0.31457058493398193,0.10848662240547924,1.252107224456811,0.81945282369702,0.0,0.1497942979046485,0.004140664281404582,0.10049199470545389,0.7802380284183563,0.0,0.1546800053881192,0.1778425366687486,0.5235872667829433,0.0961840960662208,0.7859921110425105,-0.0977039647826139,0.20795632711037015,1.0790330018349614,-0.27460429532375485,3.416086702181609,0.26136995149776965,2.243565170696815,0.225038008966294,-0.7926065272414462,0.009674454610220096,0.0,0.6337245564516536,0.5398114223257089,0.982379240363862,0.3783643478762144,0.5720031938879266,0.41171871302649876,1.2533668876338666,0.35002156574854837,0.5848656262820384,0.6896019539855303,0.0989609185165996,0.6103928976759931,0.10603591520190747,0.1955034835803282,0.42194155427113245,0.4915030553595656,-0.10074869596836677,-0.894213067315075,-0.009415752561015012,-0.20232988389050632,0.33982318264733635,1.7544309650907586,0.16414815639604896,0.24844733276596642,0.5970166986504211,0.3854904305090834,0.06105791140855743,0.6355305456154703,-0.7751976804317273,-0.23498801543651027,-1.2463809042516871,0.6625674972137396,1.2296164009544697,-0.3098975945160731,0.6472514505617255,0.3079870915825289,0.5662729695742996,0.20539196515532154,0.348432408261079,0.40322635279332886,0.06428485252989447,0.6893183375312084,0.18963027789391518,3.041864520957027,-1.0612738296349455,0.056294421302371944,-0.1943635208566441,0.13241164701192076,2.206817241560266,0.0,0.23149650087006535,-0.07959271151287695,0.22142295350198182,-0.0881531963647042,-0.093414299179706,2.578892931869259,0.4095009817465467,0.9830652803374029,0.1591795671330054,1.1230110911354174,0.2311648823316581,0.3966181424880139
2018-07-01,-0.19039687629973656,-0.975617494536607,0.3823430694046337,0.7712717692192506,1.7828138093006096,0.049273221002010814,0.3295213496040894,0.7048009657863119,0.09420631878978014,0.522614292803425,-0.23036299745697875,0.3511586122415089,0.0,0.17873105740981998,-0.12655425029368672,0.2749805874011635,-1.1595194576121237,0.38390967666277476,0.4532531024954878,0.778971806533324,-0.01538935059990365,-1.936857232751521,-0.0041179358837517555,2.3985173499167622,-0.7199099992044822,1.217267473685979,-0.08799805016650453,0.4411123164969055,-0.08710380420069441,0.0,0.36017079677161945,0.5242948932881575,-1.7978802788761072,-0.046362262649335406,0.3549249511140218,0.3785493479487201,1.2322602537137683,0.2791566404197532,0.2761640507292995,3.3787785489388433,0.394867245541608,0.05214912886053469,0.0,0.29254043291055964,0.942909028885186,0.3013879119627916,0.0,-0.897064056476804,0.07530120837779819,-0.19148199604970273,0.11236922849864328,0.07902015425020892,-0.6873544657180375,-0.9140071939400585,0.5089069507473454,0.5345877515368969,-0.15451565132806877,1.2474983715884846,-0.1947420284394319,0.6182404510469475,0.16708441648232153,-0.9478743954543845,1.1258040205634146,1.138019804238688,0.7346222201978669,0.7699669616064497,0.9308928204223577,-0.055362116095469815,0.39672752258121946,0.8016074988233868,-0.6117509689513412,-0.29484050842958354,-0.13969269882938562,4.238840455479309,2.0163909280691783,-0.1468340435995863,0.1943635208566441,0.14427586778467116,-1.0182253336142644,-0.9170391018835211,0.5190819987276996,0.10794404581968564,0.4074272128851142,-0.05310572034593619,0.37313476128533196,0.5496344890534743,0.3467622036627205,0.5939262793241973,0.006771983554187955,1.0393940509866972,0.8051491678794598,0.28422731963167136
2018-08-01,0.0,-0.9852296443007447,0.1395674948932779,-1.0234551560333927,-0.028051802512507606,0.1673475805229252,-0.08997104664043576,-0.4331354903671425,0.0,-0.07447869970738097,-0.016206574568489174,0.18007227038339124,0.08631852068132773,0.08924587830199116,0.11957552549342054,-0.06530426316508908,0.655740054615972,0.09572364932584065,-0.04812088057732922,-0.38872740884015045,0.030776333242243936,0.4544788734658134,0.2691260601991097,1.7666244277716459,0.14271712790749902,0.27660282890300536,0.1466204260514914,0.08798944694401456,0.4829527401207123,0.5649732542119423,0.2225145169364673,0.6643604911623413,-0.3305323968832319,0.054915210352479704,0.44189201380380183,0.4398373411862444,1.2184113396203067,0.06964404646110367,-0.05217179815160122,0.0,0.2951305634580237,0.18118084627873898,0.10582447119515948,0.38872740884015045,0.9341012393138115,0.0671312033248661,0.6030736539586634,0.30838165768383163,0.02822334089032097,0.8805438982889768,0.01769168828671397,-0.9523881511259269,1.350850336963827,-0.08350731174209258,0.4221196643623415,0.5817377510897614,0.07823605845258541,0.8776846676646244,-0.6845992507994225,1.3685453085254373,0.16680571006943978,0.4750602758598177,1.042618291807873,0.11500863832374364,-0.366636524357844,1.6765880352705764,0.20520888289281558,0.06531267132050544,0.16483973072318747,0.8941937375668729,-0.3459927135169849,0.19665689720440582,-0.13988811233982545,3.9032943477773863,2.2557347424075225,0.42081644127147655,0.193986481782904,0.2543546337379965,0.7391016646390192,0.07754944165299094,-0.21213849940089347,0.05716530599491065,-0.19803298199843056,0.26845427655342036,0.0,2.269441823539431,-0.06110602084428152,0.6713978331288395,0.05556937358539571,-0.2823583941634844,-0.11467370395150667,0.2917545452995445
2018-09-01,0.7597059083280122,-1.8165803806563297,0.0,0.336103388009068,-0.06548482389412413,-0.08856089139746004,0.47882805622512237,-0.16291070667966423,0.0,-0.37332250394568334,0.059477116895934046,0.3392441706055571,-0.6926434617864352,0.4450385627472464,0.16150586171299608,0.220619169410341,0.8578665242047201,0.191268340991968,0.7193930598403675,-0.29254043291055964,0.07689941935451472,0.31985855088292325,0.391112794132642,2.4991987803426596,0.2437034467754451,1.0968515996500727,0.21465517072316587,0.4387896465420482,-0.21221190562572545,0.09385265822636768,0.0945208142639764,0.3386788940512808,1.992206381569872,0.43908847821265695,0.5934735519812051,0.03134304993492876,1.4526314970506604,0.27818598703905906,-0.17917164226712856,0.0,-0.39370129593390146,0.25583895452578886,0.10581162358853646,-0.48614582862454014,1.1299555253931004,-0.06847560777858419,0.10014323876559317,1.0130220402844614,-0.5186978197147418,0.7602858084369224,-0.1674440655079934,-0.8006447893735391,0.22975311657376096,0.25031302181171,0.33641747456281124,0.4219771789555793,0.6621022458203285,1.244189694756237,0.09808730555951328,2.0183289653269654,0.4158010148661795,-0.8567401285299425,0.8288862558638144,-0.4319661144516651,0.5494519317641,0.5903061656938213,-0.056717786909299406,-0.03582663359891214,0.1974496733635256,0.9842599144192832,1.121497679938166,0.3921573653181909,-0.2202203092206645,3.0222184575944055,0.6576838119963568,-0.025058762930374456,0.6760045057717434,0.05010580612800908,0.44085302847660657,0.4158010148663571,0.4570472926715752,0.15205589065168112,0.2178056945995266,0.2929117501397904,0.09306654929535085,6.113988732899234,0.1628664855124029,0.4952370567498754,0.11611642632720631,-0.6147098885989521,0.5718046856160619,0.37632888444234247
2018-10-01,0.2834436881392399,-1.3844245111342524,0.6762068961698731,-1.1624767637964162,0.05613247410902744,0.17704342187148114,0.4489345362594044,0.16291070667966423,0.6376987192288297,0.29878829212393043,0.1766418774791667,0.35805153646659704,0.17361115471734578,0.4430667416489342,0.11924009289367987,0.3728052978663854,0.4310773796104783,0.19080789055214709,0.6762896662284135,0.29254043291055964,0.22267448829227376,1.1867981352596146,-0.047025109456289016,2.557647731285062,0.920636887902404,-0.26039877733836647,0.2433683362297323,0.6110887632801543,0.10616224516839523,0.09376465759638464,0.2726540011792622,0.47255646293731246,0.7696211537314923,0.05529649336279974,0.3354728933863349,0.5625014831617925,1.454754853735185,0.5540610597337015,0.27604047069518245,0.3316482300142809,-0.09866799024456085,0.5648009042040769,0.31656734060589997,0.0,0.7124712072125838,-0.024943344630923292,0.29982939856418866,-0.7970172703337219,-0.009455817697912039,-0.17981049905273494,0.4150806692064357,0.4011236826450215,0.10512735712788768,-0.0833680748576704,0.3352895010312551,0.5169438686196237,0.3498813680699264,1.1772739496644924,0.3913899321132064,1.8850699570796436,0.1658375172773674,-0.6714653525641268,0.7405015814724081,0.35530838743209614,-0.18281540740625601,0.6349227678659197,2.3079772588334713,0.08063924327155192,0.12320836089756426,0.1956947786955432,-0.08997856037993301,0.5853675251456636,-0.4821706980953522,-0.6815368133831434,-0.6390981786370986,-0.3072291573224639,-0.1926782869695387,0.22976373013490203,0.4389180418763239,0.31793465771636775,-0.12697452510437301,0.2531558946802015,0.18114306194014773,0.05847953382964732,0.4640379556504648,2.633603721270461,0.07117076198941419,0.2306311194181454,0.1765465633305041,0.27526395554842154,0.45505079987000485,0.3079836304152992
2018-11-01,0.1885171053123358,1.2009382211232378,0.156852993910217,-1.4532240358279935,-0.3560389781864792,0.2649788095400396,-0.21025061544186485,1.133003757570883,0.3927553636525971,-0.4484704823146224,-0.25549127329762555,0.0,-0.09537435153159635,0.17667849118785384,0.11909808021535184,0.42172888804818953,-0.19571392879971228,-0.6695225093697132,-0.11398177525787645,-0.29254043291055964,-0.3534387083022672,-0.44766752783145236,-0.25313914291977824,-0.7675358166838286,-0.10933820921881221,-1.0949055423422394,-0.019447685786655455,-0.3487361860416094,-0.2124373143468361,0.18726597232916475,0.254444805690035,0.3336761834225044,-1.5145818173007974,-0.09789086390643575,-0.29165168321947377,0.5283617575298827,1.3780649868754047,-0.3459048440378254,0.267942435321622,0.0,-0.4948055617369107,0.24761689653090002,-0.31656734060589997,-0.19512201312616995,0.0,0.6369222879242464,-0.19978634615993585,-0.18012275085235174,0.8568387246067566,-0.7132287210828814,0.038483945582701296,2.217034590696443,-0.02866013872013795,0.6650066070021055,0.5840650729542318,0.8471108592394749,0.33366871951825416,0.8448525198668122,0.38986404156613474,1.4828816673461809,0.24824174932556176,-0.48239360308448553,0.7978245964872066,-0.23993485285753735,0.45641338929369724,0.6149933524138618,0.11081750345622865,-0.4374251710331123,0.1558463178907843,-0.29368596733041485,-0.4485000449943044,0.6786259684364637,-0.21168295793270175,2.029685013450866,-0.6525612790560409,0.16377222246068968,0.28887839058917564,-0.17717218460386874,0.21873869458000073,0.09614460888682785,-0.09678308407163883,0.16293439851171598,-0.1992754282635012,-0.2243575052213842,0.27739268827273733,-1.4534147928439545,-0.6219115727174263,0.3636367643384375,-0.335536130010361,-2.3177881996631733,0.11341889413385431,0.029208999629092545
2018-12-01,0.0940313685995342,0.0,-0.23989380191311582,-0.057421764425935606,-0.5270104424236699,0.3424493342226498,0.14984988220767548,-0.1073537408520231,0.09315324381145018,-0.0749251968643172,-0.25703761880846443,-0.09935556433653403,0.7604599385222066,0.26443382530931814,0.30059129737276535,0.2101993565657878,-1.3609677520866725,0.0,-0.2474071106879805,-0.2933987434787788,-0.21574981400185322,-1.0244936547041839,0.09912597975292314,-3.4491725276575735,-0.45006860505454327,1.6529805662228725,-0.11676560633864241,0.08729812863448316,0.01933114253072077,0.18691594227036035,0.5262201896761631,0.676842001391087,0.10387323660774328,0.19448182435848338,0.13134853026732785,0.1858160955831245,1.4493007302564642,-0.34710549997747364,0.6148907764884193,-0.3316482300142809,0.0,0.7316278061447079,-0.3176720099856034,-0.0977039647826139,-1.019376818954143,-0.4453937873089231,-0.30042991715744094,0.6527810401257383,0.07497657333370711,-0.34487427628882017,0.02456091635183455,-0.4709584843090475,-0.3253902765719019,-0.7484442422140525,1.4044014386121795,0.6984288191961063,0.4836576123374847,-0.8087150711469704,-0.38986404156613474,1.097906728241238,0.08261049623081718,0.19323677510545423,0.7361848451659547,-0.09613536598891415,0.0,-0.976163936438823,-0.4140615908750256,-0.4271168048918028,0.18833168309644321,-0.589972212719303,-0.23508759315324923,-0.29027596579664916,-0.40444948965054905,4.377194432546716,0.6432688941581333,0.07626846869364101,0.09610764795482396,-0.469472183196995,0.2182612725317945,-0.5782591286788374,0.44389990673456836,0.057338846849841474,0.009028247092324193,-0.6564467799752727,-0.09237875945640184,-0.40539025749462,-0.5023848163163258,-0.385068397510846,-0.3198715706936639,-0.2181808716636091,-0.11341889413385431,-0.013286454301004042
2019-01-01,-0.7554019422159719,0.9140831470659805,-0.04625687757169317,-2.197039738403106,0.6958185102697634,0.22440128446774565,0.31949838892204596,-1.188560723398524,0.2995508979798167,0.1497942979046485,-0.2624692956700869,0.10928569358670259,-2.298951822469686,-0.26443382530931814,0.5966994179102514,0.05120118079302571,-0.9477798288270556,-0.7707809408207034,-0.49665813648553936,0.19569477869616492,-0.1698448644229522,0.3835755870896129,0.4643763212208718,0.6008349393792578,-1.286338277678034,1.4227858539715754,-0.390206328686471,1.2142386825728657,-0.4455644721257812,-0.6557400546158831,1.480804400617064,0.3867569465944243,-1.7821957154762202,-0.036045331367429156,1.340065687442138,0.030935808444354507,1.605743689586081,0.277705767392078,0.32447552102583543,1.9736738819121413,-0.6968669316093745,-0.42345285938907296,-0.10614847071481748,0.0977039647826139,-0.20512827705552183,-0.8491251979012127,0.0,0.3478682568039737,-0.40694268509939846,-0.10518156773597909,0.8152229153041368,0.15723273679544292,-0.8858136104014314,-0.250731430978135,0.4093333590999393,0.08538889459686061,-1.712108816001301,0.09457432592530068,1.357925812638161,3.3992539346914263,-0.49668976283374633,-2.0478531343542272,0.7351391914481198,0.07691568497651957,-0.45641338929369724,-0.3624797557034043,0.9917295949248839,-0.27228421616714016,0.05724800810629205,0.0985707324759666,-1.2102883478395832,0.0,-1.0592887805919382,3.503295067974488,-0.7930255675974607,-0.3003925442799371,0.38350957839403677,-0.04988261030742791,0.5797117684324782,-1.1079907304782033,-1.0023469923459594,-0.1514682183386462,1.028171128369415,-0.01966181681440915,0.2768806568127502,1.0581440781449736,-0.10283834719571061,2.1469721270479525,0.1904826212772548,-1.6486734334366204,-0.11363183586627912,0.023321951846069684
2019-02-01,0.0,-1.005952698772905,0.3230707637323249,-0.4118460420278858,1.257058314776227,-0.1462915363060091,0.4290012311845004,1.4031530804261116,0.1992032531240362,0.6714054862022145,0.38805191442854436,0.03971065919046168,-0.19398648178299283,0.26443382530931814,0.5731204447021909,0.08186739985909242,0.030067652443754866,0.3861330976454802,-0.6339469891329941,0.48756800634839337,0.3701994047432322,-0.4870978166402473,-0.2296104527809817,1.727356653908796,0.24420392229771437,0.31622081924300716,0.47779331302164607,0.6872879287756817,0.04852720044761227,0.37523496185505323,0.4367560254300962,0.563180994128043,0.12961257098531576,-0.234149470704903,0.13661695455775558,0.7703011436557716,1.6674366142368058,0.5532949186846992,-0.08097586554711711,0.0,0.7960241038388993,0.19271770238180608,0.10614847071481748,0.09760859730558735,0.0,-0.27082407728942215,0.0,0.8132983230186852,-0.6769927959520139,0.43095386614790954,0.04865943359062541,-0.47244182362655707,1.5069632973378155,0.0,0.48899852941888255,-0.0281430638771063,0.7504086874785543,0.6423423323942856,0.5763704716751583,1.3106347505300597,0.24865325700051955,0.0,0.7274469629795277,0.8803042208063161,0.8200501536321347,0.24179910225452517,0.6332876016046818,0.0896313969056095,0.14705885003261088,0.09847366625406195,-0.22091077424555294,0.5797117684328335,-0.17422499923362977,3.2815089413154475,0.31796529173799826,0.5678755102260347,-0.6721100673075853,0.17863132345894428,-0.07228045128577776,0.7691222259264663,0.7459562305728973,0.6377746261088113,0.13461861249348672,0.235687038295751,-0.09220839749621845,0.16064586217199306,0.9727205146377926,0.9707800664887856,0.42180219447507383,0.6844851361958781,0.7923905972672785,0.3520152139389289
2019-03-01,0.8494389677584202,0.7326040092071828,0.30358504055367774,0.4998785219142654,0.12022010973051778,-0.019521717972903474,0.7471844181159426,0.4278081391076327,0.09945301665075235,0.6669276804577962,0.5310875665995418,0.47503006590821073,0.2908387895956821,0.4391750580983178,0.4333785363678011,-0.14536076591085134,0.828306716694982,0.38464784317522316,1.4635107452909857,0.09722898189385987,0.6522179268479533,0.9327509942889556,-0.2116798573219114,0.8236679463241359,0.36176102748353145,2.1810951856862104,0.06807021218735443,-0.6011181690275258,0.8021304182362243,0.1870907935811239,0.8023033025398973,0.46586074403167643,1.8028699898428258,0.10042305955684228,-0.043122036027742894,0.39822383763947755,0.6938449344922937,0.6872949486156799,0.11040538516313703,0.6493851730837719,0.7897375694950526,0.520661330854999,0.528861152149851,0.2922554442601921,0.81800047119307,0.35924814568764063,0.0,1.5304174235120982,0.8533379748890013,-0.19150784050561143,-0.4290178187135396,-0.23706056143391052,0.16182003435956105,0.0,0.2436054797884779,0.3844745122763449,0.3683040679147709,0.8601448382064447,0.0,0.3466207976486224,0.24803650583322678,-0.49382816405829644,0.7835215481178714,0.380337056372948,0.1813237124181022,-0.10470783446283605,1.4083268350207234,0.4127407998331556,0.6672115882838447,0.09837679101334373,1.7557999471328856,0.0962927373395317,-0.10262726680680956,2.570918726921523,-0.6369448285481027,0.019007127730397144,1.2446307151115832,0.22494842574287688,0.0,0.6958566785510101,0.23231120279429973,0.10459331804275607,-0.07407759098470024,0.4111203911210559,0.18433184942834302,1.0230763833353862,-0.6337545488740659,0.5490534874618369,0.5625089049332566,1.6396224338299348,0.7860782590745075,0.45629544784344617
2019-04-01,0.09394867899272796,1.449300730256553,0.05514051007065035,0.46820218186987006,0.1477650804513786,0.1365720629796563,0.568377905365125,-0.26716553428052237,0.5946499187725607,0.44219115341013193,0.18777131652800705,0.26627823781577575,0.38647391098951545,0.3499566126260234,0.49470041810799614,0.5598077771426624,0.41654329790654643,0.9550534336038474,-0.5427292541160256,0.2911210207458659,0.5263370783980648,0.014658099848219308,0.17141834723073401,0.49618503869677255,1.003478791609158,1.7993610627507373,0.5815660473921014,-0.1724138358140337,0.31714023986282314,0.5591813265778178,0.613577177646718,1.2855010482448748,0.9847659286321253,0.14298483222496827,0.6020228889978441,0.9129704314805309,1.7138380066600511,0.8864241287628083,0.44067134962464394,0.9661967854625253,0.39254221161053593,0.3621691845237862,0.31590054397732104,0.1943635208570882,0.10178117926997743,0.48823526583774424,0.30042991715744094,0.786314065517324,-0.15425301811822223,0.36253158118970674,-0.12710830359585756,0.7095023850604676,0.18054834571481493,0.5840650729537877,0.16207458977284261,0.053099077603135925,0.5063568195042834,1.2571238535666218,0.0,-3.9705259592693665,0.0,0.0,0.9397126713038162,0.6715560826116018,0.36166404701880595,0.578547214383196,1.2577226059915958,0.28033260357807066,0.226812571921009,0.2945510229759307,0.5829650724695767,0.2883231214083182,0.05132679884809477,2.762435402935548,0.24218951048622372,-0.21930162750836146,-0.8600148563639998,0.157377673351089,0.6486509229605808,0.777094139352652,0.6968079059586962,0.2326640865751628,0.1520684310469811,0.4386185695683942,-0.27662534928847293,1.6789403388631108,0.7457765576353914,0.4278246777064787,0.5281110564100189,-0.15918466432500722,0.5576899007127878,0.411753967640094
2019-05-01,0.18763298124975236,0.4486324258675012,0.01834253862167401,0.5144393776859602,-0.1662510773613235,0.4571325375342994,0.129873585923157,1.328746629046229,0.09876544012721311,0.44015177341645284,0.30661943733365504,0.5989272211658125,0.38498603854382196,0.0,0.3141928812992134,0.13539447154666817,0.1384630821554822,0.18999688104663903,0.5666466291793348,-0.09694620245479513,-0.03043676785043914,0.9820682750831367,-0.004207697469649219,1.110514457470746,0.19439454247791588,4.188957110197666,-0.1741149598317726,0.4304784951624896,0.10549029988098368,0.27842245364047,1.0850946740762701,0.9413479572324412,-1.1131465365394,0.1338628552044696,0.2640312662412825,0.36286704467087816,1.4340186692271217,0.6091636325434635,0.6791688797599171,0.6390112968535533,-0.09799118863487166,0.23053847053828846,0.6289208482410658,0.0,0.8105414182821846,0.13406467715562087,0.0,0.7415725673819651,-0.08467799348661487,0.17168367553699326,-0.14686447051612816,1.0937609038718321,0.27494684303368544,0.6633523495637839,0.32336325670661026,-0.2882762663663385,0.12703490356855696,1.064098717959805,0.0,-0.8133799926770102,0.24742280663518912,0.5923018303122696,1.1052304188393869,-0.13206303211719117,-0.2711253355375476,1.1867448426080784,0.7796435189257878,0.08940775326529149,0.0808799785268377,0.19588644853261172,0.0582924366466564,0.764822083825667,0.03078343875300149,5.074221682986746,0.03869594708261204,0.5717785647289197,0.0,0.1252005391345179,0.5016133771117204,0.8753623926234688,0.2511226195159644,0.012449419600013556,0.17491079636604567,0.4754290233992542,0.0,0.9451599301360858,0.14239221283034453,0.3952675765591884,0.21263169514496028,1.1187216972794012,0.33315997519807183,0.4277117138355063
2019-06-01,0.09368463254917359,-2.630537165331237,-0.05513039404059228,-0.2908669880833159,-0.05547850350309247,0.1551440241377655,0.01000236833776924,0.15826961889882085,0.19723872272043863,-0.21983371992417844,-0.029688695145235755,0.0489557831271803,0.5747142255566828,0.1745201141032382,0.2669896704407648,0.274298425618813,0.10865808349098671,0.28417829134435024,0.24161146752863516,-0.19417481829107075,-0.18281540740661129,-0.2809943227700451,-0.03578829101584802,-0.8010156720567707,-0.11760464322199127,1.404274665490668,0.06774740157498016,-0.08594757727111713,0.2393376280106274,0.0,1.084980825480919,0.43935579521088286,0.47719209204961643,-0.37846896990210155,0.8232835713408271,0.09051139552855858,1.825776857356498,-0.202581615197861,0.5515916013534294,0.6348711294895892,0.19588644853332227,0.3736090437351791,-0.5237764422190594,0.09704027932784243,-0.10095912013516894,0.5142928955282677,-0.200186291169846,0.39988431638731115,-0.47174349208161104,-0.1616718186295607,0.019594396065780728,0.38774767464246906,-0.06629729844576104,0.16515280384723496,0.6436064050896917,0.06391639647649328,0.09029382447174328,0.5838940568914985,-0.9624713374206451,-0.18165309263977747,0.0,0.49091900262387966,1.0687198353088512,-0.09443763096799174,0.09045681304264974,1.1336918776999383,0.35717222807374327,-0.33171375587235374,-0.06469874871797288,-0.09789525989774006,0.030525147967264132,-0.19065782705851575,0.22545613157278765,4.973897856716647,0.41503848004786903,-0.28648023466013584,0.0,-0.13993809942336455,0.2855105436981198,0.3498986973281326,-0.14342141103487194,0.08170921027135236,0.02266076447980936,-0.3587882636748141,-0.09237875945640184,0.026589343500660334,0.32470855521227193,0.6383598012528857,0.019989135601239383,0.39652251676924877,0.33205370413984525,0.16479001000416027
2019-07-01,-0.3752662927916539,0.6413214834709358,0.08263789510198905,0.22307365828702075,0.7188308530666099,0.22638352791304328,0.18985515522338403,0.5257635665405935,0.19685045726713923,0.5121956091777236,-0.5173885541217338,0.2247988208678109,-0.3827755869760807,0.26121042279276807,0.2187482801001117,0.731833853567565,-1.261752370794067,0.47193735843489293,0.4252711602401149,0.5813969865419821,0.46400265807182706,-0.7010739523130916,0.09129260523401683,1.7403719870164203,-0.6220363273733653,1.4214025075760972,-0.27126542501276774,-1.6471980578925738,-0.19142425447169487,0.09263548601312621,0.3492322490362909,0.4830615985543574,-1.473036214664436,-0.042569189740593316,-0.05656108748075539,0.2710436834771457,1.5504186535964415,0.202581615197861,0.31076857715133244,0.9448946250901535,-0.19588644853332227,-0.22036365256967727,-0.315666751557675,0.0,1.0050335853500236,0.03709499545312411,0.0,0.29761995425685583,0.23801036441293277,-0.3060525790969493,-0.8065353054719893,0.1546790718293778,-0.6844783829848211,-0.8285051534110188,0.08016032493349812,0.37495020388575995,-0.3683032880425152,2.4848930043569695,0.0,0.9049835519918226,0.08233841552085508,-0.7866313915982914,1.0062738108023161,0.9965298224298813,0.7207238404949301,0.6320985578456728,2.2593496028104454,0.2204407230625982,0.23433407353632418,0.2933987434782459,-1.3142614067106706,-0.0954654010445033,0.2760032419121927,7.442498172995826,0.25972791282944385,-0.4518479822930743,0.7648220838260222,-0.25793543944301334,0.2846977011925489,-0.7105330447206626,0.39680773724573015,0.10862081691760395,0.06439140654102005,0.0582694005029083,0.36900410874487477,1.3472015979546725,-0.11149968212071926,0.7606913297498075,0.16688282091150697,1.5309075899410551,0.3309547556083814,0.2784823674143106
2019-08-01,0.09394867899272796,0.8185584586441585,-0.01833749327904144,-1.50320058393838,-0.38642057468276647,0.5003146701254124,0.10999885668061538,1.9216379419964014,0.0,-0.1460741003220356,-0.010146568670688083,0.18530741707003529,-0.9633985881139395,0.17376198985337155,0.08457524294041008,-0.09874752674088327,0.2994910893845848,-0.18847002828135118,-0.09434853044467673,-0.3872221682509114,0.340922334826832,1.0449415874340673,-0.10419747909473642,0.6524591643949584,-0.05561243090745904,2.3428610498783975,0.40662269212594637,0.6100236782141444,0.45880409291187974,0.2773926882724709,0.4128350241963119,0.712934950961408,-0.547677403120872,-0.013104249616535668,-0.866544239029654,0.06013229285217747,1.6064602503807812,-0.13500880063892495,0.11532414044728156,0.31296394797699634,0.4889985294192378,0.2802048156929082,0.21052234553566862,0.3872221682509114,0.7968169649177348,0.07018689614168849,0.200186291169846,0.20335740365258204,0.4672698943598341,0.23966956384322557,-0.08891963239650025,0.23157092556003178,1.1664981244502215,0.3322262191984393,0.32000027306722245,-0.016401647641473005,0.14331889845138335,0.4252934339086245,0.2897153161153021,1.6086137751623042,0.24660924951938057,0.3940891799876667,0.9808915907535187,0.43869954150448365,-0.7207238404949301,2.5498655107708323,1.6256614268251646,-0.2758175945792196,0.11293055971535182,0.09760859730558735,-0.11520570452603351,-0.09555662456701697,0.19376886385007452,4.256574380644285,1.8937317419184474,0.6226370992991725,0.09519277253797753,-0.35942718477643965,0.3547360938800814,0.37010718404051346,-0.42070008126859904,0.28790617355118897,0.04464485095843074,-0.19436352085682174,0.0920386627329961,0.8550263617189025,-0.0202860331357968,0.8802209586757037,-0.004988577083242518,-0.0810604839004192,0.21997530482904537,0.330823060374923
2019-09-01,0.4684239850010208,0.9017193650187494,-0.4599988523043663,-0.20674385902035297,0.3037417770832995,-0.08146785449874017,-0.039978090890357976,0.9726209256077034,0.09828010619150618,-0.439506939846801,-0.10970776747987188,0.009748223081107454,0.19342365798342698,0.0867679013223821,0.22819536150420205,-0.09783601649795415,0.5665737535676563,0.0,-0.0755429686536857,-0.19417481829107075,0.3774443976756636,1.215805841065798,-0.011962062521053696,-0.02735746350737145,0.0,1.6898728101689464,0.03863987683319081,-0.34812915925135357,-0.34390557395207466,0.09229349986012991,-0.046017211248816636,0.5443900420226022,2.0882498155319063,0.5522240076828666,-0.5866797967983395,0.1501727268252928,1.5810606026638752,0.06752718453810758,-0.2741993342518789,0.623085926966116,-0.19531256208820125,0.0891942992987893,-0.21052234553566862,-0.5813969865419821,0.3960401216093423,-0.3305591427692711,0.09994306630183303,0.15176104266139134,-1.2965365604840962,0.37045615087833994,-0.06921441913707582,0.6915125519933341,-0.15097191016231193,-0.24906613124588972,0.15961695328226,0.26201976126811743,0.32802341485416164,0.45992606593285856,-0.6773127005850199,1.757514482150846,0.0,-0.09837679101325492,1.0378245796350605,-0.6259655138336484,0.45106075573499993,-0.15177964513579667,0.7675606427583581,-0.047490309722419966,0.040301455427371735,0.09751341582076023,1.0946213891842582,0.2863963771426725,0.23406106447207975,3.281397154315968,0.4128153536366419,-0.06188983806740822,0.37986750332139607,-0.14764911596367725,0.494525910685617,-0.189627439016693,0.46538714893138433,0.10684746294495895,-0.13654656184654002,0.09722898189341578,0.0,0.9883472130009174,0.15204503461268004,0.5144738002868188,0.07831041984136533,0.08240602925200236,0.3291394289044902,0.224670055802934
2019-10-01,0.18675693697263185,0.5371543801910406,0.3589897723602853,0.540568420379195,-0.451343279895422,0.448841765833663,0.10003882076539128,0.4067112876263934,0.0981836112256218,0.2932191509152915,-0.2251147998953762,0.8152106519109914,-0.09666506311010181,0.43271378638856106,0.1584596139593053,-0.07268249176739516,0.3956875278418259,0.09427941532358375,-0.16071854085826232,0.3879733285589104,0.6683462718616084,-0.10513740514506154,0.5193753644930688,0.9912435696661781,0.9658255558451678,-0.17058424781808412,0.07723499128866607,-0.6999153682190062,-0.0382848396712987,-0.09229349986012991,0.34002697834836226,0.4417737443729308,0.12974170671444796,-0.16268264282750522,0.6936278658849382,0.2398082684018199,1.7107726723917693,0.6058827726662663,0.021667803078351255,0.9273691741534584,-0.2936859673310366,0.36187588159073414,0.4206024253966767,-0.09722898189385987,0.5911347263059419,0.36929849777891377,0.2992312758937743,0.33145996611256834,-0.06479540722414967,0.24722196574362698,-0.1881095549986611,0.9904842880935405,-0.00944331649979091,0.33195051228585015,0.23894873973802078,0.5382624134004033,0.2964430029436471,0.456283171644678,-0.4866189651171027,2.1543271773964534,0.16406894574574338,0.3929278139889192,1.062571887495345,0.4301886368700103,0.17985616359146306,0.6736580750059673,1.796782968432531,-0.05237992451672113,0.1369035849022815,0.29197101033364703,0.037356759408258,0.38059037376783067,0.050810427392811164,1.9982860293244364,0.3824895200881251,-0.21691657220701543,1.0372558815626043,0.04005708635057559,0.6322465739486915,0.06641051427607181,0.02676535981578354,-0.05374642804509833,1.3230133566634272,-0.1556117800878276,0.0,1.982387681528408,0.020255215787301495,0.7494761475290268,0.2283013387747168,-0.18592722937995632,0.0,0.3430742230764799
2019-11-01,0.18640880549618544,0.7117467768863683,0.06432400239217984,-0.7477405953016714,0.009231479351434757,1.108687484749904,0.5086962347869317,0.5060739545831083,0.09808730555915801,-0.14650210365809713,-0.13323397982878404,0.07723031731305952,1.0582109330538714,0.2587323564953614,0.10492195687419326,0.2088199410056113,0.30558454456741657,-0.7568308783761246,-0.27476449139980375,-0.19379851026783967,0.37352501220455636,-0.6187218471792377,-0.7061844277127527,-0.3013310493901855,0.1692349926947223,0.6303123668467414,-0.09655306340512482,0.17543864148938937,0.057421764425935606,0.1845018973569701,0.6401485052040634,0.5004620821419614,-0.577725524035344,-0.04462094581203502,0.44084257970782303,0.29895388483645036,1.7577831263974275,0.0670741293953725,0.1444190471990403,0.9188480005311916,-0.09808730555915801,0.12247753995993094,-0.4206024253966767,-0.19474202843960953,1.3658748931041131,0.06857378632156852,0.09954511251759612,0.5980548537158903,0.355982981640679,-0.5613069582756758,0.3561186867750088,0.7552905995932058,0.03776791660419221,0.4133945531726191,0.2383791355274667,0.8034144495502993,0.334557748504416,0.4173018090942726,0.5836592444453004,2.192330637403739,0.08193363833974843,-0.4914014802428923,1.0184778752370782,-0.4020763750534506,0.26917916657112073,0.19594549942603123,1.3381727025779888,-0.014888920093802938,0.10456465863279973,0.2911210207460435,-0.1475827337929836,0.18975337761943933,-0.13216084880012247,3.89556034243288,-0.3317312951035767,0.32370247663671137,0.2810306299255494,0.11959302123347726,0.2797204621058924,0.07584376548619431,0.09525265973664432,0.3406219590181614,-0.2975525385886968,-0.12661311650079554,-0.0920386627329961,0.38035119326274014,-0.4058858946162758,0.419432654573626,-0.05361688378524576,-0.11993262803464688,0.1094458340263671,0.2376914450294683
2019-12-01,0.6496154077895611,1.3210231736807465,0.12843147326719873,0.5220400922485879,-0.7691276389758528,-1.5515728510116844,1.1435372471272132,0.7543410172852205,0.19588644853332227,0.0,0.02988675712334299,0.10621613366437188,0.4773278752660204,0.17211708207662824,0.25972250634369587,-0.11797507758615211,-0.16746297564749213,0.4736310522289955,-0.2755215272002509,-0.19417481829107075,0.20112487691594794,0.024052916531935864,-0.00818690243695741,-0.1534879034669423,-0.07234457655078685,0.6002563297736074,0.12550081291982096,-0.43917505809805135,0.4391415171741464,0.0,0.27309985112342616,0.6303198765074569,0.6583492404926616,0.05354274623714517,0.6012396537906639,0.41703962737251743,1.7274180942818518,0.26793789485966,0.3385357218661511,0.6079345555876081,0.19607849419402967,0.1205192243726394,0.0,0.19474202843960953,0.38684767779182394,0.17368673987308014,0.0,0.7070237632768261,0.40404340465141075,0.2389619393456499,-0.08891084804041327,1.5677812719233408,0.1415027829147597,0.0,0.5540180375614767,0.5565964825144043,0.31325256765342147,0.28629552009427073,0.19379851026757322,2.226896146864288,0.16366615764731307,-0.29600416284774056,0.8506008103483786,0.06556456002213551,-0.26917916657112073,-0.23367138360246287,-0.34096947426665025,-0.16191690181139862,0.11248595111794657,0.5797117684323005,-0.13254758555678592,0.5671092703813052,0.223554609922072,2.073812548144449,-0.7278443308575966,0.19033483740473756,0.0,0.10463608407871305,0.13956736389770796,-0.16123681588613437,0.3916130012152408,0.27489052397857705,0.273099851122538,0.009745163970098503,0.0,0.7405369697658593,0.06098800758254086,-0.02954937229127097,-0.09099336892557375,-0.8128822943130665,0.21861382023393716,0.2352429762509726
